general.host.enabledCheck	BOUND
general.updateUI.updateRadio	BOUND
general.updateUI.updateNow	BOUND
general.editor.updateNow	BOUND
general.editor.layerList	BOUND
general.editor.setList	BOUND
general.editor.assetsTab	BOUND
general.editor.populationTab	BOUND
general.editor.paintTab	BOUND
general.editor.transformTab	BOUND
general.editor.spacingTab	BOUND
general.editor.statisticsTab	BOUND
general.editor.refreshButton	BOUND
container.properties.consumerList	BOUND
container.properties.widthSpin	BOUND
container.properties.lengthSpin	BOUND
container.properties.labelCheck	BOUND
container.properties.sourceList	BOUND
container.properties.assignOwner	BOUND
container.properties.editLayer	BOUND
