case,arm,repeat,frame,start_ms,end_ms,step_ms
"artist-mesh-20m","retained","1","1","204286231.83950001","204286249.1564","17.316899985074997"
"artist-mesh-20m","retained","1","2","204286249.412","204286264.03420001","14.622200012207031"
"artist-mesh-20m","retained","1","3","204286264.18520001","204286296.6516","32.466399997472763"
"artist-mesh-20m","retained","1","4","204286297.20829999","204286336.77000001","39.561700016260147"
"artist-mesh-20m","retained","1","5","204286337.03799999","204286365.64570001","28.607700020074844"
"artist-mesh-20m","retained","1","6","204286365.93000001","204286413.4506","47.520599991083145"
"artist-mesh-20m","retained","1","7","204286413.72299999","204286468.04530001","54.322300016880035"
"artist-mesh-20m","retained","1","8","204286469.042","204286500.79620001","31.754200011491776"
"artist-mesh-20m","retained","1","9","204286501.02990001","204286537.25029999","36.220399975776672"
"artist-mesh-20m","retained","1","10","204286537.49489999","204286569.9993","32.504400014877319"
"artist-mesh-20m","retained","1","11","204286570.22749999","204286619.60280001","49.375300019979477"
"artist-mesh-20m","retained","1","12","204286619.8224","204286652.1733","32.350899994373322"
"artist-mesh-20m","retained","1","13","204286652.42320001","204286684.99020001","32.56700000166893"
"artist-mesh-20m","retained","1","14","204286685.1604","204286734.60100001","49.440600007772446"
"artist-mesh-20m","retained","1","15","204286734.87360001","204286767.77489999","32.901299983263016"
"artist-mesh-20m","retained","1","16","204286767.99270001","204286817.74770001","49.754999995231628"
"artist-mesh-20m","retained","1","17","204286817.9743","204286850.70050001","32.726200014352798"
"artist-mesh-20m","retained","1","18","204286850.94420001","204286884.61750001","33.673299998044968"
"artist-mesh-20m","retained","1","19","204286884.79800001","204286917.87020001","33.072200000286102"
"artist-mesh-20m","retained","1","20","204286918.0851","204286950.5553","32.470200002193451"
"artist-mesh-20m","retained","1","21","204286950.71990001","204287001.65619999","50.936299979686737"
"artist-mesh-20m","retained","1","22","204287001.85710001","204287035.2146","33.357499986886978"
"artist-mesh-20m","retained","1","23","204287035.45179999","204287072.15290001","36.701100021600723"
"artist-mesh-20m","retained","1","24","204287072.38870001","204287108.04139999","35.6526999771595"
"artist-mesh-20m","retained","1","25","204287108.2421","204287144.83059999","36.588499993085861"
"artist-mesh-20m","retained","1","26","204287145.10010001","204287180.05019999","34.950099974870682"
"artist-mesh-20m","retained","1","27","204287180.26140001","204287236.2658","56.004399985074997"
"artist-mesh-20m","retained","1","28","204287236.51190001","204287271.30860001","34.796700000762939"
"artist-mesh-20m","retained","1","29","204287271.51100001","204287307.10690001","35.595899999141693"
"artist-mesh-20m","retained","1","30","204287307.34060001","204287340.412","33.071399986743927"
"artist-mesh-20m","retained","1","31","204287340.5738","204287374.8206","34.246800005435944"
"artist-mesh-20m","retained","1","32","204287375.06299999","204287425.91710001","50.8541000187397"
"artist-mesh-20m","retained","1","33","204287426.15939999","204287460.4558","34.296400010585785"
"artist-mesh-20m","retained","1","34","204287460.71309999","204287511.25459999","50.541500002145767"
"artist-mesh-20m","retained","1","35","204287511.44209999","204287544.83180001","33.389700025320053"
"artist-mesh-20m","retained","1","36","204287545.00009999","204287578.7374","33.737300008535385"
"artist-mesh-20m","retained","1","37","204287578.91460001","204287629.2315","50.316899985074997"
"artist-mesh-20m","retained","1","38","204287629.49509999","204287664.13080001","34.635700017213821"
"artist-mesh-20m","retained","1","39","204287664.31259999","204287698.3114","33.998800009489059"
"artist-mesh-20m","retained","1","40","204287698.76300001","204287732.93419999","34.171199977397919"
"artist-mesh-20m","retained","1","41","204287733.25009999","204287784.24700001","50.996900022029877"
"artist-mesh-20m","retained","1","42","204287784.62599999","204287835.01930001","50.393300026655197"
"artist-mesh-20m","retained","1","43","204287835.2852","204287868.05149999","32.766299992799759"
"artist-mesh-20m","retained","1","44","204287868.27500001","204287900.91839999","32.643399983644485"
"artist-mesh-20m","retained","1","45","204287901.13679999","204287934.70300001","33.566200017929077"
"artist-mesh-20m","retained","1","46","204287934.89320001","204287972.41510001","37.521899998188019"
"artist-mesh-20m","retained","1","47","204287972.6566","204288029.27430001","56.617700010538101"
"artist-mesh-20m","retained","1","48","204288029.544","204288063.2017","33.657700002193451"
"artist-mesh-20m","retained","1","49","204288063.4294","204288097.04010001","33.610700011253357"
"artist-mesh-20m","retained","1","50","204288097.2692","204288131.34330001","34.074100017547607"
"artist-mesh-20m","retained","1","51","204288131.5201","204288166.5117","34.991600006818771"
"artist-mesh-20m","retained","1","52","204288166.7432","204288200.1913","33.448100000619888"
"artist-mesh-20m","retained","1","53","204288200.4465","204288251.18020001","50.733700007200241"
"artist-mesh-20m","retained","1","54","204288251.4032","204288301.89410001","50.490900009870529"
"artist-mesh-20m","retained","1","55","204288302.1503","204288335.2026","33.052300006151199"
"artist-mesh-20m","retained","1","56","204288335.43270001","204288369.4937","34.060999989509583"
"artist-mesh-20m","retained","1","57","204288369.68439999","204288402.3127","32.62830001115799"
"artist-mesh-20m","retained","1","58","204288402.52320001","204288452.5415","50.018299996852875"
"artist-mesh-20m","retained","1","59","204288452.7563","204288485.77540001","33.01910001039505"
"artist-mesh-20m","retained","1","60","204288485.9955","204288518.47330001","32.477800011634827"
"artist-mesh-20m","retained","1","61","204288518.69049999","204288569.32440001","50.633900016546249"
"artist-mesh-20m","retained","1","62","204288569.56810001","204288602.1408","32.572699993848801"
"artist-mesh-20m","retained","1","63","204288602.3443","204288651.99129999","49.64699998497963"
"artist-mesh-20m","retained","1","64","204288652.2164","204288685.139","32.922600001096725"
"artist-mesh-20m","retained","1","65","204288685.31729999","204288721.71700001","36.39970001578331"
"artist-mesh-20m","retained","1","66","204288721.93079999","204288755.38170001","33.450900018215179"
"artist-mesh-20m","retained","1","67","204288755.6029","204288792.37439999","36.771499991416931"
"artist-mesh-20m","retained","1","68","204288792.66209999","204288875.56830001","82.906200021505356"
"artist-mesh-20m","retained","1","69","204288875.8073","204288890.67829999","14.870999991893768"
"artist-mesh-20m","retained","1","70","204288890.81729999","204288915.373","24.5557000041008"
"artist-mesh-20m","retained","1","71","204288915.61489999","204288948.5298","32.914900004863739"
"artist-mesh-20m","retained","1","72","204288948.70050001","204288981.9905","33.28999999165535"
"artist-mesh-20m","retained","1","73","204288982.20770001","204289016.03240001","33.824699997901917"
"artist-mesh-20m","retained","1","74","204289016.3299","204289067.27360001","50.943700015544891"
"artist-mesh-20m","retained","1","75","204289067.4404","204289117.94589999","50.505499988794327"
"artist-mesh-20m","retained","1","76","204289118.11300001","204289151.49869999","33.385699987411499"
"artist-mesh-20m","retained","1","77","204289151.72240001","204289185.51109999","33.788699984550476"
"artist-mesh-20m","retained","1","78","204289185.7626","204289236.81619999","51.053599983453751"
"artist-mesh-20m","retained","1","79","204289236.97620001","204289270.02720001","33.050999999046326"
"artist-mesh-20m","retained","1","80","204289270.24059999","204289304.1645","33.923900008201599"
"artist-mesh-20m","retained","1","81","204289304.3926","204289337.95629999","33.563699990510941"
"artist-mesh-20m","retained","1","82","204289338.1832","204289388.12630001","49.94310000538826"
"artist-mesh-20m","retained","1","83","204289388.34349999","204289439.14829999","50.804800003767014"
"artist-mesh-20m","retained","1","84","204289439.44909999","204289477.2726","37.823500007390976"
"artist-mesh-20m","retained","1","85","204289477.5059","204289511.3565","33.850600004196167"
"artist-mesh-20m","retained","1","86","204289511.51429999","204289548.53650001","37.022200018167496"
"artist-mesh-20m","retained","1","87","204289548.7784","204289582.6288","33.850400000810623"
"artist-mesh-20m","retained","1","88","204289582.84599999","204289617.21430001","34.368300020694733"
"artist-mesh-20m","retained","1","89","204289617.4312","204289667.9102","50.479000002145767"
"artist-mesh-20m","retained","1","90","204289668.12650001","204289701.17019999","33.043699979782104"
