path,requested_line_ranges,total_lines,sha256,note
F:\Cursor\_Cyrus_Apps\CyrusScatter\docs\Viewport_Performance_Implementation_2026-10-01.md,1-130,130,d148cdb4184f7d01b5b23c3c18383c5b1fc07a0475dc7bacaa509935907567cb,Requested reads; see COVERAGE.md for truncation and scope limits
F:\Cursor\_Cyrus_Apps\CyrusScatter\AminScatter\include\execution.h,1-77,77,e9f2cfdf677366f491dc01cea83301ce53111c5073633333a4adf1db2ad509d2,Requested reads; see COVERAGE.md for truncation and scope limits
F:\Cursor\_Cyrus_Apps\CyrusScatter\AminScatter\src\execution.cpp,1-23,23,b54963d69441d473ed52f76b125c4eb3d0a38c564900f28abd76efa7bcbf1136,Requested reads; see COVERAGE.md for truncation and scope limits
F:\Cursor\_Cyrus_Apps\CyrusScatter\AminScatter\src\scatter.cpp,1-426,426,16e56f583cf608b23a29e2d07608e5b68bfec36de7f3035ebe510ed59987fe7f,Requested reads; see COVERAGE.md for truncation and scope limits
F:\Cursor\_Cyrus_Apps\CyrusScatter\AminScatter\src\cluster.inc,1-66,66,e3f7eddd8133e34f91c1e50d5c4d1ac4ca2f4a6dc611728a0848c16f9f3e3680,Requested reads; see COVERAGE.md for truncation and scope limits
F:\Cursor\_Cyrus_Apps\CyrusScatter\AminScatter\src\prepared_band.inc,1-47,47,5d01452faed01a630428506cc7ce099ee909ce64204edef5448a03c1a1000cf0,Requested reads; see COVERAGE.md for truncation and scope limits
F:\Cursor\_Cyrus_Apps\CyrusScatter\AminScatter\include\scatter.h,1-86,86,949bad97f4c13aa119b43da5e5c73b02760c45d9779a14f3eaf7baa4d94b1265,Requested reads; see COVERAGE.md for truncation and scope limits
F:\Cursor\_Cyrus_Apps\CyrusScatter\AminScatter\src\spacing.inc,1-144,144,96ef2d89f07cf9e6c67a93f4c91e990da98016f58c6278fce543a7b09e289c77,Requested reads; see COVERAGE.md for truncation and scope limits
F:\Cursor\_Cyrus_Apps\CyrusScatter\AminScatter\src\final.inc,1-64,64,eb77d2cfcbc74c87b02a047d67f3623984dcbe3bd8f6e818d8d4c2698fdc7272,Requested reads; see COVERAGE.md for truncation and scope limits
F:\Cursor\_Cyrus_Apps\CyrusScatter\tools\test_max2027.py,1-46,46,3ccebed34d07e3befc325ffac554594de31c7cb03d473be9069ffcabdfe990df,Requested reads; see COVERAGE.md for truncation and scope limits
F:\Cursor\_Cyrus_Apps\CyrusScatter\AminScatter\src\preview.cpp,1-264,264,96c3099d032b202df21334f5390a946109920890b042a3b1fb69badad9be50af,Requested reads; see COVERAGE.md for truncation and scope limits
F:\Cursor\_Cyrus_Apps\CyrusScatter\tools\test_viewport_performance.py,1-34,34,38757b7e3a3f6ab9d205b492c12903e3b7e02bbac8e29bf423226ab2c88341e4,Requested reads; see COVERAGE.md for truncation and scope limits
F:\Cursor\_Cyrus_Apps\CyrusScatter\AminScatter\src\preview_batches.inc,1-47,47,a2a7df3d65a6278d49aad80361bffe8db15fae1419feb44e993354f5c31c7acd,Requested reads; see COVERAGE.md for truncation and scope limits
F:\Cursor\_Cyrus_Apps\CyrusScatter\tools\test_compute_performance.py,1-33,33,2a394ef638d5766a5c7b6ba0af1b94a88aba044379e6c733ad42e7a0c44fd03b,Requested reads; see COVERAGE.md for truncation and scope limits
F:\Cursor\_Cyrus_Apps\CyrusScatter\tools\performance\benchmark_compute.py,1-99,99,59aad45689c48adc343d2c7e15b0c7cc13fbac527ef8e5b13dc3c4159a8ef9cf,Requested reads; see COVERAGE.md for truncation and scope limits
F:\Cursor\_Cyrus_Apps\CyrusScatter\AminScatter\src\geometry_preview.inc,1-47,47,0d0b5bf09e73d589683dbd54c0db052d398434592148f5c6992d1137a78e411d,Requested reads; see COVERAGE.md for truncation and scope limits
F:\Cursor\_Cyrus_Apps\CyrusScatter\AminScatter\tests\compute_benchmark.cpp,1-104,104,9f59cf70e0511c761d59c1c1b19335bbef0a3d9ddce30b3df93ce94f3adcc4c5,Requested reads; see COVERAGE.md for truncation and scope limits
F:\Cursor\_Cyrus_Apps\CyrusScatter\AminScatter\src\max_bridge.cpp,1-183; 280-410,414,5dcf12cceee2f48d079e499ef20069c3f6ce4c51864e4daa1ca24adc120b07f6,Requested reads; see COVERAGE.md for truncation and scope limits
F:\Cursor\_Cyrus_Apps\CyrusScatter\tools\tests\max2027_smoke.ms,1-66,66,075c37e605535782cbc0faed6d1abe23d93fd786cca46f7b63818e11ba3ebb0e,Requested reads; see COVERAGE.md for truncation and scope limits
F:\Cursor\_Cyrus_Apps\CyrusScatter\AminScatter\tools\ui\compute-performance.cjs,1-59,59,65792c2c1f117796cf45daf14c28633ec6490688c6f26283972d951aae51b371,Requested reads; see COVERAGE.md for truncation and scope limits
F:\Cursor\_Cyrus_Apps\CyrusScatter\AminScatter\tools\ui\viewport-performance.cjs,1-57,57,01c8f3cbae5f3587b509ffa3d7d68abf601a6b5f4960c35532142938eca01f53,Requested reads; see COVERAGE.md for truncation and scope limits
F:\Cursor\_Cyrus_Apps\CyrusScatter\AminScatter\tests\threading_tests.cpp,1-61,61,f3336cfd3ffe0c642fd839cf7eb4b6002fd697a04072010f963bf1d020f87507,Requested reads; see COVERAGE.md for truncation and scope limits
F:\Cursor\_Cyrus_Apps\CyrusScatter\AminScatter\tests\scatter_tests.cpp,1-55,231,c0e0eb48287e008d6f88c4baadd013d183bf49125f607c8c716315237600c402,Requested reads; see COVERAGE.md for truncation and scope limits
F:\Cursor\_Cyrus_Apps\CyrusScatter\CyrusSurfaceAnalyzer\tests\test.cpp,1-28,50,a8ac19818075c7a8811c78f1e09d0e19c66edd224850ffdae118b32d32fc80f5,Requested reads; see COVERAGE.md for truncation and scope limits
F:\Cursor\_Cyrus_Apps\CyrusScatter\tools\tests\viewport_performance_smoke.ms,1-145,145,94b1c75679455462fd892f25299c780105817bcca86bfd38c7a0d7edf54682b8,Requested reads; see COVERAGE.md for truncation and scope limits
F:\Cursor\_Cyrus_Apps\CyrusScatter\tools\tests\compute_performance_smoke.ms,1-93,93,9a5005f3b3fc5b281549f98685c41aac6247ae44b79e779288b931a794ac99eb,Requested reads; see COVERAGE.md for truncation and scope limits
F:\Cursor\_Cyrus_Apps\CyrusScatter\AminScatter\scripts\AminScatterObject.ms,11067-11368; 11540-11566; 11733-11805,11820,8116ab4aad662a9a62e15667e4b53507aaf3f8a989faee3856845a28a1f99c17,Requested reads; see COVERAGE.md for truncation and scope limits
F:\Cursor\_Cyrus_Apps\CyrusScatter\AminScatter\tools\ui\templates\pflow.ms,1-151,151,a613a919abdead513504ae6d275fe90a7d8c6090403572cc6cf482a0437b9e7a,Requested reads; see COVERAGE.md for truncation and scope limits
F:\Cursor\_Cyrus_Apps\CyrusScatter\CyrusSurfaceAnalyzer\src\analyzer.cpp,1-82,82,61a64e15a0521e9f1a62788d8c09272a8754f50c35e89af5cbd05876a02c6f95,Requested reads; see COVERAGE.md for truncation and scope limits
F:\Cursor\_Cyrus_Apps\CyrusScatter\CyrusSurfaceAnalyzer\src\elements.cpp,1-107,107,762ce99b9c74376b857ecf2db1472ff2f908459cd7f369b489538fd8a5e5b9e2,Requested reads; see COVERAGE.md for truncation and scope limits
F:\Cursor\_Cyrus_Apps\CyrusScatter\CyrusSurfaceAnalyzer\src\bridge.cpp,1-39,39,5096d5dcfcd2a22846752b356de943dca5360c4c576f89bf3cb8ffe97fc1c605,Requested reads; see COVERAGE.md for truncation and scope limits
F:\Cursor\_Cyrus_Apps\CyrusScatter\AminScatter\src\orientation.inc,1-131,131,d485e2b8ea5c3abf3fc00a7e7b7139ae4b5d3995ee17f3aad7afff8cc4bfcea8,Requested reads; see COVERAGE.md for truncation and scope limits
F:\Cursor\_Cyrus_Apps\CyrusScatter\AminScatter\src\boundary_falloff.inc,1-40,40,75c50dcde1c0d2339b526e7bb2019c4644ebd9512369fc09238ec62bbb749cec,Requested reads; see COVERAGE.md for truncation and scope limits
F:\Cursor\_Cyrus_Apps\CyrusScatter\build\tooling\max2027-sdk\Program Files\Autodesk\3ds Max 2027 SDK\maxsdk\include\Graphics\InstanceDisplayGeometry.h,24-177; 345-447,562,d3fa84bcf412d7504cd06a7da125fbaada35ab0f44474cab836509de02a37353,Requested reads; see COVERAGE.md for truncation and scope limits
F:\Cursor\_Cyrus_Apps\CyrusScatter\AminScatter\tools\ui\responsive.cjs,1-27,27,19f512543f8fd872c6d899615c5a1733f94857c71c37061a5f7d50355cb4f12f,Requested reads; see COVERAGE.md for truncation and scope limits
F:\Cursor\_Cyrus_Apps\CyrusScatter\tools\performance\summarize_viewport.py,1-69,69,34db859e89860707bf44809a1e9a1cac6b99dec982187730c2a0186f7b1f8715,Requested reads; see COVERAGE.md for truncation and scope limits
F:\Cursor\_Cyrus_Apps\CyrusScatter\AminScatter\tools\ui\performance.cjs,1-74,74,daaba06ac7fc1b61241a12dabd4a733495c7f4d0d4f5c2f94259362488dffa75,Requested reads; see COVERAGE.md for truncation and scope limits
F:\Cursor\_Cyrus_Apps\CyrusScatter\CyrusSurfaceAnalyzer\scripts\CyrusSurfaceAnalyzer.ms,195-268; 399-428,437,b9a1f1aa2ba7847566eb8f36bee711f9c64753572955ed4549f2f68669e5f923,Requested reads; see COVERAGE.md for truncation and scope limits
F:\Cursor\_Cyrus_Apps\CyrusScatter\AminScatter\src\cyrus_edit_stack.inc,1-77,77,53d689602439f0f956a643b0f0ccc561247b82d6b162d6a067073abe1e23a6ab,Requested reads; see COVERAGE.md for truncation and scope limits
