PASS	synthetic_clock_primitive_absent
PASS	no_implicit_authority
PASS	Max_authenticated_activation_with_real_installation_key
PASS	Max_authority_active
PASS	real_grant_admits_native_recipe
PASS	64_native_owned_render_instances
PASS	shared_grant_admits_Brush_stroke
PASS	completed_Brush_field_has_population
PASS	Brush_gesture_admitted_before_expiry
PASS	Max_expires_during_uptime_without_network
PASS	expired_native_recipe_denied
PASS	expired_native_edit_denied
PASS	all_matrix_components_source_and_edit_IDs_retained
PASS	no_saved_flag_recipe_injection
PASS	actual_Painter_commit_denied_at_expiry
PASS	expired_pending_stroke_cancelled_completed_history_retained
PASS	expired_Brush_population_matches
PASS	expired_Brush_settings_denied_without_mutation
PASS	expired_Brush_fill_denied
PASS	expired_Brush_history_edit_denied
PASS	expired_Brush_history_delete_denied
PASS	expired_direct_Brush_dab_denied
PASS	expired_Brush_document_creation_denied
PASS	expired_Brush_Undo_available
PASS	expired_Brush_Redo_restores_exact_field
PASS	expired_Brush_display_does_not_change_field
PASS	64_native_owned_render_instances
PASS	save_expired_scene_without_output_cache
COMPLETE
