PASS	reopen_has_no_synthetic_clock
PASS	second_Max_reads_expired_protected_grant
PASS	native_recipe_reopened
PASS	cold_full_row_identity_matches
PASS	cold_Brush_native_storage_and_field_match
PASS	64_native_owned_render_instances
PASS	64_native_owned_render_instances
PASS	source_geometry_is_external_dependency
PASS	external_receiver_evaluates_after_expiry
PASS	dependency_animation_evaluates_after_expiry
PASS	restored_frame_matches_all_rows
PASS	Max_imports_verified_renewal
PASS	Max_renewal_unlocks_authoring
PASS	renewal_edits_retained_scene
PASS	renewed_Undo_returns_exact_rows
PASS	shared_renewal_unlocks_Brush_DLL
PASS	renewed_Brush_authors_retained_document
COMPLETE
