utc,elapsed_ms,note
"2026-10-01T11:27:52.5490577Z","17.797999999999998","BEGIN original_realtime repeat 1"
"2026-10-01T11:28:00.4308598Z","7899.5919999999996","BEGIN original_manual repeat 1"
"2026-10-01T11:28:08.2376089Z","15706.3403","BEGIN scatter_callback_off repeat 1"
"2026-10-01T11:28:09.1729069Z","16641.623","BEGIN analyzer_callback_off repeat 1"
"2026-10-01T11:28:15.6988721Z","23167.585500000001","BEGIN both_callbacks_off repeat 1"
"2026-10-01T11:28:16.2417368Z","23710.450099999998","BEGIN analyzer_callback_off repeat 2"
"2026-10-01T11:28:22.8508874Z","30319.599900000001","BEGIN scatter_callback_off repeat 2"
"2026-10-01T11:28:24.5987776Z","32067.527600000001","BEGIN original_manual repeat 2"
"2026-10-01T11:28:32.2873333Z","39756.061000000002","BEGIN original_realtime repeat 2"
"2026-10-01T11:28:39.2353677Z","46704.083100000003","BEGIN both_callbacks_off repeat 2"
"2026-10-01T11:28:39.8028491Z","47271.5628","BEGIN original_realtime repeat 3"
"2026-10-01T11:28:47.5870579Z","55055.787199999999","BEGIN original_manual repeat 3"
"2026-10-01T11:28:55.2856127Z","62754.3433","BEGIN scatter_callback_off repeat 3"
"2026-10-01T11:28:56.2433321Z","63712.050499999998","BEGIN analyzer_callback_off repeat 3"
"2026-10-01T11:29:03.4346002Z","70903.312600000005","BEGIN both_callbacks_off repeat 3"
"2026-10-01T11:29:04.0247954Z","71493.514999999999","stop: navigation_matrix_complete"
