utc,elapsed_ms,phase,layer_index,layer_name,enabled,dirty,error,build_count,last_preview_ms,generated,requested,display_count,display_unit,blocker_builds,blocker_hits,density_capped,observed_build_delta,counter_reset,reported_fps,pflow_builds
"2026-10-01T11:27:52.5323749Z","1.1074999999999999","recording_start","1","Grass","true","false","","2","404","44958","46481","2000","shown_instances","0","0","false","","false","","0"
"2026-10-01T11:27:52.5327131Z","1.5101","recording_start","2","Leaves","true","false","","1","5","200","200","200","shown_instances","0","0","false","","false","","0"
"2026-10-01T11:27:52.5331579Z","1.8683000000000001","recording_start","3","clover","true","false","","2","294","3529","100000","2000","shown_instances","2","0","true","","false","","0"
"2026-10-01T11:27:52.5336686Z","2.3811","recording_start","4","BushesCenter","true","false","","2","29","70","9296","40","shown_instances","0","0","false","","false","","0"
"2026-10-01T11:27:52.5338609Z","2.5680000000000001","recording_start","5","Bourder","true","false","","2","226","3342","37185","2000","shown_instances","0","0","false","","false","","0"
"2026-10-01T11:27:52.5340329Z","2.7374999999999998","recording_start","6","Street_Plant","true","false","","2","18","44","18592","44","shown_instances","0","0","false","","false","","0"
"2026-10-01T11:27:59.5584161Z","7027.1473999999998","original_realtime","1","Grass","true","false","","2","404","44958","46481","2000","shown_instances","0","0","false","0","false","","0"
"2026-10-01T11:27:59.5587589Z","7027.4697999999999","original_realtime","2","Leaves","true","false","","1","5","200","200","200","shown_instances","0","0","false","0","false","","0"
"2026-10-01T11:27:59.5590453Z","7027.7560999999996","original_realtime","3","clover","true","false","","2","294","3529","100000","2000","shown_instances","2","0","true","0","false","","0"
"2026-10-01T11:27:59.5593382Z","7028.0500000000002","original_realtime","4","BushesCenter","true","false","","2","29","70","9296","40","shown_instances","0","0","false","0","false","","0"
"2026-10-01T11:27:59.5596445Z","7028.3576999999996","original_realtime","5","Bourder","true","false","","2","226","3342","37185","2000","shown_instances","0","0","false","0","false","","0"
"2026-10-01T11:27:59.5599453Z","7028.6557000000003","original_realtime","6","Street_Plant","true","false","","2","18","44","18592","44","shown_instances","0","0","false","0","false","","0"
"2026-10-01T11:28:07.0983546Z","14567.147800000001","original_manual","1","Grass","true","false","","3","194","44958","46481","2000","shown_instances","0","0","false","1","false","","0"
"2026-10-01T11:28:07.0989926Z","14567.889300000001","original_manual","2","Leaves","true","false","","2","4","200","200","200","shown_instances","0","0","false","1","false","","0"
"2026-10-01T11:28:07.0995229Z","14568.24","original_manual","3","clover","true","false","","3","317","3529","100000","2000","shown_instances","3","0","true","1","false","","0"
"2026-10-01T11:28:07.0998426Z","14568.5751","original_manual","4","BushesCenter","true","false","","3","32","70","9296","40","shown_instances","0","0","false","1","false","","0"
"2026-10-01T11:28:07.1001818Z","14568.895500000001","original_manual","5","Bourder","true","false","","3","209","3342","37185","2000","shown_instances","0","0","false","1","false","","0"
"2026-10-01T11:28:07.1004881Z","14569.2076","original_manual","6","Street_Plant","true","false","","3","17","44","18592","44","shown_instances","0","0","false","1","false","","0"
"2026-10-01T11:28:09.1710412Z","16639.7899","scatter_callback_off","1","Grass","true","false","","4","448","44958","46481","2000","shown_instances","0","0","false","1","false","","0"
"2026-10-01T11:28:09.1713954Z","16640.114000000001","scatter_callback_off","2","Leaves","true","false","","3","6","200","200","200","shown_instances","0","0","false","1","false","","0"
"2026-10-01T11:28:09.1716239Z","16640.334699999999","scatter_callback_off","3","clover","true","false","","4","320","3529","100000","2000","shown_instances","4","0","true","1","false","","0"
"2026-10-01T11:28:09.1718559Z","16640.564699999999","scatter_callback_off","4","BushesCenter","true","false","","4","31","70","9296","40","shown_instances","0","0","false","1","false","","0"
"2026-10-01T11:28:09.1720689Z","16640.778699999999","scatter_callback_off","5","Bourder","true","false","","4","212","3342","37185","2000","shown_instances","0","0","false","1","false","","0"
"2026-10-01T11:28:09.1722717Z","16640.978899999998","scatter_callback_off","6","Street_Plant","true","false","","4","18","44","18592","44","shown_instances","0","0","false","1","false","","0"
"2026-10-01T11:28:15.6967480Z","23165.5183","analyzer_callback_off","1","Grass","true","false","","4","448","44958","46481","2000","shown_instances","0","0","false","0","false","","0"
"2026-10-01T11:28:15.6972227Z","23166.085999999999","analyzer_callback_off","2","Leaves","true","false","","3","6","200","200","200","shown_instances","0","0","false","0","false","","0"
"2026-10-01T11:28:15.6976029Z","23166.311799999999","analyzer_callback_off","3","clover","true","false","","4","320","3529","100000","2000","shown_instances","4","0","true","0","false","","0"
"2026-10-01T11:28:15.6978145Z","23166.5209","analyzer_callback_off","4","BushesCenter","true","false","","4","31","70","9296","40","shown_instances","0","0","false","0","false","","0"
"2026-10-01T11:28:15.6979929Z","23166.698100000001","analyzer_callback_off","5","Bourder","true","false","","4","212","3342","37185","2000","shown_instances","0","0","false","0","false","","0"
"2026-10-01T11:28:15.6981666Z","23166.871999999999","analyzer_callback_off","6","Street_Plant","true","false","","4","18","44","18592","44","shown_instances","0","0","false","0","false","","0"
"2026-10-01T11:28:16.2400704Z","23708.803899999999","both_callbacks_off","1","Grass","true","false","","4","448","44958","46481","2000","shown_instances","0","0","false","0","false","","0"
"2026-10-01T11:28:16.2403711Z","23709.152900000001","both_callbacks_off","2","Leaves","true","false","","3","6","200","200","200","shown_instances","0","0","false","0","false","","0"
"2026-10-01T11:28:16.2406555Z","23709.3626","both_callbacks_off","3","clover","true","false","","4","320","3529","100000","2000","shown_instances","4","0","true","0","false","","0"
"2026-10-01T11:28:16.2408377Z","23709.543399999999","both_callbacks_off","4","BushesCenter","true","false","","4","31","70","9296","40","shown_instances","0","0","false","0","false","","0"
"2026-10-01T11:28:16.2410117Z","23709.7166","both_callbacks_off","5","Bourder","true","false","","4","212","3342","37185","2000","shown_instances","0","0","false","0","false","","0"
"2026-10-01T11:28:16.2411816Z","23709.8858","both_callbacks_off","6","Street_Plant","true","false","","4","18","44","18592","44","shown_instances","0","0","false","0","false","","0"
"2026-10-01T11:28:22.8473909Z","30316.157200000001","analyzer_callback_off","1","Grass","true","false","","4","448","44958","46481","2000","shown_instances","0","0","false","0","false","","0"
"2026-10-01T11:28:22.8478348Z","30316.699700000001","analyzer_callback_off","2","Leaves","true","false","","3","6","200","200","200","shown_instances","0","0","false","0","false","","0"
"2026-10-01T11:28:22.8483525Z","30317.064299999998","analyzer_callback_off","3","clover","true","false","","4","320","3529","100000","2000","shown_instances","4","0","true","0","false","","0"
"2026-10-01T11:28:22.8486909Z","30317.400099999999","analyzer_callback_off","4","BushesCenter","true","false","","4","31","70","9296","40","shown_instances","0","0","false","0","false","","0"
"2026-10-01T11:28:22.8488789Z","30317.584800000001","analyzer_callback_off","5","Bourder","true","false","","4","212","3342","37185","2000","shown_instances","0","0","false","0","false","","0"
"2026-10-01T11:28:22.8502540Z","30318.966199999999","analyzer_callback_off","6","Street_Plant","true","false","","4","18","44","18592","44","shown_instances","0","0","false","0","false","","0"
"2026-10-01T11:28:23.7091650Z","31177.899300000001","scatter_callback_off","1","Grass","true","false","","4","448","44958","46481","2000","shown_instances","0","0","false","0","false","","0"
"2026-10-01T11:28:23.7094586Z","31178.169399999999","scatter_callback_off","2","Leaves","true","false","","3","6","200","200","200","shown_instances","0","0","false","0","false","","0"
"2026-10-01T11:28:23.7096508Z","31178.356899999999","scatter_callback_off","3","clover","true","false","","4","320","3529","100000","2000","shown_instances","4","0","true","0","false","","0"
"2026-10-01T11:28:23.7098259Z","31178.530500000001","scatter_callback_off","4","BushesCenter","true","false","","4","31","70","9296","40","shown_instances","0","0","false","0","false","","0"
"2026-10-01T11:28:23.7100020Z","31178.7166","scatter_callback_off","5","Bourder","true","false","","4","212","3342","37185","2000","shown_instances","0","0","false","0","false","","0"
"2026-10-01T11:28:23.7103528Z","31179.068899999998","scatter_callback_off","6","Street_Plant","true","false","","4","18","44","18592","44","shown_instances","0","0","false","0","false","","0"
"2026-10-01T11:28:31.2179882Z","38686.725200000001","original_manual","1","Grass","true","false","","5","190","44958","46481","2000","shown_instances","0","0","false","1","false","","0"
"2026-10-01T11:28:31.2182708Z","38686.976900000001","original_manual","2","Leaves","true","false","","4","5","200","200","200","shown_instances","0","0","false","1","false","","0"
"2026-10-01T11:28:31.2184571Z","38687.1633","original_manual","3","clover","true","false","","5","343","3529","100000","2000","shown_instances","5","0","true","1","false","","0"
"2026-10-01T11:28:31.2186463Z","38687.352099999996","original_manual","4","BushesCenter","true","false","","5","29","70","9296","40","shown_instances","0","0","false","1","false","","0"
"2026-10-01T11:28:31.2188245Z","38687.530100000004","original_manual","5","Bourder","true","false","","5","211","3342","37185","2000","shown_instances","0","0","false","1","false","","0"
"2026-10-01T11:28:31.2189955Z","38687.6999","original_manual","6","Street_Plant","true","false","","5","17","44","18592","44","shown_instances","0","0","false","1","false","","0"
"2026-10-01T11:28:39.2319579Z","46700.773099999999","original_realtime","1","Grass","true","false","","6","399","44958","46481","2000","shown_instances","0","0","false","1","false","","0"
"2026-10-01T11:28:39.2326213Z","46701.637000000002","original_realtime","2","Leaves","true","false","","5","5","200","200","200","shown_instances","0","0","false","1","false","","0"
"2026-10-01T11:28:39.2333159Z","46702.034500000002","original_realtime","3","clover","true","false","","6","306","3529","100000","2000","shown_instances","6","0","true","1","false","","0"
"2026-10-01T11:28:39.2335557Z","46702.264600000002","original_realtime","4","BushesCenter","true","false","","6","31","70","9296","40","shown_instances","0","0","false","1","false","","0"
"2026-10-01T11:28:39.2337410Z","46702.447699999997","original_realtime","5","Bourder","true","false","","6","214","3342","37185","2000","shown_instances","0","0","false","1","false","","0"
"2026-10-01T11:28:39.2340391Z","46702.856899999999","original_realtime","6","Street_Plant","true","false","","6","17","44","18592","44","shown_instances","0","0","false","1","false","","0"
"2026-10-01T11:28:39.8011871Z","47269.924299999999","both_callbacks_off","1","Grass","true","false","","6","399","44958","46481","2000","shown_instances","0","0","false","0","false","","0"
"2026-10-01T11:28:39.8014570Z","47270.179300000003","both_callbacks_off","2","Leaves","true","false","","5","5","200","200","200","shown_instances","0","0","false","0","false","","0"
"2026-10-01T11:28:39.8016921Z","47270.401100000003","both_callbacks_off","3","clover","true","false","","6","306","3529","100000","2000","shown_instances","6","0","true","0","false","","0"
"2026-10-01T11:28:39.8019041Z","47270.611799999999","both_callbacks_off","4","BushesCenter","true","false","","6","31","70","9296","40","shown_instances","0","0","false","0","false","","0"
"2026-10-01T11:28:39.8020807Z","47270.786099999998","both_callbacks_off","5","Bourder","true","false","","6","214","3342","37185","2000","shown_instances","0","0","false","0","false","","0"
"2026-10-01T11:28:39.8022543Z","47270.959499999997","both_callbacks_off","6","Street_Plant","true","false","","6","17","44","18592","44","shown_instances","0","0","false","0","false","","0"
"2026-10-01T11:28:46.6594541Z","54128.190600000002","original_realtime","1","Grass","true","false","","6","399","44958","46481","2000","shown_instances","0","0","false","0","false","","0"
"2026-10-01T11:28:46.6597482Z","54128.463000000003","original_realtime","2","Leaves","true","false","","5","5","200","200","200","shown_instances","0","0","false","0","false","","0"
"2026-10-01T11:28:46.6599601Z","54128.666599999997","original_realtime","3","clover","true","false","","6","306","3529","100000","2000","shown_instances","6","0","true","0","false","","0"
"2026-10-01T11:28:46.6601570Z","54128.862500000003","original_realtime","4","BushesCenter","true","false","","6","31","70","9296","40","shown_instances","0","0","false","0","false","","0"
"2026-10-01T11:28:46.6603285Z","54129.033300000003","original_realtime","5","Bourder","true","false","","6","214","3342","37185","2000","shown_instances","0","0","false","0","false","","0"
"2026-10-01T11:28:46.6606538Z","54129.3704","original_realtime","6","Street_Plant","true","false","","6","17","44","18592","44","shown_instances","0","0","false","0","false","","0"
"2026-10-01T11:28:54.1659593Z","61634.693599999999","original_manual","1","Grass","true","false","","7","194","44958","46481","2000","shown_instances","0","0","false","1","false","","0"
"2026-10-01T11:28:54.1662570Z","61634.9712","original_manual","2","Leaves","true","false","","6","4","200","200","200","shown_instances","0","0","false","1","false","","0"
"2026-10-01T11:28:54.1664669Z","61635.173900000002","original_manual","3","clover","true","false","","7","370","3529","100000","2000","shown_instances","7","0","true","1","false","","0"
"2026-10-01T11:28:54.1666525Z","61635.357499999998","original_manual","4","BushesCenter","true","false","","7","28","70","9296","40","shown_instances","0","0","false","1","false","","0"
"2026-10-01T11:28:54.1669050Z","61635.612099999998","original_manual","5","Bourder","true","false","","7","217","3342","37185","2000","shown_instances","0","0","false","1","false","","0"
"2026-10-01T11:28:54.1671409Z","61635.847500000003","original_manual","6","Street_Plant","true","false","","7","16","44","18592","44","shown_instances","0","0","false","1","false","","0"
"2026-10-01T11:28:56.2416300Z","63710.360999999997","scatter_callback_off","1","Grass","true","false","","8","406","44958","46481","2000","shown_instances","0","0","false","1","false","","0"
"2026-10-01T11:28:56.2418996Z","63710.610999999997","scatter_callback_off","2","Leaves","true","false","","7","3","200","200","200","shown_instances","0","0","false","1","false","","0"
"2026-10-01T11:28:56.2420958Z","63710.8024","scatter_callback_off","3","clover","true","false","","8","313","3529","100000","2000","shown_instances","8","0","true","1","false","","0"
"2026-10-01T11:28:56.2422760Z","63710.981200000002","scatter_callback_off","4","BushesCenter","true","false","","8","31","70","9296","40","shown_instances","0","0","false","1","false","","0"
"2026-10-01T11:28:56.2424498Z","63711.154399999999","scatter_callback_off","5","Bourder","true","false","","8","249","3342","37185","2000","shown_instances","0","0","false","1","false","","0"
"2026-10-01T11:28:56.2426241Z","63711.335500000001","scatter_callback_off","6","Street_Plant","true","false","","8","18","44","18592","44","shown_instances","0","0","false","1","false","","0"
"2026-10-01T11:29:03.4324913Z","70901.254400000005","analyzer_callback_off","1","Grass","true","false","","8","406","44958","46481","2000","shown_instances","0","0","false","0","false","","0"
"2026-10-01T11:29:03.4329207Z","70901.790800000002","analyzer_callback_off","2","Leaves","true","false","","7","3","200","200","200","shown_instances","0","0","false","0","false","","0"
"2026-10-01T11:29:03.4333855Z","70902.098400000003","analyzer_callback_off","3","clover","true","false","","8","313","3529","100000","2000","shown_instances","8","0","true","0","false","","0"
"2026-10-01T11:29:03.4336209Z","70902.330400000006","analyzer_callback_off","4","BushesCenter","true","false","","8","31","70","9296","40","shown_instances","0","0","false","0","false","","0"
"2026-10-01T11:29:03.4338143Z","70902.521099999998","analyzer_callback_off","5","Bourder","true","false","","8","249","3342","37185","2000","shown_instances","0","0","false","0","false","","0"
"2026-10-01T11:29:03.4339952Z","70902.700700000001","analyzer_callback_off","6","Street_Plant","true","false","","8","18","44","18592","44","shown_instances","0","0","false","0","false","","0"
"2026-10-01T11:29:04.0212876Z","71490.027600000001","both_callbacks_off","1","Grass","true","false","","8","406","44958","46481","2000","shown_instances","0","0","false","0","false","","0"
"2026-10-01T11:29:04.0215709Z","71491.888699999996","both_callbacks_off","2","Leaves","true","false","","7","3","200","200","200","shown_instances","0","0","false","0","false","","0"
"2026-10-01T11:29:04.0234167Z","71492.125700000004","both_callbacks_off","3","clover","true","false","","8","313","3529","100000","2000","shown_instances","8","0","true","0","false","","0"
"2026-10-01T11:29:04.0236102Z","71492.316699999996","both_callbacks_off","4","BushesCenter","true","false","","8","31","70","9296","40","shown_instances","0","0","false","0","false","","0"
"2026-10-01T11:29:04.0237924Z","71492.503400000001","both_callbacks_off","5","Bourder","true","false","","8","249","3342","37185","2000","shown_instances","0","0","false","0","false","","0"
"2026-10-01T11:29:04.0241276Z","71492.842199999999","both_callbacks_off","6","Street_Plant","true","false","","8","18","44","18592","44","shown_instances","0","0","false","0","false","","0"
