utc,elapsed_s,cpu_percent_total_capacity,private_bytes,working_set_bytes
2026-10-01T11:27:56.2799616Z,0.009279,,4147458048,2497032192
2026-10-01T11:27:56.8136667Z,0.542124,13.000,4148379648,2497302528
2026-10-01T11:27:57.3385430Z,1.073817,16.000,4148379648,2497302528
2026-10-01T11:27:57.8600403Z,1.595809,14.000,4148379648,2497302528
2026-10-01T11:27:58.3814379Z,2.115941,11.000,4096045056,2443026432
2026-10-01T11:27:58.8965526Z,2.631413,10.000,4096045056,2443091968
2026-10-01T11:27:59.4094408Z,3.143767,9.000,4096045056,2443091968
2026-10-01T11:27:59.9241717Z,3.659267,11.000,4117897216,2465140736
2026-10-01T11:28:00.4402575Z,4.175681,11.000,4111306752,2456285184
2026-10-01T11:28:00.9544544Z,4.689633,19.000,4117602304,2462703616
2026-10-01T11:28:01.4699789Z,5.204797,11.000,4117602304,2462777344
2026-10-01T11:28:01.9849606Z,5.719830,12.000,4117561344,2462773248
2026-10-01T11:28:02.4984562Z,6.233282,13.000,4117561344,2462773248
2026-10-01T11:28:03.0145988Z,6.749284,13.000,4118093824,2463191040
2026-10-01T11:28:03.5348272Z,7.270134,11.000,4120326144,2464456704
2026-10-01T11:28:04.0524503Z,7.786791,10.000,4119396352,2464456704
2026-10-01T11:28:04.5685329Z,8.303834,16.000,4119396352,2464456704
2026-10-01T11:28:05.0963111Z,8.831213,11.000,4119334912,2464415744
2026-10-01T11:28:05.6115810Z,9.346884,11.000,4119334912,2464415744
2026-10-01T11:28:06.1285926Z,9.863677,11.000,4119334912,2464481280
2026-10-01T11:28:06.6453697Z,10.381063,12.000,4117630976,2464354304
2026-10-01T11:28:07.1609202Z,10.896521,9.000,4121554944,2469138432
2026-10-01T11:28:07.6748418Z,11.409724,10.000,4127633408,2475307008
2026-10-01T11:28:08.1902116Z,11.924903,9.000,4117008384,2464624640
2026-10-01T11:28:08.7057407Z,12.440616,20.000,4119826432,2465980416
2026-10-01T11:28:09.2211279Z,12.955943,19.000,4119826432,2466004992
2026-10-01T11:28:09.7372925Z,13.471107,13.000,4119826432,2466009088
2026-10-01T11:28:10.2541291Z,13.989437,10.000,4119891968,2466082816
2026-10-01T11:28:10.7680727Z,14.503634,11.000,4119826432,2466021376
2026-10-01T11:28:11.2839665Z,15.017375,13.000,4118765568,2466250752
2026-10-01T11:28:11.7965966Z,15.531822,11.000,4118765568,2466254848
2026-10-01T11:28:12.3088506Z,16.044088,12.000,4118765568,2466263040
2026-10-01T11:28:12.8265092Z,16.561677,10.000,4118765568,2466275328
2026-10-01T11:28:13.3426260Z,17.077779,19.000,4118720512,2466254848
2026-10-01T11:28:13.8567072Z,17.591725,15.000,4118720512,2466258944
2026-10-01T11:28:14.3703144Z,18.106120,10.000,4111855616,2465693696
2026-10-01T11:28:14.8882766Z,18.623117,11.000,4110581760,2464419840
2026-10-01T11:28:15.4034616Z,19.139072,12.000,4110581760,2464419840
2026-10-01T11:28:15.9175948Z,19.653166,17.000,4110581760,2464468992
2026-10-01T11:28:16.4351249Z,20.168786,36.000,4110663680,2464702464
2026-10-01T11:28:16.9521469Z,20.683649,11.000,4110663680,2462928896
2026-10-01T11:28:17.4652640Z,21.200462,13.000,4110663680,2462932992
2026-10-01T11:28:17.9775438Z,21.712385,10.000,4109938688,2462543872
2026-10-01T11:28:18.4924002Z,22.228085,13.000,4109938688,2462543872
2026-10-01T11:28:19.0135758Z,22.748805,13.000,4109938688,2462547968
2026-10-01T11:28:19.5287533Z,23.264453,15.000,4109824000,2462433280
2026-10-01T11:28:20.0499868Z,23.783490,10.000,4109824000,2462437376
2026-10-01T11:28:20.5620786Z,24.297415,10.000,4108759040,2461388800
2026-10-01T11:28:21.0745670Z,24.809379,16.000,4108759040,2461454336
2026-10-01T11:28:21.5940743Z,25.328914,12.000,4108759040,2461458432
2026-10-01T11:28:22.1114019Z,25.847116,12.000,4108759040,2461458432
2026-10-01T11:28:22.6276266Z,26.363109,10.000,4108804096,2461466624
2026-10-01T11:28:23.1430507Z,26.877801,16.000,4110938112,2461470720
2026-10-01T11:28:23.6559789Z,27.391204,20.000,4110938112,2461544448
2026-10-01T11:28:24.1703796Z,27.905408,19.000,4126679040,2474528768
2026-10-01T11:28:24.6849785Z,28.420339,15.000,4115451904,2463428608
2026-10-01T11:28:25.1995008Z,28.933692,13.000,4115451904,2463432704
2026-10-01T11:28:25.7212843Z,29.448627,11.000,4115451904,2463432704
2026-10-01T11:28:26.2465928Z,29.980121,12.000,4115451904,2463432704
2026-10-01T11:28:26.7570023Z,30.492329,13.000,4115451904,2463436800
2026-10-01T11:28:27.2747112Z,31.009668,10.000,4114268160,2463502336
2026-10-01T11:28:27.7909180Z,31.526072,10.000,4115329024,2464186368
2026-10-01T11:28:28.3022769Z,32.037698,11.000,4115329024,2464190464
2026-10-01T11:28:28.8177339Z,32.552365,10.000,4115271680,2464149504
2026-10-01T11:28:29.3340980Z,33.068662,13.000,4115271680,2464149504
2026-10-01T11:28:29.8477458Z,33.582596,10.000,4115140608,2464018432
2026-10-01T11:28:30.3615181Z,34.096316,11.000,4115140608,2464022528
2026-10-01T11:28:30.8780278Z,34.613152,10.000,4113649664,2463436800
2026-10-01T11:28:31.3930442Z,35.127982,10.000,4118867968,2468716544
2026-10-01T11:28:31.9103374Z,35.645449,13.000,4129398784,2477264896
2026-10-01T11:28:32.4265762Z,36.162432,10.000,4116516864,2464657408
2026-10-01T11:28:32.9415162Z,36.676172,11.000,4116516864,2464657408
2026-10-01T11:28:33.4561343Z,37.191824,11.000,4116516864,2464661504
2026-10-01T11:28:33.9717852Z,37.706943,12.000,4116385792,2464526336
2026-10-01T11:28:34.4885799Z,38.224247,13.000,4116385792,2464526336
2026-10-01T11:28:35.0042882Z,38.739061,11.000,4116312064,2464325632
2026-10-01T11:28:35.5184754Z,39.253317,12.000,4116328448,2464800768
2026-10-01T11:28:36.0331523Z,39.767112,10.000,4116328448,2464772096
2026-10-01T11:28:36.5471243Z,40.280929,18.000,4116324352,2464743424
2026-10-01T11:28:37.0593208Z,40.794592,12.000,4116324352,2464743424
2026-10-01T11:28:37.5749878Z,41.310122,13.000,4116324352,2464747520
2026-10-01T11:28:38.0912404Z,41.826759,12.000,4116361216,2464768000
2026-10-01T11:28:38.6047807Z,42.339883,10.000,4114018304,2463784960
2026-10-01T11:28:39.1181132Z,42.853712,13.000,4114018304,2463854592
2026-10-01T11:28:39.6352917Z,43.369599,29.000,4114083840,2463936512
2026-10-01T11:28:40.1503944Z,43.884614,18.000,4114092032,2464161792
2026-10-01T11:28:40.6676656Z,44.401931,10.000,4114092032,2464165888
2026-10-01T11:28:41.1839331Z,44.919418,14.000,4114092032,2464169984
2026-10-01T11:28:41.7012890Z,45.436368,14.000,4112248832,2462326784
2026-10-01T11:28:42.2174130Z,45.951552,10.000,4112248832,2462326784
2026-10-01T11:28:42.7313000Z,46.465040,11.000,4112248832,2462326784
2026-10-01T11:28:43.2417709Z,46.976556,12.000,4112248832,2462392320
2026-10-01T11:28:43.7614468Z,47.496559,16.000,4112248832,2462408704
2026-10-01T11:28:44.2743500Z,48.010176,12.000,4112203776,2462380032
2026-10-01T11:28:44.7931933Z,48.528345,11.000,4112203776,2462380032
2026-10-01T11:28:45.3119443Z,49.047606,13.000,4112203776,2462384128
2026-10-01T11:28:45.8251559Z,49.561214,10.000,4112203776,2462384128
2026-10-01T11:28:46.3392842Z,50.074671,11.000,4112203776,2462384128
2026-10-01T11:28:46.8555574Z,50.590365,14.000,4138995712,2482524160
2026-10-01T11:28:47.3688578Z,51.103956,12.000,4117757952,2465308672
2026-10-01T11:28:47.8842751Z,51.620320,14.000,4115808256,2464022528
2026-10-01T11:28:48.4034452Z,52.138233,16.000,4115808256,2464026624
2026-10-01T11:28:48.9219498Z,52.656906,12.000,4115808256,2464026624
2026-10-01T11:28:49.4341312Z,53.169918,11.000,4115808256,2464026624
2026-10-01T11:28:49.9512453Z,53.685168,19.000,4115808256,2464030720
2026-10-01T11:28:50.4660995Z,54.200844,11.000,4115808256,2464030720
2026-10-01T11:28:50.9809268Z,54.715533,12.000,4117430272,2464776192
2026-10-01T11:28:51.5026869Z,55.236906,10.000,4117430272,2464776192
2026-10-01T11:28:52.0184722Z,55.753341,14.000,4117385216,2464751616
2026-10-01T11:28:52.5356955Z,56.269668,11.000,4117385216,2464751616
2026-10-01T11:28:53.0506884Z,56.786420,10.000,4117385216,2464751616
2026-10-01T11:28:53.5649221Z,57.300159,10.000,4117123072,2464751616
2026-10-01T11:28:54.0774755Z,57.813590,10.000,4114624512,2464587776
2026-10-01T11:28:54.5928195Z,58.328393,18.000,4125851648,2473988096
2026-10-01T11:28:55.1070708Z,58.841957,10.000,4120797184,2467926016
2026-10-01T11:28:55.6207449Z,59.355899,21.000,4117561344,2466803712
2026-10-01T11:28:56.1343487Z,59.869660,29.000,4117561344,2466811904
2026-10-01T11:28:56.6473210Z,60.382666,15.000,4117561344,2466902016
2026-10-01T11:28:57.1653323Z,60.900062,12.000,4117561344,2466906112
2026-10-01T11:28:57.6822990Z,61.417428,11.000,4117561344,2466906112
2026-10-01T11:28:58.1988666Z,61.933191,13.000,4116103168,2466529280
2026-10-01T11:28:58.7148959Z,62.448040,10.000,4117639168,2467213312
2026-10-01T11:28:59.2424538Z,62.975521,15.000,4117639168,2467217408
2026-10-01T11:28:59.7581624Z,63.493348,18.000,4117639168,2467225600
2026-10-01T11:29:00.2749388Z,64.008644,12.000,4117594112,2467196928
2026-10-01T11:29:00.7880593Z,64.521536,10.000,4118601728,2468204544
2026-10-01T11:29:01.3058364Z,65.037916,10.000,4117594112,2467201024
2026-10-01T11:29:01.8310771Z,65.566314,10.000,4115398656,2465906688
2026-10-01T11:29:02.3452641Z,66.080032,11.000,4115267584,2465775616
2026-10-01T11:29:02.8592510Z,66.594427,13.000,4115267584,2465775616
2026-10-01T11:29:03.3747714Z,67.110428,12.000,4124884992,2475180032
2026-10-01T11:29:03.8895215Z,67.624463,40.000,4117336064,2467516416
