strokes,faces,build_ms,append_ms,max_error
100,20000,0.7003,0.0775,0
100,20000,0.7217,0.1086,0
100,20000,0.7172,0.1054,0
100,20000,0.7199,0.1118,0
100,20000,0.7149,0.1055,0
1000,20000,6.5643,0.2268,2.77556e-17
1000,20000,6.5041,0.2231,2.77556e-17
1000,20000,6.4481,0.2694,2.77556e-17
1000,20000,6.4557,0.2369,2.77556e-17
1000,20000,6.5844,0.249,2.77556e-17
3000,20000,19.3101,0.7769,1.11022e-16
3000,20000,19.2458,0.7203,1.11022e-16
3000,20000,18.9781,0.6474,1.11022e-16
3000,20000,19.0052,0.7487,1.11022e-16
3000,20000,19.4194,0.8486,1.11022e-16
