id,claim,evidence_class,url,section,pub_or_update_date,access_date,version,applicability,confidence,contradictions,validation_needed,decision_status,parent_check
CL-MQ-01,Nitrous render-item work separates Realize geometry preparation from Display drawing; Realize may run once per frame and Display more than once,primary external documentation,https://help.autodesk.com/cloudhelp/2026/ENU/MAXDEV-CPP-API-REF/class_max_s_d_k_1_1_graphics_1_1_i_custom_render_item.html,Detailed Description; Realize; Display,2026 docs,2026-10-01,3ds Max 2026 SDK,Native Nitrous viewport plugins,high,None found,Instrument actual plugin callbacks and correlate with ETW/GPU trace,adopt measurement model,not independently re-opened by parent
CL-MQ-02,The Statistics panel exposes scene/selection counts and a real-time FPS overlay,primary external documentation,https://help.autodesk.com/cloudhelp/2026/ENU/3DSMax-Customizing/files/GUID-EAB3E8C9-DDF4-4525-9BD9-E3A10885CBAB.htm,Statistics Panel,2026 docs,2026-10-01,3ds Max 2026,Viewport benchmark setup,high,None found,Record panel state and displayed counts in each run,required control,not independently re-opened by parent
CL-MQ-03,viewport.GetFPS is stale/not current when Show Statistics is off and reports Adaptive Degradation goal FPS when degradation is on,primary external documentation,https://help.autodesk.com/cloudhelp/2026/ENU/MAXScript-Help/files/3ds-Max-Objects-and-Interfaces/Interfaces/Core-Interfaces/Core-Interfaces-Documentation/Viewports/GUID-8AA71F9E-F4F0-4437-A44E-9683619E89DE.html,viewport.GetFPS remarks,2026 docs,2026-10-01,3ds Max 2026 MAXScript,Viewport FPS interpretation,high,Fetch endpoint failed in this pass; search result and Autodesk page agree,Verify in installed Max with overlay/degradation permutations,do not use FPS alone,not independently re-opened by parent
CL-MQ-04,Autodesk documents Nitrous API modes including Nitrous DirectX11 and WARP/DX11; API() returns the driver type,primary external documentation,https://help.autodesk.com/cloudhelp/2026/ENU/MAXScript-Help/files/3ds-Max-Objects-and-Interfaces/Interfaces/Core-Interfaces/Core-Interfaces-Documentation/N-O/GUID-34892DB6-E840-4F52-9175-30332799B7B1.html,General Nitrous Access; API(),2026 docs,2026-10-01,3ds Max 2026,Nitrous host driver selection,high,No public DX12 Nitrous mode found,Log NitrousGraphicsManager.API() on each target build,host compatibility,not independently re-opened by parent
CL-MQ-05,"3ds Max command-line viewport selection documents -vx11, -vxs, and -vx9; no DX12 Nitrous option is documented",primary external documentation,https://help.autodesk.com/cloudhelp/2026/ENU/3DSMax-Basics/files/GUID-87F2D870-90B6-461F-963C-5D01D93006AE.htm,Using the -v Option,2026 docs,2026-10-01,3ds Max 2026,Driver reproducibility,medium,Absence of a documented option is not proof that no private backend exists,Test installed 2026/2027 binaries and release notes,support boundary,not independently re-opened by parent
CL-MQ-06,3ds Max 2027 removes DirectX 9 support,primary external documentation,https://help.autodesk.com/cloudhelp/2027/ENU/3dsMax-WhatsNew/files/GUID-7CC2F041-F797-4DB9-B2F9-326AAB994F37.html,Foundation updates; DirectX 9 removal,2026-04-13,2026-10-01,3ds Max 2027,Native graphics plugins using old DX9 interfaces,high,None found,Compile and run against 2027 SDK,separate porting work,not independently re-opened by parent
CL-MQ-07,WPR/WPA are ETW-based system performance tools; WPR records ETL and WPA analyzes it,primary external documentation,https://learn.microsoft.com/en-us/windows-hardware/test/wpt/windows-performance-toolkit-technical-reference,Windows Performance Toolkit,2017-05-05; updated 2024-08-23,2026-10-01,Windows Performance Toolkit,Windows/3ds Max scheduling and system traces,high,None found,Capture with plugin markers and validate overhead,use first-line,not independently re-opened by parent
CL-MQ-08,PIX is D3D12-focused; D3D11On12 can expose translated captures but D3D11 timing captures show almost no GPU work and warnings can be inaccurate,primary external documentation,https://devblogs.microsoft.com/pix/debugging-d3d11-apps-using-d3d11on12/,D3D11On12 limitations,2020-09-15,2026-10-01,PIX on Windows,Nitrous DX11 caveat,high,None found,Confirm current PIX build behavior on Max process,not primary DX11 GPU timer,not independently re-opened by parent
CL-MQ-09,Visual Studio CPU sampling has lower overhead; instrumentation provides exact calls/wall time with higher overhead,primary external documentation,https://learn.microsoft.com/en-us/visualstudio/profiling/understanding-performance-collection-methods-perf-profiler?view=vs-2022,Sampling versus instrumentation,current docs accessed 2026-10-01,2026-10-01,Visual Studio 2022+,Native C++ plugin CPU analysis,high,None found,Measure instrumented versus baseline run,use for CPU attribution,not independently re-opened by parent
CL-MQ-10,Intel VTune GPU rendering analysis requires supported Intel graphics/driver setup; CPU/GPU correlation is hardware-dependent,primary external documentation,https://www.intel.com/content/www/us/en/docs/vtune-profiler/user-guide/2026-0/gpu-application-analysis.html,GPU Application Analysis,2026,2026-10-01,VTune 2026,Intel GPU systems,high,None found,Validate exact GPU/driver permissions,vendor-specific,not independently re-opened by parent
CL-MQ-11,Amdahl's law bounds end-to-end speedup from improving only one critical-path fraction,inference,n/a (standard result; Amdahl 1967 AFIPS SJCC),Formula used for decision analysis,n/a,2026-10-01,General performance model,All optimization decisions,high,None material,Measure p on critical path per scenario,gate kernel work,not independently re-opened by parent
CL-MQ-12,AMD uProf supports Windows CPU profiling but its feature table lists GPU profiling/tracing unavailable on Windows,primary external documentation,https://www.amd.com/en/developer/uprof.html,Features by OS,current page accessed 2026-10-01,2026-10-01,AMD uProf 5.x,AMD CPU/GPU qualification,high,Older uProf documentation advertises GPU trace examples without Windows scope,Check exact installed release notes,"CPU tool, not Windows GPU primary",not independently re-opened by parent
CL-MQ-13,Nsight Systems documents DirectX 11 and DirectX 12 graphics profiling with correlated CPU/GPU timelines,primary external documentation,https://developer.nvidia.com/nsight-systems,Trace CPU and GPU Workloads,current page accessed 2026-10-01,2026-10-01,Nsight Systems 2026.x,NVIDIA systems,high,None found,Verify Max attach/driver permissions,use for NVIDIA scheduling,not independently re-opened by parent
CL-MQ-14,"Tracy is a public profiler supporting CPU, memory, locks, context switches, and D3D11/D3D12 GPU zones",primary external documentation,https://github.com/wolfpld/tracy/blob/master/manual/tracy.md,Profiler capabilities and client markup,repository accessed 2026-10-01,2026-10-01,Tracy current master,Native plugin instrumentation,high,GPU timestamp details vary by backend,Prototype instrumentation and quantify overhead,optional harness,not independently re-opened by parent
CL-MQ-15,PresentMon reports present-to-present CPU/GPU/display frame timing across DX11/DX12 and warns about HWS/API instrumentation limitations,primary external documentation,https://github.com/GameTechDev/PresentMon,README; troubleshooting,repository accessed 2026-10-01,2026-10-01,PresentMon current main,Independent frame pacing,high,None material,Run with/without HWS and correlate markers,use for display evidence,not independently re-opened by parent
CL-MQ-16,3ds Max plugin file persistence should use chunk IDs/versioning rather than raw class-image serialization; reference hierarchy and post-load mechanisms matter,primary external documentation,https://help.autodesk.com/cloudhelp/2026/ENU/MAXDEV-CPP-API-REF/class_i_save.html,Detailed Description; chunks; SavingVersion,2026 docs,2026-10-01,3ds Max 2026 SDK,Native plugin persistence,high,None found,Round-trip/save-as-old/merge/XRef tests,release gate,not independently re-opened by parent
CL-MQ-17,3ds Max scripted-plugin schema migration matches names and classID; type/block changes have documented limits; version/update supports manual conversion,primary external documentation,https://help.autodesk.com/cloudhelp/2026/ENU/MAXScript-Help/files/MAXScript-Tools-and-Interaction/Creating-MAXScript-Tools/Scripted-Plug-ins/GUID-44D4AC45-65DD-401B-B4A1-07B71B35D544.html,Updating Scripted Plug-ins,2026 docs,2026-10-01,3ds Max 2026 MAXScript,Scripted scatter definitions,high,None found,Test old scene files across script versions,migration contract,not independently re-opened by parent
CL-MQ-18,A session-only scripted plugin must be loaded/evaluated before opening saved scenes that contain it,primary external documentation,https://help.autodesk.com/cloudhelp/2026/ENU/MAXScript-Help/files/MAXScript-Tools-and-Interaction/Creating-MAXScript-Tools/Scripted-Plug-ins/How-To-Create-Scripted-Geometry-Plug-in/GUID-EC33589D-822A-4E79-9682-185EC5DBAB9F.html,Scripted Geometry Plug-ins,2026 docs,2026-10-01,3ds Max 2026,Script deployment,high,None found,Clean Max launch/load tests,package scripts,not independently re-opened by parent
CL-MQ-19,"3ds Max 2026 initial documentation announced .NET 8, while later Autodesk update states 2026 security updates moved to .NET 10; exact update must be pinned",primary external documentation,https://blog.autodesk.io/whats-new-in-3ds-max-2026/; https://blog.autodesk.io/microsoft-net-10-updates-for-autodesk-3ds-max-and-maya/,SDK Changes; .NET 10 update,2025-05-28; 2026-08-12,2026-10-01,3ds Max 2026 release/update,Managed plugin qualification,high,Release baseline versus later security update,Inspect target installation runtime/build and target accordingly,must resolve per update,not independently re-opened by parent
CL-MQ-20,3ds Max 2026 R28/API68 and 2027 R29/API70 are documented as incompatible major SDK releases,primary external documentation,https://help.autodesk.com/cloudhelp/2027/ENU/MAXDEV-CPP-API-REF/group___version_macros.html,Max SDK Version Numbers; R28/R29 macros,2026 docs,2026-10-01,3ds Max 2026/2027 SDK,Native ABI/package compatibility,high,None found,Build and load one DLL in both hosts to confirm expected rejection,separate builds,Parent re-opened: confirmed (duplicate of CL-AL-20)
CL-MQ-21,"Autodesk's 2027 setup article specifies VS2022 17.14.x, v143/v14.38, Win SDK 10.0.19041.0, C++20, Qt 6.8.3, .NET10",primary external documentation,https://blog.autodesk.io/setting-up-3ds-max-2027-sdk-development-with-visual-studio-2026/,What does the 3ds Max 2027 SDK require,2026-07-31,2026-10-01,3ds Max 2027 SDK,Build environment,medium,article title references Visual Studio 2026 while body specifies VS2022 17.14/v143; verify against shipped SDK requirements,Verify installed SDK BuildRequirements.txt and wizard props,pin toolchain,not independently re-opened by parent
CL-MQ-22,"Autodesk ApplicationPlugins package requires PackageContents.xml, stable UpgradeCode, AppVersion, and ProductCode for App Store distribution",primary external documentation,https://help.autodesk.com/cloudhelp/2021/ENU/Max-Developer-Help/developer/writing_plug-ins/packaging_plugins/packagexml_format.html,ApplicationPackage attributes,2021 docs,2026-10-01,Application Plug-in Package Format,Production deployment,high,Specification page is older but current 2026 package manager references same format,Validate App Store submission rules before release,required,not independently re-opened by parent
CL-MQ-23,Package RuntimeRequirements identify Win64/3ds Max SeriesMin and SeriesMax; current behavior requires SeriesMax,primary external documentation,https://help.autodesk.com/cloudhelp/2024/ENU/Max-Developer-Help/what_s_new/whats_new_3dsmax_2022_sdk/plugin_package.html,Plugin package format changes,2024 docs covering 2022 changes,2026-10-01,ApplicationPlugins,Version selection,high,Older format examples omit SeriesMax; current rule supersedes them,Validate exact update behavior,required,not independently re-opened by parent
CL-MQ-24,Windows DLL search order can load same-named dependencies from unintended locations; controlled LoadLibraryEx/search paths and VC++ runtime deployment reduce collisions,primary external documentation,https://learn.microsoft.com/en-us/windows/win32/dlls/dynamic-link-library-search-order; https://learn.microsoft.com/en-us/cpp/windows/redistributing-visual-cpp-files?view=msvc-170,Search order; Redistributable deployment,current docs accessed 2026-10-01,2026-10-01,Windows 10/11; MSVC,Native dependency coexistence,high,Host process has its own already-loaded modules,Use module-path/hash capture and clean-machine tests,release gate,not independently re-opened by parent
CL-MQ-25,3ds Max viewport instancing is viewport-only and update mode has restrictions on instance count/geometry shape,primary external documentation,https://help.autodesk.com/cloudhelp/2026/ENU/MAXDEV-CPP-API-REF/namespace_max_s_d_k_1_1_graphics_1_1_viewport_instancing.html,ViewportInstancing namespace,2026 docs,2026-10-01,3ds Max 2026 SDK,Scatter display optimization,high,No claim about final renderer behavior,Test viewport and renderer separately,do not conflate,not independently re-opened by parent
CL-MQ-26,"3ds Max StopWatch uses QueryPerformanceCounter and documents measurable overhead from paired Start/Stop or Resume/Pause calls, especially for very short regions",primary external documentation,https://help.autodesk.com/cloudhelp/2026/ENU/MAXDEV-CPP-API-REF/class_max_s_d_k_1_1_util_1_1_stop_watch.html,Detailed Description; GetElapsedTime overhead,2026 docs,2026-10-01,3ds Max 2026 SDK,Native timing instrumentation,high,None found,Measure harness overhead on target machine and report it with timings,instrument with overhead control,not independently re-opened by parent
CL-MQ-27,"MAXScript timeStamp returns milliseconds since midnight; timeGetTime returns milliseconds since Windows start and wraps at 2^32 milliseconds, so elapsed differences should be used",primary external documentation,https://help.autodesk.com/cloudhelp/2016/ENU/MAXScript-Help/files/GUID-7B6E4693-2CE3-4A42-829C-9E668C671676.htm,Time Stamping,2016 docs,2026-10-01,3ds Max 2014+ MAXScript,MAXScript boundary timing,high,None found,Verify timing behavior on target Max builds and avoid midnight/wrap boundaries,use only for coarse boundary timing,not independently re-opened by parent
CL-AL-01,"Bridson's active-list dart throwing uses a grid cell bounded by r/sqrt(d), annulus candidates, and fixed k attempts; for fixed k it is O(N).",primary external documentation,https://www.cs.ubc.ca/~rbridson/docs/bridson-siggraph07-poissondisk.pdf,§2 The Algorithm,2007-08-05,2026-10-01,SIGGRAPH 2007,Fixed-radius Euclidean spacing,high,None found,Measure surface implementation and saturation behavior,investigate after local profiling,not independently re-opened by parent
CL-AL-02,Projection of samples generated in surrounding cubes can bias blue-noise properties; Corsini et al. instead use a uniform surface pool and spatial-cell constrained selection.,primary external documentation,https://vcg.isti.cnr.it/Publications/2012/CCS12/TVCG-2011-07-0217.pdf,§4.2 and concluding remarks,2012,2026-10-01,IEEE TVCG 18(6),Triangle meshes and constrained surface sampling,high,None found,Compare projected darts against direct surface pool on folded meshes,investigate after local profiling,not independently re-opened by parent
CL-AL-03,"Weighted sample elimination selects a desired-size subset with Poisson-disk/blue-noise characteristics, but does not guarantee maximal coverage.",primary external documentation,https://www.cemyuksel.com/research/sampleelimination/sampleelimination.pdf,Abstract and algorithm discussion,2015-06-22,2026-10-01,Eurographics CGF 34(2),Exact-count or progressive subsets,high,None found,"Measure quality, build time, and boundary behavior for oversampling ratios",investigate after local profiling,not independently re-opened by parent
CL-AL-04,Uniform triangle sampling uses sqrt-transformed barycentrics; triangle area is half the cross-product magnitude.,primary external documentation,https://www.pbr-book.org/4ed/Shapes/Triangle_Meshes,Triangle Area and Sample methods,2023 online edition,2026-10-01,pbrt-v4,All area-uniform triangle sampling,high,None found,Test against area-distribution statistical oracle,broadly applicable now,not independently re-opened by parent
CL-AL-05,CDF inversion uses binary search; alias tables trade O(T) preprocessing/storage for O(1) discrete samples.,primary external documentation,https://www.pbr-book.org/4ed/Sampling_Algorithms/The_Alias_Method,A.1 The Alias Method,2023 online edition,2026-10-01,pbrt-v4,Area-weighted triangle selection,high,None found,Benchmark build plus repeated selection at realistic T and Q,broadly applicable now,not independently re-opened by parent
CL-AL-06,Rejection sampling efficiency depends on proposal tightness and acceptance rate; complex/thin domains can be inefficient.,primary external documentation,https://www.pbr-book.org/4ed/Sampling_Algorithms/The_Rejection_Method,A.3 The Rejection Method,2023 online edition,2026-10-01,pbrt-v4,"Masks, holes, and arbitrary domains",high,None found,Record acceptance rate and retry-tail latency,broadly applicable now,not independently re-opened by parent
CL-AL-07,"Counter-based RNGs compute outputs from counter and key, parallelize without shared mutable RNG state, and include Philox/Threefry families.",primary external documentation,https://www.thesalmons.org/john/random123/papers/random123sc11.pdf,Abstract and counter-based RNG sections,2011-11-08,2026-10-01,SC11 Random123,Schedule-independent candidate generation,high,None found,Verify statistical quality and exact output across thread counts,broadly applicable now,not independently re-opened by parent
CL-AL-08,"SplitMix provides fast splittable streams with no locking and SIMD-friendly generation, but stream identity can depend on split structure.",primary external documentation,https://gee.cs.oswego.edu/dl/papers/oopsla14.pdf,Abstract and §3,2014-10-15,2026-10-01,OOPSLA 2014,Fork-join or local stream generation,medium,LXM later reports weaknesses in SplitMix; see CL-AL-09,Test keyed stream mapping and schedule stability,investigate after local profiling,not independently re-opened by parent
CL-AL-09,"LXM reports stronger robustness than SplitMix against accidental parallel-stream correlation, while both are non-cryptographic.",primary external documentation,https://dl.acm.org/doi/10.1145/3485525,Abstract and §2,2021-10-15,2026-10-01,OOPSLA 2021,Non-cryptographic scatter randomness,medium,Does not directly establish visual scatter quality,"Decide whether Philox, PCG, or LXM is supportable in the deployment",defer,not independently re-opened by parent
CL-AL-10,"Embree supports BVH point queries with callbacks for closest-point/nearest-neighbor work, plus ray intersection and occlusion queries.",primary external documentation,https://github.com/renderkit/embree/blob/master/doc/src/intro.md,Point Queries and Ray Queries,current repository documentation,2026-10-01,Embree documentation,CPU triangle closest-point and ray queries,high,"Embree is an external dependency, not a recommendation by itself",Verify dependency/license/ABI and compare against a local BVH,defer,not independently re-opened by parent
CL-AL-11,PBRT describes BVH object subdivision and k-d-tree spatial subdivision; BVHs are generally cheaper to build and less numerically prone to missed intersections than k-d trees.,primary external documentation,https://pbr-book.org/4ed/Primitives_and_Intersection_Acceleration/Bounding_Volume_Hierarchies,§7.3 and BVH discussion,2023 online edition,2026-10-01,pbrt-v4,Static/semi-static mesh acceleration,high,Workload-specific crossover remains unverified,Measure build/query/update on actual mesh distributions,investigate after local profiling,not independently re-opened by parent
CL-AL-12,Normals require inverse-transpose transformation; negative determinant indicates handedness swap and may require normal/winding correction.,primary external documentation,https://pbr-book.org/4ed/Geometry_and_Transformations/Applying_Transformations,§3.10.3 Normals and §3.10.7 Handedness,2023 online edition,2026-10-01,pbrt-v4,"Nonuniform scale, shear, mirrored transforms",high,Noninvertible transforms need an explicit product policy,Add transform oracle tests including negative determinant and singular matrices,broadly applicable now,not independently re-opened by parent
CL-AL-13,Shewchuk's adaptive predicates return robust orientation/incircle signs and spend extra precision mainly near uncertain determinants.,primary external documentation,https://www.cs.cmu.edu/~quake/robust.html,Overview and predicate discussion,1996/1997,2026-10-01,Public-domain C implementation and papers,Near-boundary and near-degenerate orientation tests,high,Does not solve all distance/reduction errors; warns about floating-point/compiler behavior,Test predicate implementation under target MSVC/ISA settings,broadly applicable now,not independently re-opened by parent
CL-AL-14,MSVC /fp:precise preserves source ordering and avoids unsafe reassociation; /fp:fast permits reordering/simplification and can change results.,primary external documentation,https://learn.microsoft.com/en-us/cpp/build/reference/fp-specify-floating-point-behavior?view=msvc-170,"/fp:precise, /fp:fast, /fp:strict",2021-11-22; page current,2026-10-01,MSVC 17 documentation,Reproducibility-critical geometry and reductions,high,Exact details vary by compiler version and target ISA,"Record compiler, flags, ISA, and numerical parity on CI targets",broadly applicable now,not independently re-opened by parent
CL-AL-15,FMA contraction changes intermediate rounding; VS2022 exposes /fp:contract and defaults differ from older MSVC releases.,primary external documentation,https://learn.microsoft.com/en-us/cpp/preprocessor/fp-contract?view=msvc-170,Remarks and example,2021-11-22; page current,2026-10-01,MSVC 17 documentation,"Near-threshold area, containment, and spacing decisions",high,Older MSVC behavior differed,Compile parity tests with contraction on/off,broadly applicable now,not independently re-opened by parent
CL-AL-16,Parallel/vectorized reductions can change summation order and final rounding; fixed reduction policy is required for reproducible reductions.,primary external documentation,https://www.intel.com/content/dam/develop/external/us/en/documents/pdf/fp-consistency-121918.pdf,Floating-point reductions and FMA sections,2018-12-19,2026-10-01,Intel floating-point consistency guide,"CDF totals, normalization, aggregate metrics",high,Specific compiler options differ between Intel and MSVC,Test thread-count and SIMD-width variation,broadly applicable now,not independently re-opened by parent
CL-AL-17,MSVC auto-vectorizer analyzes loops and vectorizes when feasible/beneficial; explicit SIMD should follow profiling.,primary external documentation,https://devblogs.microsoft.com/cppblog/avx-512-auto-vectorization-in-msvc/,Auto-vectorizer discussion,2020-02-27,2026-10-01,MSVC 2019+ blog,Regular SoA scans and arithmetic loops,medium,Blog is not a guarantee for every loop or build,Inspect generated code and measure end-to-end speed,investigate after local profiling,not independently re-opened by parent
CL-AL-18,Walker/Vose alias sampling uses a precomputed table and constant-time selection; table construction is linear in the Vose formulation.,primary external documentation,https://www.pbr-book.org/4ed/Sampling_Algorithms/The_Alias_Method,A.1 and Further Reading,2023 online edition,2026-10-01,pbrt-v4; Walker 1977; Vose 1991,Repeated fixed distributions,high,Floating-point table-construction edge cases require explicit tests,Validate zero/tiny weights and rebuild invalidation,broadly applicable now,not independently re-opened by parent
CL-AL-19,Uniform grids partition space while BVHs partition objects; k-d-tree construction is generally slower and can suffer from large-primitive overlap/spatial splits.,primary external documentation,https://www.pbr-book.org/4ed/Primitives_and_Intersection_Acceleration/Aggregates,§7.2 Aggregates and Further Reading,2023 online edition,2026-10-01,pbrt-v4,Choosing spatial index by workload,high,Actual crossover is workload-specific,"Measure build plus query, not asymptotics alone",investigate after local profiling,not independently re-opened by parent
CL-AL-20,Autodesk's 2027 API reference identifies 2026 and 2027 SDK/API releases as incompatible for plug-in binaries.,primary external documentation,https://help.autodesk.com/cloudhelp/2027/ENU/MAXDEV-CPP-API-REF/group___version_macros.html,SDK version and binary compatibility history,current 2027 documentation,2026-10-01,3ds Max R28/R29 (2026/2027),Host-targeted native plug-in builds,high,Compiler/Qt requirements for both releases were not fully verified from one official table,Validate separate builds and load tests against installed Max versions,broadly applicable now,Parent re-opened 2027 Version Macros: confirmed R29/API70 incompatible with R28/API68
CL-CC-01,3ds Max is not thread-safe; ordinary SDK calls must not be called concurrently; reference and node evaluation systems are single-threaded,primary external documentation,https://help.autodesk.com/cloudhelp/2026/ENU/MAXDEV-Developer/files/best_practices/thread_safety.html,Thread Safety; Single Threaded Sub-Systems of 3ds Max,n/a,2026-10-01,3ds Max 2026,3ds Max core and native plugins,high,2027 page states the same rule,Audit any proposed worker call against SDK headers and host tests,foundational restriction,not independently re-opened by parent
CL-CC-02,The 2027 Autodesk thread-safety page repeats the 2026 restriction and single-threaded reference/node evaluation rule,primary external documentation,https://help.autodesk.com/cloudhelp/2027/ENU/MAXDEV-Developer/files/best_practices/thread_safety.html,Thread Safety; Single Threaded Sub-Systems of 3ds Max,n/a,2026-10-01,3ds Max 2027,3ds Max 2027,high,No material contradiction found,Recheck release updates if Autodesk revises the page,foundational restriction,not independently re-opened by parent
CL-CC-03,Python threads cannot call pymxs or interact with the Max UI/MAXScript; pymxs.mxstoken is deprecated,primary external documentation,https://help.autodesk.com/cloudhelp/2026/ENU/MAXDEV-Python/files/MAXDEV_Python_threading_html.html,Threading in Python with 3ds Max,n/a,2026-10-01,3ds Max 2026,MAXScript/pymxs workflows,high,Older examples may mention mxstoken; current guidance supersedes them,Test only owned native/Python data off-thread,foundational restriction,not independently re-opened by parent
CL-CC-04,MAXScript uses automatic garbage collection over a private heap and collection can pause execution,primary external documentation,https://help.autodesk.com/cloudhelp/2026/ENU/MAXScript-Help/files/MAXScript-Language-Reference/Variables-Assignment-and-Scope/GUID-DF09BF99-2106-408D-9965-60436B853D76.html,Memory Allocation and Garbage Collection,n/a,2026-10-01,3ds Max 2026,MAXScript memory behavior,high,The page does not independently specify worker-thread safety,Do not move MAXScript values; benchmark GC pauses on real scripts,restriction rationale,not independently re-opened by parent
CL-CC-05,Animatable creation/deletion and Hold operations normally belong on the main thread; controlled single-worker exceptions exist,primary external documentation,https://help.autodesk.com/cloudhelp/2027/ENU/MAXDEV-CPP-API-REF/namespace_max_s_d_k_1_1_threading_debugging_tools.html,ThreadingDebuggingTools detailed description,n/a,2026-10-01,3ds Max 2027,Native SDK worker diagnostics,high,This is narrower than a blanket absolute prohibition,Use debug thread checks and stress tests if considering the exception,foundational restriction,not independently re-opened by parent
CL-CC-06,GraphicsWindow methods may run on graphics-owned threads and incorrect sequencing can crash Max,primary external documentation,https://help.autodesk.com/cloudhelp/2027/ENU/MAXDEV-CPP-API-REF/class_graphics_window.html,Detailed Description,n/a,2026-10-01,3ds Max 2027,Viewport graphics,high,This does not document plugin-created worker access as safe,Validate through viewport callback path only,architecture constraint,not independently re-opened by parent
CL-CC-07,Modifier::ModifyObject is a host pipeline callback and is not a documented arbitrary-worker API,primary external documentation,https://help.autodesk.com/cloudhelp/2027/ENU/MAXDEV-CPP-API-REF/class_modifier.html,ModifyObject; validity and channels,n/a,2026-10-01,3ds Max 2027,Modifier plugins,medium,No explicit per-method thread guarantee found,Parallelize only copied/owned data; test render and viewport paths,implementation constraint,not independently re-opened by parent
CL-CC-08,"IMainThreadTaskManager exposes GetInstance, PostTask, ExecutePendingTasks, and TasksPending",primary external documentation,https://help.autodesk.com/cloudhelp/2026/ENU/MAXDEV-CPP-API-REF/class_i_main_thread_task_manager.html,Detailed Description; PostTask; ExecutePendingTasks; TasksPending,n/a,2026-10-01,3ds Max 2026,Native plugin main-thread publication,high,Queue pump cadence and shutdown semantics are not fully specified,"Stress stale tasks during reset, close, unload",preferred marshal mechanism,Parent re-opened 2026 IMainThreadTaskManager page: confirmed
CL-CC-09,MainThreadTask::Execute is guaranteed to run on the Max main thread; posted task is freed by the system,primary external documentation,https://help.autodesk.com/cloudhelp/2026/ENU/MAXDEV-CPP-API-REF/class_main_thread_task.html,Execute; class description,n/a,2026-10-01,3ds Max 2026,Native plugin task payloads,high,No Python equivalent was verified,Use owned payload and generation validation,preferred marshal mechanism,not independently re-opened by parent
CL-CC-10,"2027 notification codes cover node deletion, reset/new/open/merge, undo/redo, MAXScript shutdown, system shutdown, and plugin pre-shutdown/pre-unload",primary external documentation,https://help.autodesk.com/cloudhelp/2027/ENU/MAXDEV-CPP-API-REF/notify_8h.html,Notification codes and Register/UnRegisterNotification,n/a,2026-10-01,3ds Max 2027,Lifecycle invalidation,high,Notification callback thread affinity is not documented on this page,Verify callback delivery and unregister order in host stress tests,lifecycle design,not independently re-opened by parent
CL-CC-11,3ds Max 2026 uses TBB 2021.12 and the SkinWrap sample requires TBB 2021.12.0,primary external documentation,https://help.autodesk.com/cloudhelp/2026/ENU/MAXDEV-Developer/files/about_the_3ds_max_sdk/sdk_requirements.html,Third Party SDKs; TBB SDK,n/a,2026-10-01,3ds Max 2026,Max process and SDK samples,high,Does not promise arbitrary plugin ABI compatibility,Inspect deployed DLL dependencies and clean-install behavior,dependency constraint,not independently re-opened by parent
CL-CC-12,3ds Max 2027 uses TBB 2021.12 and the SkinWrap sample requires TBB 2021.12.0,primary external documentation,https://help.autodesk.com/cloudhelp/2027/ENU/MAXDEV-Developer/files/about_the_3ds_max_sdk/sdk_requirements.html,Third Party SDKs; TBB SDK,n/a,2026-10-01,3ds Max 2027,Max process and SDK samples,high,Does not promise arbitrary plugin ABI compatibility,Inspect deployed DLL dependencies and clean-install behavior,dependency constraint,not independently re-opened by parent
CL-CC-13,MaxSDK ThreadTools controls selected Max subsystems and provides TbbGrainsize and TBB thread limits; SetNumberOfThreads does not prevent oversubscription,primary external documentation,https://help.autodesk.com/cloudhelp/2027/ENU/MAXDEV-CPP-API-REF/class_max_s_d_k_1_1_performance_tools_1_1_thread_tools.html,ThreadType; SetNumberOfThreads; TbbGrainsize; Set/GetTbbMaxThreads,n/a,2026-10-01,3ds Max 2027,Native SDK performance controls,high,No general plugin executor contract is stated,Measure interaction with renderer and plugin runtime,bounded threading,not independently re-opened by parent
CL-CC-14,oneTBB task_arena can limit concurrency and express NUMA/core-type/max-threads-per-core constraints,primary external documentation,https://oneapi-spec.uxlfoundation.org/specifications/oneapi/latest/elements/onetbb/source/task_scheduler/task_arena/task_arena_cls,constraints; max_concurrency; task_arena,n/a,2026-10-01,oneTBB 1.4 provisional,Owned native compute,high,Exact availability depends on deployed oneTBB version,Confirm APIs in the exact 2021.12 headers before use,optional dependency,not independently re-opened by parent
CL-CC-15,"oneTBB generally allows OS scheduling on hybrid CPUs, while task_arena constraints can tune exceptional cases",primary external documentation,https://www.intel.com/content/www/us/en/docs/onetbb/developer-guide-api-reference/2023-1/guiding-task-scheduler-execution.html,Guiding Task Scheduler Execution; hybrid CPU and NUMA guidance,2026-04-28,2026-10-01,oneTBB 2023.1,Hybrid/NUMA native compute,medium,"Max bundles 2021.12, whose constraint support may differ",Test exact headers/runtime on qualification hardware,measure before pinning,not independently re-opened by parent
CL-CC-16,"oneTBB can interoperate with other runtimes, but nested or multiple pools can oversubscribe and degrade performance",primary external documentation,https://www.intel.com/content/www/us/en/docs/onetbb/developer-guide-api-reference/2023-1/appendix-b-mixing-with-other-threading-packages.html,Correct Interoperability; Avoid CPU Overutilization,2026-04-28,2026-10-01,oneTBB 2023.1,OpenMP/POSIX/other runtime coexistence,high,Correctness interoperability is not performance composability,Renderer/plugin contention test required,oversubscription warning,not independently re-opened by parent
CL-CC-17,Old TBB and oneTBB can load together with separate ABIs but create separate pools and possible oversubscription,primary external documentation,https://www.intel.com/content/www/us/en/docs/onetbb/developer-guide-api-reference/2023-0/mixing-two-runtimes.html,Mixing two runtimes,2026-04-28,2026-10-01,oneTBB 2023.0,Plugin dependency deployment,high,Autodesk Max's exact loaded DLL set remains host-version-specific,Trace loaded modules and worker counts,dependency risk,not independently re-opened by parent
CL-CC-18,PPL/ConcRT supports scheduler policies and warns that computational oversubscription usually does not scale,primary external documentation,https://learn.microsoft.com/en-us/cpp/parallel/concrt/scheduler-policies?view=msvc-170,Scheduler Policies,n/a,2026-10-01,MSVC 17.x,PPL/ConcRT native compute,high,Latency-bound I/O is a different case,Use bounded policies only after measurement,optional runtime,not independently re-opened by parent
CL-CC-19,PPL task uses Windows ThreadPool while parallel algorithms use ConcRT scheduler,primary external documentation,https://learn.microsoft.com/en-us/cpp/parallel/concrt/task-scheduler-concurrency-runtime?view=msvc-170,Task Scheduler,2023-02-07,2026-10-01,MSVC 17.x,PPL/ConcRT deployment,high,Different APIs imply different scheduling behavior,Trace actual runtime and thread counts,runtime choice,not independently re-opened by parent
CL-CC-20,MSVC OpenMP defaults to virtual-processor thread counts and nested regions can create additional teams,primary external documentation,https://learn.microsoft.com/en-us/cpp/parallel/openmp/3-run-time-library-functions?view=msvc-170,omp_set_num_threads; dynamic and nested behavior,n/a,2026-10-01,MSVC 17.x,OpenMP native compute,high,OpenMP implementation and runtime settings vary,Set and log OMP_NUM_THREADS/OMP_NESTED/OMP_DYNAMIC,oversubscription warning,not independently re-opened by parent
CL-CC-21,parallel_deterministic_reduce fixes split/join order but may differ from equivalent serial reduction,primary external documentation,https://oneapi-spec.uxlfoundation.org/specifications/oneapi/latest/elements/onetbb/source/algorithms/functions/parallel_deterministic_reduce_func,Deterministic behavior and caution,n/a,2026-10-01,oneTBB 1.4 provisional,Deterministic native reductions,high,Exact API may not exist in Max's bundled 2021.12 headers,Use fixed-order merge or exact/tolerance oracle,correctness design,not independently re-opened by parent
CL-CC-22,"oneTBB captures exceptions, cancels pending work, waits for stop, then throws on invoking thread",primary external documentation,https://www.intel.com/content/www/us/en/docs/onetbb/developer-guide-api-reference/2021-10/exceptions-and-cancellation.html,Exceptions and Cancellation,n/a,2026-10-01,oneTBB 2021.10,Bounded native compute,high,Exception form may be original or captured_exception,Catch at synchronous boundary and test cancellation,error handling,not independently re-opened by parent
CL-CC-23,Corona exposes final and interactive CPU-thread limits and can reserve cores using all-but-N values,primary external documentation,https://docs-chaos.atlassian.net/wiki/spaces/CRMAX/pages/125309932/System+Tab,Corona System Settings; Interactive Rendering,n/a,2026-10-01,Corona for 3ds Max page accessed 2026,Corona coexistence,high,Exact UI names vary by Corona release,Record Corona version and test default versus limited threads,renderer contention control,not independently re-opened by parent
CL-CC-24,Chaos V-Ray exposes render-thread count and low-thread-priority controls; default 0 means all logical CPU threads in AppSDK docs,primary external documentation,https://docs.chaos.com/vray_app_sdk/doc/python/docs/vray.VRayRenderer.html,numThreads; threading notes,n/a,2026-10-01,V-Ray AppSDK 7.00,V-Ray coexistence; analogous control must be verified in installed Max build,medium,AppSDK documentation is not identical to V-Ray for 3ds Max UI,Verify installed V-Ray version/settings and run contention test,renderer contention control,not independently re-opened by parent
CL-CC-25,Intel Thread Director supplies runtime feedback and Windows 11 is optimized for hybrid scheduling; applications should avoid unnecessary hard affinity,primary external documentation,https://cdrdv2-public.intel.com/818776/348851-optimizing-x86-hybrid-cpus.pdf,Hybrid Scheduling; Intel Thread Director; QoS and affinity,n/a,2026-10-01,Intel hybrid architecture guidance,Hybrid CPU scheduling,high,Hardware and Windows build affect behavior,Profile P/E placement and QoS on target workstation,platform constraint,not independently re-opened by parent
CL-CC-26,Windows QoS can influence core selection; EcoQoS is for non-foreground work and should not be applied to performance-critical foreground computation,primary external documentation,https://learn.microsoft.com/en-us/windows/win32/procthread/quality-of-service,QoS and heterogeneous processors,n/a,2026-10-01,Windows 11,Worker/renderer priority decisions,high,Max/renderer may set their own priorities,Do not alter process/thread QoS without a measured test,platform constraint,not independently re-opened by parent
CL-VP-01,"Nitrous uses RenderItem/RenderItemHandle; visibility groups include shaded, wireframe, and gizmo.",primary external documentation,https://help.autodesk.com/cloudhelp/2026/ENU/MAXDEV-Developer/files/3ds_max_sdk_features/viewports_and_graphics_windows/nitrous/about_renderitem.html,About RenderItem; Visibility Group of RenderItem,not stated,2026-10-01,3ds Max 2026 SDK,Directly applicable to Nitrous display architecture,high,None found,Verify against installed SDK headers,shortlist,not independently re-opened by parent
CL-VP-02,"IObjectDisplay2 separates PrepareDisplay, UpdatePerNodeItems, and optional UpdatePerViewItems; per-view updates should return false when unchanged.",primary external documentation,https://help.autodesk.com/cloudhelp/2026/ENU/MAXDEV-CPP-API-REF/class_max_s_d_k_1_1_graphics_1_1_i_object_display2.html,PrepareDisplay; UpdatePerNodeItems; UpdatePerViewItems,not stated,2026-10-01,3ds Max 2026 SDK,Directly applicable to multi-viewport lifecycle,high,Older IObjectDisplay remains supported but is discouraged,Prototype lifecycle and count callbacks,shortlist,not independently re-opened by parent
CL-VP-03,Custom render items must cache/reuse realized display data and be self-independent because Nitrous may run on another thread.,primary external documentation,https://help.autodesk.com/cloudhelp/2026/ENU/MAXDEV-Developer/files/3ds_max_sdk_features/viewports_and_graphics_windows/nitrous/about_renderitem.html,CustomRenderItemHandle; ICustomRenderItem,not stated,2026-10-01,3ds Max 2026 SDK,Applicable if custom render item path is used,high,None found,Thread/lifetime stress test,shortlist,not independently re-opened by parent
CL-VP-04,ViewportInstancing provides GPU-level viewport instancing through InstanceDisplayGeometry and is not render-time instancing or native Max node instancing.,primary external documentation,https://help.autodesk.com/cloudhelp/2026/ENU/MAXDEV-CPP-API-REF/namespace_max_s_d_k_1_1_graphics_1_1_viewport_instancing.html,Detailed Description,not stated,2026-10-01,3ds Max 2026 SDK,Directly applicable,high,None found,Confirm exact binary/library linkage in local SDK,shortlist,Parent re-opened: confirmed via InstanceDisplayGeometry page
CL-VP-05,"InstanceData supports transforms, colors, viewport materials, and limited per-instance UVW overrides on channels 1-8.",primary external documentation,https://help.autodesk.com/cloudhelp/2027/ENU/MAXDEV-CPP-API-REF/struct_max_s_d_k_1_1_graphics_1_1_viewport_instancing_1_1_instance_data.html,Public Attributes; Detailed Description,not stated,2026-10-01,3ds Max 2027 SDK,Applicable to 2027; verify 2026 headers before relying on all fields,high,tyFlow documents a narrower UVW-instancing feature subset,Compile and render test for required override semantics,shortlist with constraints,not independently re-opened by parent
CL-VP-06,pMatrices is faster than position/orientation/scale input because Max combines the latter into matrices internally.,primary external documentation,https://help.autodesk.com/cloudhelp/2026/ENU/MAXDEV-CPP-API-REF/class_max_s_d_k_1_1_graphics_1_1_viewport_instancing_1_1_instance_display_geometry.html,Detailed Description; Performance considerations,not stated,2026-10-01,3ds Max 2026 SDK,Applicable to transform upload choice,medium,No quantitative cost supplied,Measure both representations on target hardware,shortlist,Parent re-opened: confirmed (conversion described as not very expensive)
CL-VP-07,"CreateInstanceData rebuilds GPU instance data; UpdateInstanceData is faster but cannot change instance count, source vertex count, or previously established data layout.",primary external documentation,https://help.autodesk.com/cloudhelp/2026/ENU/MAXDEV-CPP-API-REF/class_max_s_d_k_1_1_graphics_1_1_viewport_instancing_1_1_instance_display_geometry.html,CreateInstanceData; UpdateInstanceData,not stated,2026-10-01,3ds Max 2026 SDK,Directly applicable to cache invalidation,high,None found,Test count/topology/material-layout transitions,shortlist,Parent re-opened 2026 InstanceDisplayGeometry page 2026-10-01: confirmed
CL-VP-08,Per-instance viewport materials are creation-only in the documented update model because Max sorts by material for batching.,primary external documentation,https://help.autodesk.com/cloudhelp/2027/ENU/MAXDEV-CPP-API-REF/struct_max_s_d_k_1_1_graphics_1_1_viewport_instancing_1_1_instance_data.html,pViewportMaterials; numViewportMaterials,not stated,2026-10-01,3ds Max 2027 SDK,Applicable to material override design,high,None found,Verify ordering/identity behavior locally,constraint,not independently re-opened by parent
CL-VP-09,"High Quality viewports require positions, normals, UV streams, tangents, and bitangents for correct instanced display.",primary external documentation,https://help.autodesk.com/cloudhelp/2026/ENU/MAXDEV-CPP-API-REF/namespace_max_s_d_k_1_1_graphics_1_1_viewport_instancing.html,Detailed Description; High Quality note,not stated,2026-10-01,3ds Max 2026 SDK,Directly applicable to Standard/High Quality support,high,None found,Test all supported viewport styles,constraint,not independently re-opened by parent
CL-VP-10,Legacy GraphicsWindow exposes immediate-style primitive drawing and graphics-window caches remain part of object display APIs.,primary external documentation,https://help.autodesk.com/cloudhelp/2026/ENU/MAXDEV-CPP-API-REF/class_graphics_window.html,Viewport/Transformations Methods; primitive drawing methods,not stated,2026-10-01,3ds Max 2026 SDK,Applicable as fallback/baseline,high,No general performance multiplier documented,Measure CPU-batched baseline,fallback,not independently re-opened by parent
CL-VP-11,Bounds and hit testing remain BaseObject/GeomObject responsibilities through GetWorldBoundBox and HitTest.,primary external documentation,https://help.autodesk.com/cloudhelp/2026/ENU/MAXDEV-CPP-API-REF/class_geom_object.html,HitTest; GetWorldBoundBox,not stated,2026-10-01,3ds Max 2026 SDK,Applicable to scatter node interaction,high,No evidence that viewport instancing supplies per-instance picking,Implement and test picking/selection policy,constraint,not independently re-opened by parent
CL-VP-12,"RenderTimeInstancingInterface is a renderer-facing API separate from Nitrous viewport instancing and supports sources, targets, transforms, motion blur, and overrides.",primary external documentation,https://help.autodesk.com/cloudhelp/2026/ENU/MAXDEV-CPP-API-REF/namespace_max_s_d_k_1_1_render_time_instancing.html,Detailed Description,not stated,2026-10-01,3ds Max 2026 SDK,Applicable to renderer integration only,high,Renderer support is renderer-specific,Test Corona/V-Ray support separately,defer,not independently re-opened by parent
CL-VP-13,A renderer supporting RenderTimeInstancingInterface should use instance data rather than GetRenderMesh; plugins should still provide aggregate fallback for unsupported renderers.,primary external documentation,https://help.autodesk.com/cloudhelp/2026/ENU/MAXDEV-CPP-API-REF/class_max_s_d_k_1_1_render_time_instancing_1_1_render_time_instancing_interface.html,Detailed Description,not stated,2026-10-01,3ds Max 2026 SDK,Applicable to final-render architecture,high,Actual Corona/V-Ray support not established here,Renderer-specific integration tests,defer,not independently re-opened by parent
CL-VP-14,tyFlow documents Nitrous GPU-instancing degradation when mapping overrides require non-instanced/full display and recommends ignoring or limiting overrides for performance.,primary external documentation,https://docs.tyflow.com/tyflow_particles/operators/display/,Mapping Overrides,not stated,2026-10-01,tyFlow docs,"Comparable product evidence, not Cyrus implementation evidence",high,Autodesk 2026/2027 exposes limited UVW override fields,Test required Cyrus UV/material behavior,shortlist with constraints,not independently re-opened by parent
CL-VP-15,"Chaos Scatter documents multiple viewport representations, instance/polygon budgets, adaptive preview, and camera clipping; camera clipping can cause missing reflections/shadows.",primary external documentation,https://docs.chaos.com/pages/viewpage.action?pageId=105220044&navigatingVersions=true,Viewport Display; Camera clipping,not stated,2026-10-01,Chaos Scatter for 3ds Max/Corona docs,Comparable product evidence,high,Proprietary internals unknown,Use separate viewport/render culling tests,shortlist,not independently re-opened by parent
CL-VP-16,An FPS overlay should not be treated as equivalent to synchronous redraw duration or GPU-completed frame time.,inference,https://help.autodesk.com/cloudhelp/2026/ENU/MAXDEV-Developer/files/3ds_max_sdk_features/viewports_and_graphics_windows/nitrous/about_renderitem.html,No direct measurement methodology specified,not stated,2026-10-01,3ds Max/Nitrous measurement caveat,Applicable to experiment design,medium,No Autodesk measurement guidance found,"Record CPU, presentation, and GPU timings separately",required validation,not independently re-opened by parent
CL-VP-17,"Exact scripted/native hybrid wrapping, device-loss behavior, resource release ordering, and per-instance hit-testing semantics are not established by the reviewed public sources.",unknown,https://help.autodesk.com/cloudhelp/2026/ENU/MAXDEV-Developer/files/overview/overview_3ds_max_architecture.html,Architecture overview only,not stated,2026-10-01,Cyrus-specific unknowns,Must be verified locally,high,No source reviewed establishes Cyrus implementation details,Code review and Max stress tests,open,not independently re-opened by parent
CL-GP-01,3ds Max 2026 documents Nitrous API value 3 as Nitrous DirectX11,primary external documentation,https://help.autodesk.com/cloudhelp/2026/ENU/MAXScript-Help/files/3ds-Max-Objects-and-Interfaces/Interfaces/Core-Interfaces/Core-Interfaces-Documentation/N-O/GUID-34892DB6-E840-4F52-9175-30332799B7B1.html,NitrousGraphicsManager.API,undated,2026-10-01,3ds Max 2026,Host viewport path,high,No contradiction found,Verify on installed Max 2026 builds and nonstandard viewport modes,supports DirectCompute investigation,not independently re-opened by parent
CL-GP-02,3ds Max 2027 SDK exposes ID3D11GraphicsWindow::GetDevice and Direct3D11 vertex/index buffers,primary external documentation,https://help.autodesk.com/cloudhelp/2027/ENU/MAXDEV-CPP-API-REF/class_i_d3_d11_graphics_window.html,ID3D11GraphicsWindow,undated,2026-10-01,3ds Max 2027 SDK,Host SDK,high,"This is a documented class, not proof that every Nitrous path exposes it",Verify active graphics-window path in a plugin,supports DirectCompute investigation,not independently re-opened by parent
CL-GP-03,Public 2027 Nitrous docs reviewed here expose render-item/UAV/resource facilities but no general compute-dispatch contract,primary external documentation; unknown,https://help.autodesk.com/cloudhelp/2027/ENU/MAXDEV-CPP-API-REF/class_max_s_d_k_1_1_graphics_1_1_i_virtual_device.html,IVirtualDevice,undated,2026-10-01,3ds Max 2027 SDK,Nitrous plugin API,medium,Absence in reviewed docs is not proof of nonexistence,Ask Autodesk/support or inspect installed headers and samples,do not assume Nitrous compute interop,not independently re-opened by parent
CL-GP-04,Autodesk viewport instancing API is explicitly viewport-only,primary external documentation,https://help.autodesk.com/cloudhelp/2027/ENU/MAXDEV-CPP-API-REF/namespace_max_s_d_k_1_1_graphics_1_1_viewport_instancing.html,ViewportInstancing,undated,2026-10-01,3ds Max 2027 SDK,Viewport drawing only,high,None found,None beyond local API use,separate graphics from computation,not independently re-opened by parent
CL-GP-05,NVIDIA recommends including transfer costs and gives illustrative PCIe Gen3 figures of 16 GB/s peak and roughly 12 GB/s pinned,primary external documentation,https://docs.nvidia.com/cuda/cuda-c-best-practices-guide/index.html,Data Transfer Between Host and Device,current documentation; historical illustrative figures,2026-10-01,CUDA Best Practices Guide 13.x,Transfer model only; not target workstation benchmark,high,Figures are not current Cyrus hardware measurements,Measure effective H2D/D2H bandwidth locally,required for crossover,not independently re-opened by parent
CL-GP-06,CUDA host/device execution is asynchronous and requires explicit synchronization when results are consumed,primary external documentation,https://docs.nvidia.com/cuda/cuda-programming-guide/02-basics/intro-to-cuda-cpp.html,Synchronizing the CPU and GPU,2026 documentation,2026-10-01,CUDA Programming Guide 13.x,CUDA pipeline,high,None found,Measure synchronization and readback costs locally,required for crossover,not independently re-opened by parent
CL-GP-07,CUDA documentation does not provide a universal kernel-launch-time number applicable to Cyrus,primary external documentation; unknown,https://docs.nvidia.com/cuda/cuda-c-best-practices-guide/index.html,Using CPU Timers; Using CUDA GPU Timers,current documentation,2026-10-01,CUDA Best Practices Guide 13.x,Launch measurement,high,Third-party/blog microsecond figures were not used,Measure launch overhead on target driver/GPU,unknown until measured,not independently re-opened by parent
CL-GP-08,CUDA guidance recommends minimizing divergent execution and maximizing parallelism,primary external documentation,https://docs.nvidia.com/cuda/archive/13.2.1/pascal-tuning-guide/index.html,CUDA Best Practices,2025-02-27,2026-10-01,Pascal Tuning Guide,General GPU design guidance,high,Architecture-specific guide but principles are broadly relevant,Profile branch efficiency on prototype,supports kernel screening,not independently re-opened by parent
CL-GP-09,"CUDA supports Direct3D11 resource registration/mapping, including ID3D11Buffer, but registration is potentially high overhead and should not be per-frame",primary external documentation,https://docs.nvidia.com/cuda/cuda-runtime-api/group__CUDART__D3D11.html,cudaGraphicsD3D11RegisterResource,current documentation,2026-10-01,CUDA Runtime API 13.x,NVIDIA plus D3D11,high,Interop does not establish Autodesk/Nitrous support,Test same-adapter resource lifecycle and map/unmap costs,private buffers preferred,not independently re-opened by parent
CL-GP-10,CUDA graphics interop requires graphics not to access a resource while CUDA has it mapped; D3D12 is not covered by the documented D3D11 interop path,primary external documentation,https://docs.nvidia.com/cuda/cuda-programming-guide/04-special-topics/graphics-interop.html,CUDA Interoperability with APIs,current documentation,2026-10-01,CUDA Programming Guide 13.x,Interop synchronization,high,Other external-memory APIs exist but do not establish Nitrous support,Verify any D3D12/NT-handle design separately,do not assume direct sharing,not independently re-opened by parent
CL-GP-11,"NVIDIA EULA lists Windows CUDA runtime files including cudart.dll, cudart_static.lib, and cudadevrt.lib as redistributable under stated conditions",primary external documentation,https://docs.nvidia.com/cuda/eula/index.html,Attachment A,current EULA,2026-10-01,CUDA Toolkit EULA 13.x,CUDA deployment,high,Redistributability does not remove driver/support obligations,Legal review for shipped plugin and exact toolkit version,deployment condition,not independently re-opened by parent
CL-GP-12,NVIDIA documents OpenCL 3.0 conformance on Windows/Linux for Maxwell and later GPUs,primary external documentation,https://developer.nvidia.com/opencl,OpenCL 3.0 conformance,2021-04-12; current page reviewed,2026-10-01,NVIDIA OpenCL driver,NVIDIA OpenCL,high,Older source; verify current Windows driver matrix,Test current supported driver families,OpenCL availability,not independently re-opened by parent
CL-GP-13,Khronos conformance listings demonstrate vendor/device-specific OpenCL submissions and do not imply identical optional feature sets,primary external documentation,https://www.khronos.org/conformance/adopters/conformant-products/opencl/,OpenCL conformant products,continuously updated,2026-10-01,OpenCL 3.x,Cross-vendor capability matrix,high,AMD Windows coverage was not established by the reviewed rows,Enumerate required extensions on NVIDIA/AMD/Intel target drivers,against first backend,not independently re-opened by parent
CL-GP-14,AMD Windows ROCm documentation distinguishes runtime and HIP SDK support by GPU SKU,primary external documentation,https://rocm.docs.amd.com/en/docs-5.7.1/release/windows_support.html,GPU and OS Support (Windows),2023-10-17,2026-10-01,ROCm 5.7.1,AMD Windows deployment,high,Not an exhaustive current OpenCL conformance source,Check current AMD Windows OpenCL/HIP support for target SKUs,deployment risk,not independently re-opened by parent
CL-GP-15,"DirectCompute/D3D11 provides HLSL compute shaders, Dispatch, structured/UAV buffers, atomics, and conditional double precision",primary external documentation,https://learn.microsoft.com/en-us/windows/win32/direct3d11/direct3d-11-advanced-stages-compute-shader,Compute Shader Overview,2021-04-09,2026-10-01,Direct3D 11,Windows GPU compute,high,Hardware feature level limitations apply,Check target feature levels,supports D3D11 probe,not independently re-opened by parent
CL-GP-16,"D3D12 makes CPU-GPU synchronization, barriers, fences, descriptor management, and lifetime responsibilities more explicit",primary external documentation,https://learn.microsoft.com/en-us/windows/win32/direct3d12/important-changes-from-directx-11-to-directx-12,Important Changes from Direct3D 11 to Direct3D 12,2021-12-30,2026-10-01,Direct3D 12,D3D12 complexity assessment,high,None found,None for decision; local prototype would still be required,defer D3D12,not independently re-opened by parent
CL-GP-17,CUDA documentation states arithmetic atomic ordering depends on hardware scheduling and can vary between runs,primary external documentation,https://docs.nvidia.com/cuda/cuda-programming-guide/05-appendices/mathematical-functions.html,Deterministic Results,current documentation,2026-10-01,CUDA Programming Guide 13.x,GPU correctness/determinism,high,Other APIs have their own memory models,Define Cyrus correctness and repeatability oracle,must address before spacing GPU,not independently re-opened by parent
CL-GP-18,Intel oneAPI/SYCL Windows deployment uses device drivers and optional vendor plugins; cross-vendor execution is not deployment-free,primary external documentation,https://www.intel.com/content/www/us/en/docs/dpcpp-cpp-compiler/get-started-guide/2025-1/get-started-on-windows.html,Get Started on Windows; GPU Drivers or Plugins,2025-01 documentation,2026-10-01,oneAPI DPC++ 2025.1,SYCL deployment,medium,Documentation describes differing plugin availability by OS/vendor,Validate exact Windows AMD/NVIDIA plugin status,not first backend,not independently re-opened by parent
CL-GP-19,"Corona currently describes CPU rendering/interactive rendering, with GPU rendering through Chaos Vantage Live Link",primary external documentation,https://www.chaos.com/corona/features,CPU rendering; GPU rendering with Vantage,current page reviewed,2026-10-01,Corona current web documentation,Corona coexistence,high,Corona versions may differ,Verify exact customer Corona version,CPU renderer contention lower than V-Ray/Vantage,not independently re-opened by parent
CL-GP-20,"V-Ray exposes CPU, CUDA, and OptiX modes and warns that one-GPU rendering can make UI sluggish",primary external documentation,https://docs.chaos.com/vray_app_sdk/doc/python/docs/vray.VRayRenderer.html,renderMode; compute devices,current V-Ray App SDK 7 docs,2026-10-01,V-Ray App SDK 7,V-Ray GPU contention,high,Specific V-Ray versions/configurations vary,Test device selection and contention with Cyrus prototype,must support device policy,not independently re-opened by parent
CL-GP-21,Chaos Vantage uses GPU render devices and may use up to two graphics cards,primary external documentation,https://docs.chaos.com/pages/viewpage.action?pageId=75831524&navigatingVersions=true,Rendering device(s),undated,2026-10-01,Chaos Vantage docs,Vantage coexistence,medium,Version-specific behavior may change,Verify current Vantage release,must support device policy,not independently re-opened by parent
CL-GP-22,D3D11 shared-resource APIs require creation with sharing flags and impose resource/synchronization restrictions,primary external documentation,https://learn.microsoft.com/en-us/windows/win32/api/d3d11/nf-d3d11-id3d11device-opensharedresource,OpenSharedResource; Remarks,undated,2026-10-01,D3D11,"Generic interop, not Autodesk guarantee",None found,Verify resource descriptors before any interop,interop constraint,interop constraint,not independently re-opened by parent
CL-VP-18,CreateInstanceData returns bool; documented main failure reason is instance GPU memory too large for the GPU,primary external documentation,https://help.autodesk.com/cloudhelp/2026/ENU/MAXDEV-CPP-API-REF/class_max_s_d_k_1_1_graphics_1_1_viewport_instancing_1_1_instance_display_geometry.html,CreateInstanceData(),not stated,2026-10-01,3ds Max 2026 SDK,Fallback design and VRAM budgeting,high,None found,Force failure with oversized instance set on low-VRAM GPU; verify fallback,constraint,Parent opened directly
CL-VP-19,Max never takes ownership of InstanceData arrays and builds the instance vertex buffer immediately; copies only pColors and pViewportMaterials; sample MAXSDK/HOWTO/OBJECTS/VIEWPORTINSTANCE/INSTANCEOBJECT.CPP; link optimesh.lib,primary external documentation,https://help.autodesk.com/cloudhelp/2026/ENU/MAXDEV-CPP-API-REF/class_max_s_d_k_1_1_graphics_1_1_viewport_instancing_1_1_instance_display_geometry.html,Detailed Description,not stated,2026-10-01,3ds Max 2026 SDK,Buffer lifetime contract for prototype,high,None found,Confirm sample present in installed 2026 and 2027 SDKs,constraint,Parent opened directly
CL-VP-20,UpdateInstanceData accepts partial updates: only non-null members are updated; others keep values from CreateInstanceData,primary external documentation,https://help.autodesk.com/cloudhelp/2026/ENU/MAXDEV-CPP-API-REF/class_max_s_d_k_1_1_graphics_1_1_viewport_instancing_1_1_instance_display_geometry.html,UpdateInstanceData(),not stated,2026-10-01,3ds Max 2026 SDK,Transform-only edits/animation,high,None found,Measure update vs create cost locally,shortlist,Parent opened directly
