id,option,workflow_bottleneck,classification,simplest_impl,simpler_alternative,strongest_argument_against,experiment,accept_reject_thresholds,confidence,reversal_condition
DX-MQ-01,Instrumented measurement harness,"Unknown mixture of host evaluation, native compute, geometry prep, submission, GPU execution, and present latency",broadly applicable now,Add lightweight native scoped spans with scenario/frame/scene/seed IDs; MAXScript timestamps around boundary calls; ETW/WPR trace; PresentMon CSV; raw JSON/CSV output; release build switch-off,Use only WPR/WPA plus external PresentMon and a few MAXScript timestamps,Markers and synchronization probes add overhead and can perturb short frames,Run baseline and instrumented builds on fixed scenes; cold/warm; navigation/edit/rebuild/animation/render-prep; correlate spans to ETW and present intervals; validate output hash/counts,Instrumentation overhead <=2% for end-to-end median and <=5% p95; no correctness/hash difference; every measured stage reconciles to wall-time critical path,high,"If host APIs cannot safely accept markers, keep external WPR/PresentMon and instrument only native kernel boundaries"
DX-MQ-02,Optimize kernel only after contribution is measured,Potentially small kernel share of artist-visible critical path,investigate after local profiling,Use Amdahl bound from measured critical-path fraction p; optimize only if p and tail latency justify it,"Optimize allocation, invalidation, or marshalling first if they dominate",Kernel micro-optimization can improve an isolated timer while leaving edit-to-visible unchanged,Paired before/after kernel build; fixed seed and correctness oracle; compare end-to-end and kernel spans across small/large/unique-source cases,Accept only if target scenario median improves >=20% and p95 does not regress; reject if end-to-end gain <5% or small-scene latency regresses >5%,high,Reverse if trace shows kernel >=50% of critical path across priority workloads
DX-MQ-03,Introduce GPU compute/display backend,Large display/instance preparation or GPU-bound viewport,defer,Keep current CPU/Nitrous DX11 path until transfer-inclusive crossover is measured; prototype only isolated if needed,"Improve Nitrous instance data, batching, culling, and CPU preparation","Transfers, synchronization, device ownership, fallback, renderer coexistence, and DX11 host constraints add substantial complexity","Compare CPU/Nitrous baseline and GPU prototype including upload, synchronization, device loss, memory, cold/warm, and 32 GB target; exact image/count hash","Do not adopt unless transfer-inclusive end-to-end median improves >=30%, p95 improves, memory bound is met, and CPU fallback is correct",high,Reverse if large unique-source workloads show stable transfer-inclusive GPU win with supportable ownership contract
DX-MQ-04,Use ApplicationPlugins bundle with isolated dependency policy,"DLL collisions, wrong Max-version load, upgrade/uninstall failure",broadly applicable now,Per-version package directories; precise SeriesMin/SeriesMax; stable UpgradeCode; changing ProductCode/AppVersion; module path/hash manifest; controlled dependency loading; VC++ prerequisite,Loose plugin-folder deployment for internal experiments,Packaging and installer work costs time; old `.mzp` habits are simpler for scripts,"Install clean machine with Max 2026 and 2027, both updates; upgrade/downgrade/uninstall; inspect loaded modules and hashes; run with Corona/V-Ray","Zero wrong-version loads, no duplicate same-named private DLLs, clean uninstall, deterministic module manifest, no startup error",high,Reverse only for a script-only internal tool with no native/managed binary
DX-MQ-05,Versioned persistence/schema migration,"Scene reopen, save-as-old, merge/XRef, scripted redefinition, parameter compatibility",broadly applicable now,Stable classIDs; explicit plugin/schema version; update conversion; chunked native data; preserve old chunks; reference-safe ownership; missing-plugin diagnostic,Freeze schema and reject all old scenes,Schema freeze shifts cost to users and does not solve native chunk compatibility,Generate scenes in each version; load in later build; edit all parameters; save/load/merge/XRef/clone/undo/reset; compare semantic state and deterministic output hash,No silent parameter loss; explicit conversion warnings where needed; semantic state and output oracle match; no crash on missing plugin,high,Reverse only if product explicitly declares no scene compatibility and controls all files
DX-MQ-06,Staged qualification matrix,"Unknown behavior under scale, long sessions, animation, renderer contention, low memory, and device failure",broadly applicable now,"Automate small/large/unique/pathological scenes, cold/warm, 32 GB, Manual/Real-time, animation, save/load/reset/merge/clone/XRef, Undo/Redo, cancellation/shutdown, Corona/V-Ray",Manual smoke tests plus synthetic proxy FPS demo,Automation and scene curation are expensive; broad matrix can delay beta,"Run deterministic harness per stage with raw logs, image/count/hash oracle, memory/VRAM telemetry, crash/hang capture",Alpha claims basic load/create/edit only; beta claims tested feature combinations; RC claims exact host/update/hardware/package matrix only; no global renderer claim,high,Reverse scope if supported workflow is intentionally narrower and documented
DX-MQ-07,Keep PIX out of primary DX11 timing path,Need GPU timing on Nitrous DX11,broadly applicable now,Use WPR/WPA + PresentMon + vendor timeline; reserve PIX for D3D12 or diagnostic D3D11On12 captures,Use PIX D3D11On12 anyway,PIX translation can alter behavior and timing captures lack ordinary D3D11 GPU work,"Capture identical navigation/edit runs with PIX D3D11On12, WPR, PresentMon; compare overhead and GPU evidence",Reject PIX as quantitative DX11 GPU timer if GPU work is absent/translated or overhead changes p95 >5%,high,Reverse if current PIX release provides validated native-DX11 timing on tested Max path
DX-AL-01,Area-weighted triangle CDF versus alias,Repeated selection of triangles from a stable area/mask distribution,broadly applicable now,Keep area array plus prefix CDF and binary search; omit zero-area triangles,Direct linear scan for very small triangle counts,"Alias can reduce selection cost but adds memory, build work, and invalidation complexity","For T in {32,128,512,2048,8192}, Q in {1,10,1e3,1e6}, measure build, selection, cache misses, and output histogram; compare against a high-precision area oracle",Adopt alias only if total build+Q*sample time improves by at least 20% on representative repeated workloads without changing count/histogram; otherwise keep CDF,high,Frequent mask/topology edits or small Q reverse the choice
DX-AL-02,Keyed counter-based RNG,"Output changes with thread schedule, retry counts, or worker partitioning",broadly applicable now,"Use Philox/Threefry-style counter(key,logical_id) with explicit purpose and attempt domains",One deterministic serial RNG stream,Changing stream mapping can change historical point identities and exact output,"Generate identical logical inputs with 1,2,4,8,16 threads and different task partitions; compare bitwise outputs and statistical tests","Require bitwise equality if current contract demands it; otherwise require count, containment, spacing, and distribution parity with documented position tolerance",high,"If legacy sequence identity is contractual, preserve legacy mode and add keyed mode explicitly"
DX-AL-03,Uniform-grid/hash spacing broadphase,Point-versus-all-point proximity checks dominate interactive scatter rebuilds,broadly applicable now,"Fixed-radius grid with cell width r/sqrt(3), reused arrays, squared-distance narrow phase",Direct loop for small N,"Poor for highly skewed density, variable radii, or geodesic spacing","Sweep N, radius, domain extent, density skew, and query count; measure candidate checks, build/update, p95 latency, and memory",Adopt when candidate checks fall materially and total frame/rebuild time improves at least 20% without false negatives; retain direct-loop oracle,high,"Small N, highly skewed occupancy, or variable-radius semantics reverse it"
DX-AL-04,Surface-aware pool plus constrained elimination,Need blue-noise spacing on irregular/folded meshes without projection bias,investigate after local profiling,"Uniform area sample pool, spatial cell elimination, optional exact-count elimination",World-space Bridson dart throwing with narrow-phase mesh checks,Oversampling and elimination consume memory and may not guarantee maximal coverage,"For plane, thin shell, folded mesh, holes, and mixed triangle scales, compare power spectrum/nearest-neighbor distribution, count, build time, and boundary bias",Accept only if surface distribution and spacing improve at an agreed quality target with bounded memory; otherwise use simpler darts,medium,"If visual quality is indistinguishable or mesh edits dominate, reject"
DX-AL-05,BVH versus uniform grid/k-d tree,Closest-point/ray/collision candidate enumeration across many triangles,investigate after local profiling,Use existing/simple BVH or grid only after measuring; rebuild/refit policy explicit,Direct triangle loop as oracle and small-workload path,Index build/invalidation may cost more than queries; external dependency adds maintenance,"For actual mesh sizes and edit patterns, measure build, refit, rebuild, Q-query latency, candidate count, memory, and worst cases with skew/degenerate triangles",Select by total time: build+Q*query; require no missed candidates against brute-force oracle and at least 20% total improvement,high,"Small Q, frequent topology edits, or similar total time favors direct/grid"
DX-AL-06,Robust predicate fallback,Near-boundary and near-degenerate containment/orientation decisions are unstable,broadly applicable now,Fast filtered predicate with Shewchuk-style adaptive fallback for sign decisions,Fixed epsilon around ordinary floating-point tests,Fallback code complexity and integration/ABI review cost,"Generate adversarial near-collinear, large-coordinate, mirrored, and boundary-on-edge cases; compare sign against exact/integer oracle where available",Zero false classifications in adversarial corpus; measure fallback rate and ensure normal workloads incur acceptable overhead,high,"If inputs are formally bounded and no failures occur, keep simpler filter but retain tests"
DX-AL-07,Controlled FP/reproducibility build policy,FMA/reassociation/thread reductions alter selected points or counts,broadly applicable now,Keep decision-critical code under /fp:precise or stricter local controls; use fixed reduction order,Global /fp:fast for all native code,May reduce peak arithmetic throughput and differ from legacy output,"Compile same corpus with /fp:precise, /fp:precise+/fp:contract, /fp:fast; vary ISA and thread count; compare output and performance",Do not change flags solely for speed; require no contract-visible output change or obtain explicit approval for a changed contract,high,"If decisions are tolerance-based and parity is not contractual, use faster mode outside predicates/reductions"
DX-AL-08,SoA and allocation reuse,Hot loops spend time on memory traffic and allocation rather than arithmetic,investigate after local profiling,Reuse owned scratch buffers and use SoA for large homogeneous scans,Retain current AoS and allocator behavior,Layout conversion and lifetime bugs can outweigh gains for small workloads,"Profile cache misses, allocation count, vectorization reports, and end-to-end time for small/medium/large N",Adopt only if end-to-end time improves at least 10% with no memory growth beyond target and no reproducibility change,medium,"If arithmetic/indexing dominates or N is small, retain AoS"
DX-AL-09,Separate Max 2026/2027 native builds,Host ABI/SDK compatibility and deployment validation,broadly applicable now,Build and load-test one binary per supported Max SDK/API target,Assume cross-version loading,Autodesk documentation identifies incompatibility between these releases,"Build minimal plug-in against each installed SDK; load, scatter, edit, save, and render smoke tests in both hosts",Require successful load and behavioral smoke tests in every supported host; no cross-loading assumption,high,Only if Autodesk provides an explicit compatibility guarantee for the exact SDK pair
DX-CC-01,Keep serial optimized computation as the baseline,Unknown until local profiling; likely small scatter rebuilds or host-evaluation-dominated work,broadly applicable now,"Optimize allocations, data layout, culling, and deterministic loops; retain a serial path",No new concurrency infrastructure,May leave large owned-data workloads slower than necessary,"Fixed snapshots at small/medium/large counts; compare serial wall time, p95 main-thread stall, allocations, and output hash/tolerance",Accept as default if parallel speedup is <1.2x on large input or worsens p95 latency >10%; reject only if bounded parallel is >=1.2x faster with no correctness or latency regression,high,Measured large owned-data workloads show durable speedup and acceptable latency
DX-CC-02,Bounded synchronous fork/join over owned arrays,CPU-heavy independent placement/analysis after a main-thread snapshot,investigate after local profiling,"One parallel range, fixed worker cap, minimum-work cutoff, per-range outputs, deterministic merge, join before publish",Serial optimized implementation,"Fork/join overhead, renderer contention, and cache pressure can erase gains","For identical immutable snapshots and seeds, run serial and worker caps 1/2/half/all-allowed across grain sizes; collect wall time, p50/p95/p99 interaction stall, CPU, memory, and exact/tolerance parity","Accept if zero crashes/hangs, zero unacceptable parity failures, large-case wall time improves >=20%, and p95 interaction latency is no worse than baseline; reject if <10% gain or p95 worsens >10%",high,Results show gains only under a persistent executor or a different owned-data partition
DX-CC-03,Persistent plugin executor,Repeated long asynchronous rebuilds where startup cost is material,defer,"Only after profiling; executor owns no Max objects, supports cancellation, and drains and joins before unload",Synchronous bounded fork/join,Highest lifetime/shutdown complexity and stale-result risk,"Stress repeated rebuilds while changing parameters, undo/redo, deleting nodes, loading/resetting scenes, closing Max, and unloading/reloading plugin; monitor hangs, use-after-free, stale publications, and teardown time",Reject unless synchronous execution misses a defined responsiveness target and persistent executor has zero lifecycle failures over an extended stress run; stop on first unload/scene-lifecycle fault,high,Measured startup cost is a dominant fraction of a long-lived workload and lifecycle stress passes
DX-CC-04,Asynchronous snapshot-compute-publish with generation checks,Long native compute that blocks interaction but does not require host access during compute,investigate after local profiling,Main-thread snapshot plus generation/cancellation token; worker computes only owned data; PostTask publishes only if generation and host validity still match,Event coalescing plus synchronous rebuild,"More stale work, memory retention, cancellation, and undo/redo complexity","Rapid parameter edits, undo/redo, scene reset/load, node deletion, render start/stop, and shutdown while workers run; verify stale results never publish and all workers stop before unload",Accept only if interaction p95 improves materially (proposed >=20%) with zero stale publications/crashes; reject if snapshot or queue overhead dominates or stale-result handling is ambiguous,medium-high,Work is short enough for coalesced synchronous rebuild or host evaluation dominates
DX-CC-05,Use IMainThreadTaskManager for native publication,Worker completion must mutate Max UI/scene/plugin host state,broadly applicable now,Post a MainThreadTask carrying an owned result and generation token; Execute validates state and applies on main thread,Main-thread timer/event coalescing for simple scripts,Queue timing and shutdown semantics require validation; task payload can outlive plugin state,"Post tasks while resetting/loading/closing Max; confirm Execute occurs on main thread, stale tasks are discarded, and task payloads do not retain unloaded code",Accept when lifecycle stress shows zero callback-after-unload and zero stale publication; fallback to simple coalescing if queue integration is unavailable in target SDK,high,Target host build does not pump tasks reliably or task manager is unavailable
DX-CC-06,Use Autodesk-compatible TBB/ThreadTools,Need bounded native ranges and Max already loads TBB,investigate after local profiling,Use exact SDK-supported TBB headers/runtime only after dependency audit; cap via arena/Max controls where documented; otherwise use standard bounded implementation,std::thread or PPL with explicit fixed worker count,Bundled-version/ABI/DLL conflicts and no general plugin-pool guarantee,Inspect loaded DLLs and link dependencies in clean Max 2026/2027 installs; benchmark TBB versus serial and a private bounded implementation under idle and renderer-active states,"Accept only if exact runtime loads cleanly on both host versions, no DLL collision, and it wins the same parity/latency thresholds as DX-CC-02; reject on unresolved deployment ambiguity",medium,Autodesk publishes a supported plugin executor or local profiling shows no TBB benefit
DX-CC-07,Renderer-contention budget,CPU-heavy plugin rebuilds concurrent with Corona/V-Ray final or interactive rendering,investigate after local profiling,Run fixed plugin worker caps against renderer default/all-core and renderer-limited modes; expose conservative cap or disable background compute during final render,Pause/coalesce plugin work during rendering,Any cap can reduce either render throughput or rebuild throughput,"Fixed scene and render settings; compare renderer-only, plugin-only, and concurrent runs; record render wall time, plugin wall time, UI p95/p99, cancellation latency, CPU package power/thermal state, and peak memory",Accept only if concurrent render time and UI latency remain within agreed budgets (proposed <=5% render regression and <=10% UI p95 regression); otherwise serialize/coalesce,high,Target workflows never overlap plugin work and rendering
DX-CC-08,Hybrid CPU/NUMA tuning,"P/E placement, SMT contention, or NUMA locality causes latency variance",defer,Let Windows/Thread Director schedule by default; test oneTBB constraints only after evidence,No affinity or core-type policy,Hard pinning can harm portability and defeat OS scheduling; NUMA locality may conflict with renderer,"On target P/E and NUMA systems, compare default scheduling, worker caps, SMT-off/one-thread-per-core variant, and measured task_arena constraints; collect wall and tail latency",Reject manual pinning unless it improves p95/p99 and wall time consistently across repeated runs without harming renderer; accept default OS scheduling when variance is within budget,medium,"Repeated profiling shows stable, large gains from a specific topology constraint"
DX-VP-01,Retained source geometry plus MaxSDK::Graphics::ViewportInstancing,CPU expansion and repeated submission of identical source triangles during navigation/animation,investigate after local profiling,"Implement one IObjectDisplay2 path with one retained source geometry per compatible batch, InstanceDisplayGeometry, pMatrices, CreateInstanceData on topology/count changes, UpdateInstanceData on transform-only changes, and CPU fallback",Keep current CPU-batched path and first optimize rebuild invalidation/batching,"GPU path adds SDK integration, stream requirements, resource lifetime, device-reset, and per-instance interaction complexity","Use identical source meshes, instance transforms, counts, viewport size, driver, Standard/High Quality modes, and camera path. Compare current CPU batch against retained render-item/viewport-instancing prototype. Record median/p95 synchronous redraw duration, presentation FPS, CPU build/upload time, GPU memory, system RAM, and visible-output checksum/image diff.","Accept only if prototype improves p95 redraw time or sustained interactive frame delivery by a predefined margin (suggest 25%) without correctness regressions, unbounded VRAM growth, or failed rebuild/device tests. Reject if gains are below measurement noise or only appear in uncontrolled FPS overlay.",high that API is viable; unknown benefit until measured,"If CPU batching matches or beats it on target workloads, or if required selection/material/driver behavior cannot be preserved, keep CPU path."
DX-VP-02,Keep CPU batching as long-term baseline/fallback,"Unsupported drivers, incompatible material/UVW overrides, topology-changing/deforming sources, and easier selection/hit testing",broadly applicable now,"Retain source-side CPU batching, but group by source/material and avoid rebuilds when transforms only change",Use only point/box previews and disable full display,CPU expansion can become the dominant cost at high counts and may duplicate memory,Run current CPU path with source-vertex counts and instance counts swept independently; compare expanded CPU memory and redraw time to budgeted target on 32 GB workstation.,Keep as mandatory fallback regardless of GPU result. Reject only if it prevents required interactive workload even after display budgets/proxies are applied.,high,If target workloads show CPU path is consistently unacceptable and GPU path passes all lifecycle/correctness tests.
DX-VP-03,Explicit representation ladder and display budgets,Full meshes overload rasterization and GPU memory even when scattering computation is fast,broadly applicable now,"Implement None/Dot/Box/WireBox/PointCloud/Proxy/Full, plus max instances and max polygons; optionally adaptive full-to-box while actively navigating",Single fixed proxy mode,Reduced display fidelity may surprise users and must be decoupled from render counts,"For fixed scatter state, sweep representations and budgets while measuring interaction latency and checking silhouette/selection expectations. Verify viewport count can differ from render count.","Accept if every representation has deterministic limits, no viewport budget changes render output, and active navigation remains within agreed p95 latency. Reject only representations that cannot meet correctness or maintenance requirements.",high,If source geometry is always small enough that full display meets target latency.
DX-VP-04,Separate viewport culling/LOD from render-time instance data,"Viewport optimization can omit instances needed by reflections, shadows, motion blur, or off-camera rays",broadly applicable now,Maintain independent viewport display subset and renderer-facing full instance source; expose camera clipping only as explicit viewport/scene-parse optimization with warning,Do not cull; always display/render all instances,Separate sets increase state and invalidation complexity,Render a camera-framed scene with off-camera instances contributing to reflection/shadow; compare with viewport-culling subset. Verify renderer instance data is unaffected by viewport budget/culling.,Reject any implementation where viewport culling changes final render semantics. Accept camera clipping only with documented extend-view behavior and renderer-specific tests.,high,"Only if product explicitly accepts altered render semantics, which current requirements do not support."
DX-VP-05,Add RenderTimeInstancingInterface for Corona/V-Ray,Final-render duplication and renderer-specific instance handling,defer,Implement only after confirming target renderer support and defining source/target/motion-blur/material override contracts,Use existing aggregate GetRenderMesh/render path,Renderer support is not guaranteed by Autodesk API; implementation may not benefit unsupported renderers,"For each target renderer/version, render a source/instance scene with transforms, motion blur, material/MatID/UVW overrides, reflections, and shadows. Compare render output and memory/time against existing path.",Do not accept on API existence alone. Accept per renderer only when output matches and render memory/time improves on representative workloads; otherwise retain aggregate fallback.,medium,"Renderer vendors document and pass support tests, or current rendering is proven bottleneck."
DX-VP-06,Use CustomRenderItemHandle/ICustomRenderItem,Need for specialized draw behavior beyond standard geometry/instancing,defer,Only use if standard GeometryRenderItemHandle/InstanceDisplayGeometry cannot express required behavior; keep Realize/Display self-contained,Use standard InstanceDisplayGeometry and legacy fallback,Custom path has highest threading/resource-lifetime complexity,"Stress multiple viewports, repeated redraws, node hide/unhide, driver/device changes, plugin unload, and source invalidation while checking for stale handles/crashes.",Reject unless standard API cannot implement a required feature and custom path passes lifecycle stress tests with measurable benefit.,medium,A required display feature cannot be represented with standard retained geometry/instancing.
DX-GP-01,Optimized CPU baseline,"Unknown candidate-generation, mask, closest-point, spacing, extraction, or publication share",broadly applicable now,"Instrument edit-to-visible path; improve packed data, SIMD, spatial indexing, bounded worker ownership, and invalidation contracts",Keep current implementation until profiling identifies a hot path,May leave a genuinely dominant dense kernel unaccelerated,"Three scenes; measure extraction, CPU kernels, publication, and viewport redraw separately; record median/p95",Proceed with CPU work by default; stop GPU proposal if candidate share <20% or ideal Amdahl ceiling <=1.25x,high,Measured GPU-worthy kernel dominates and CPU optimization plateaus
DX-GP-02,DirectCompute/D3D11 private-buffer prototype,Large dense candidate generation or mask evaluation with regular data,investigate after local profiling,Compile one HLSL CS 5.x kernel; private D3D11 buffers; batch upload; dispatch; read back compact result; CPU publication,Optimized CPU implementation,No documented Autodesk Nitrous compute-dispatch or arbitrary buffer-sharing contract; GPU may contend with viewport,Implement one kernel and compare transfer-inclusive edit-to-visible latency against CPU; validate candidate IDs/positions,"Accept only >=1.5x median speedup, <=10% p95 regression, and declared correctness tolerance; reject below 1.25x",medium,Autodesk documents supported compute/interop path or local measurements show no transfer penalty
DX-GP-03,CUDA/NVIDIA backend,"Same as DX11, but only for NVIDIA users and CUDA-capable machines",defer; investigate after profiling,Private CUDA allocations; persistent buffers; pinned staging; one batched kernel; CPU fallback; explicit device selection,DirectCompute/D3D11 or optimized CPU,NVIDIA-only; driver/runtime packaging; V-Ray GPU/Vantage contention; D3D11 interop lifecycle risk,Run CUDA prototype on at least two NVIDIA generations and one renderer-active case; measure H2D/kernel/D2H/sync separately,Require same end-to-end thresholds as DX11 plus no unacceptable renderer/UI contention and a supported fallback,medium-high,NVIDIA is a contractual target and measured speedup remains after renderer contention
DX-GP-04,OpenCL backend,Cross-vendor dense kernels where NVIDIA/AMD/Intel coverage is a hard requirement,defer / reject as first backend,Only consider after feature-query matrix and target-driver qualification; use basic kernels without optional features,CPU baseline or D3D11 on Windows,"OpenCL 3.x optional features, driver/extension variance, AMD Windows coverage uncertainty, testing burden",Enumerate required extensions/features on representative NVIDIA/AMD/Intel Windows systems; run same kernel and correctness suite,Reject first-backend work unless at least 90% of target machines pass required feature/correctness tests and transfer-inclusive speedup meets 1.5x,high,User telemetry proves broad non-NVIDIA demand and a stable supported feature subset
DX-GP-05,SYCL/oneAPI,Multi-architecture portability after one kernel has proven valuable,reject as first backend; investigate later,Prototype only after a backend-specific win; target a narrowly defined kernel and fixed toolchain,DirectCompute/D3D11 or CUDA plus CPU fallback,Compiler/runtime/plugin deployment and debugging cost arrives before proven benefit,"Port the already-validated kernel; compare build/runtime packaging, correctness, and speed across target vendors",Proceed only if it materially reduces maintained backend count and preserves >=1.5x end-to-end speedup,medium,Product explicitly commits to cross-vendor GPU support
DX-GP-06,Vulkan compute,Potential future cross-vendor compute independent of Nitrous,defer,No implementation until a supported Max/Nitrous resource and device-lifecycle path is established,DirectCompute/D3D11 or CPU,No verified Autodesk Vulkan compute/interop path in reviewed SDK material; adds explicit synchronization/deployment complexity,Architecture spike only; no production code; document device/resource sharing and publication path,Reject if it requires private device plus full copies and cannot beat D3D11/CPU transfer-inclusive latency,medium,Autodesk documents Vulkan resource/compute integration or product broadens beyond Max/Windows
DX-GP-07,Minimal falsifiable GPU experiment,Whether candidate kernel dominates edit-to-visible latency,investigate after local profiling,Instrument three representative scenes; prototype one dense kernel with private buffers; compare complete latency and correctness,Keep CPU and stop GPU work,"Kernel-only speedup can hide extraction, transfers, synchronization, readback, and publication","Measure T_extract, T_pack, T_upload, T_alloc, T_dispatch, T_kernel, T_sync, T_readback, T_publish; median/p95; repeatability; renderer-on/off","Stop if p<20%, ideal Amdahl bound<=1.25x, or GPU end-to-end<1.25x; continue only at >=1.5x median, <=10% p95 regression, acceptable correctness",high,Local data shows persistent residency and a dominant regular kernel
