control_key,current_group,current_section,control_name,kind,capabilities,current_owner_context,planned_owner,disposition,planned_target,acceptance_gate,status
general/host/enabledCheck,general,host,enabledCheck,checkbox,C01,Controller,Controller,retain,Existing controller action or display setting,Preserve cached/pending behavior and current explicit action semantics.,planned_not_implemented
general/editor/updateNow,general,editor,updateNow,button,C24|C26|C27,Editor context; action scope named in UI,Editor/session,retain,Optional shared-model layer editor,Warm owner/topic retarget; no solve or upload from navigation.,planned_not_implemented
general/editor/layerList,general,editor,layerList,dropdownlist,C24|C26|C27,Editor context; action scope named in UI,Editor/session,retain,Optional shared-model layer editor,Warm owner/topic retarget; no solve or upload from navigation.,planned_not_implemented
general/editor/setList,general,editor,setList,dropdownlist,C24|C26|C27,Editor context; action scope named in UI,Editor/session,retain,Optional shared-model layer editor,Warm owner/topic retarget; no solve or upload from navigation.,planned_not_implemented
general/editor/assetsTab,general,editor,assetsTab,checkbutton,C24|C26|C27,Editor context; action scope named in UI,Editor/session,retain,Optional shared-model layer editor,Warm owner/topic retarget; no solve or upload from navigation.,planned_not_implemented
general/editor/populationTab,general,editor,populationTab,checkbutton,C24|C26|C27,Editor context; action scope named in UI,Editor/session,retain,Optional shared-model layer editor,Warm owner/topic retarget; no solve or upload from navigation.,planned_not_implemented
general/editor/paintTab,general,editor,paintTab,checkbutton,C24|C26|C27,Editor context; action scope named in UI,Editor/session,retain,Optional shared-model layer editor,Warm owner/topic retarget; no solve or upload from navigation.,planned_not_implemented
general/editor/transformTab,general,editor,transformTab,checkbutton,C24|C26|C27,Editor context; action scope named in UI,Editor/session,retain,Optional shared-model layer editor,Warm owner/topic retarget; no solve or upload from navigation.,planned_not_implemented
general/editor/spacingTab,general,editor,spacingTab,checkbutton,C24|C26|C27,Editor context; action scope named in UI,Editor/session,retain,Optional shared-model layer editor,Warm owner/topic retarget; no solve or upload from navigation.,planned_not_implemented
general/editor/statisticsTab,general,editor,statisticsTab,checkbutton,C24|C26|C27,Editor context; action scope named in UI,Editor/session,retain,Optional shared-model layer editor,Warm owner/topic retarget; no solve or upload from navigation.,planned_not_implemented
general/editor/refreshButton,general,editor,refreshButton,button,C24|C26|C27,Editor context; action scope named in UI,Editor/session,retain,Optional shared-model layer editor,Warm owner/topic retarget; no solve or upload from navigation.,planned_not_implemented
general/updateUI/updateRadio,general,updateUI,updateRadio,radiobuttons,C24,Controller,Controller,retain,Manual/Live or explicit Update,Pending until Update in Manual; relevant inputs only in Live.,planned_not_implemented
general/updateUI/updateNow,general,updateUI,updateNow,button,C24,Controller,Controller,retain,Manual/Live or explicit Update,Pending until Update in Manual; relevant inputs only in Live.,planned_not_implemented
general/previewUI/previewCheck,general,previewUI,previewCheck,checkbox,C25|C28|C29,Setup display/output,Controller,retain,Global viewport/output setting,Display-only changes do not resample; render/output uses published epoch.,planned_not_implemented
general/previewUI/displayModeDrop,general,previewUI,displayModeDrop,dropdownlist,C25|C28|C29,Setup display/output,Controller,retain,Global viewport/output setting,Display-only changes do not resample; render/output uses published epoch.,planned_not_implemented
general/previewUI/proxyShapeDrop,general,previewUI,proxyShapeDrop,dropdownlist,C25|C28|C29,Setup display/output,Controller,retain,Global viewport/output setting,Display-only changes do not resample; render/output uses published epoch.,planned_not_implemented
general/previewUI/instancesLimitSpin,general,previewUI,instancesLimitSpin,spinner,C25|C28|C29,Setup display/output,Controller,retain,Global viewport/output setting,Display-only changes do not resample; render/output uses published epoch.,planned_not_implemented
general/previewUI/faceLimitSpin,general,previewUI,faceLimitSpin,spinner,C25|C28|C29,Setup display/output,Controller,retain,Global viewport/output setting,Display-only changes do not resample; render/output uses published epoch.,planned_not_implemented
general/previewUI/pointColorRadio,general,previewUI,pointColorRadio,radiobuttons,C25|C28|C29,Setup display/output,Controller,retain,Global viewport/output setting,Display-only changes do not resample; render/output uses published epoch.,planned_not_implemented
general/previewUI/solidColorPicker,general,previewUI,solidColorPicker,colorpicker,C25|C28|C29,Setup display/output,Controller,retain,Global viewport/output setting,Display-only changes do not resample; render/output uses published epoch.,planned_not_implemented
general/previewUI/budgetSpin,general,previewUI,budgetSpin,spinner,C25|C28|C29,Setup display/output,Controller,retain,Global viewport/output setting,Display-only changes do not resample; render/output uses published epoch.,planned_not_implemented
general/previewUI/pointsSpin,general,previewUI,pointsSpin,spinner,C25|C28|C29,Setup display/output,Controller,retain,Global viewport/output setting,Display-only changes do not resample; render/output uses published epoch.,planned_not_implemented
general/previewUI/radiusLimitSpin,general,previewUI,radiusLimitSpin,spinner,C25|C28|C29,Setup display/output,Controller,retain,Global viewport/output setting,Display-only changes do not resample; render/output uses published epoch.,planned_not_implemented
general/previewUI/radiusAllCheck,general,previewUI,radiusAllCheck,checkbox,C25|C28|C29,Setup display/output,Controller,retain,Global viewport/output setting,Display-only changes do not resample; render/output uses published epoch.,planned_not_implemented
general/previewUI/iconSpin,general,previewUI,iconSpin,spinner,C25|C28|C29,Setup display/output,Controller,retain,Global viewport/output setting,Display-only changes do not resample; render/output uses published epoch.,planned_not_implemented
general/previewUI/refreshButton,general,previewUI,refreshButton,button,C25|C28|C29,Setup display/output,Controller,retain,Global viewport/output setting,Display-only changes do not resample; render/output uses published epoch.,planned_not_implemented
general/previewUI/autoRenderCheck,general,previewUI,autoRenderCheck,checkbox,C25|C28|C29,Setup display/output,Controller,retain,Global viewport/output setting,Display-only changes do not resample; render/output uses published epoch.,planned_not_implemented
general/previewUI/clearBakedButton,general,previewUI,clearBakedButton,button,C25|C28|C29,Setup display/output,Controller,retain,Global viewport/output setting,Display-only changes do not resample; render/output uses published epoch.,planned_not_implemented
general/surface/sharedPick,general,surface,sharedPick,pickbutton,C02|C07,Controller/global pool,Controller,retain,Receiving surfaces or global source pool,Relevant dependency change; Manual/Live parity; no conversion gate for new setup.,planned_not_implemented
general/surface/surfacesButton,general,surface,surfacesButton,button,C02|C07,Controller/global pool,Controller,retain,Receiving surfaces or global source pool,Relevant dependency change; Manual/Live parity; no conversion gate for new setup.,planned_not_implemented
general/surface/policyButton,general,surface,policyButton,button,C02|C07,Controller/global pool,Controller,retire,No conversion button; procedural sole model,Fresh setup supports all qualified features without policy conversion.,planned_not_implemented
general/surface/containersToggle,general,surface,containersToggle,checkbutton,C02|C07,Controller/global pool,Controller,retain,Receiving surfaces or global source pool,Relevant dependency change; Manual/Live parity; no conversion gate for new setup.,planned_not_implemented
general/surface/globalContainers,general,surface,globalContainers,listbox,C02|C07,Controller/global pool,Controller,retain,Receiving surfaces or global source pool,Relevant dependency change; Manual/Live parity; no conversion gate for new setup.,planned_not_implemented
general/surface/createContainer,general,surface,createContainer,button,C02|C07,Controller/global pool,Container / consuming controller or set,port,Create dedicated Cyrus Source Container,"Dedicated frame adapter, linked editing, labels, identity/Undo and cached membership.",planned_not_implemented
general/surface/pickContainer,general,surface,pickContainer,pickbutton,C02|C07,Controller/global pool,Container / consuming controller or set,port,Create Cyrus container from ordinary Rectangle input,"Dedicated frame adapter, linked editing, labels, identity/Undo and cached membership.",planned_not_implemented
general/surface/removeContainer,general,surface,removeContainer,button,C02|C07,Controller/global pool,Container / consuming controller or set,port,Unlink container without deleting source models/settings,"Dedicated frame adapter, linked editing, labels, identity/Undo and cached membership.",planned_not_implemented
general/manager/layerList,general,manager,layerList,listbox,C03,Controller/layer,Controller / layer,retain,Layer management and explicit order,Stable IDs; copy/remove/reorder; visibility versus enable; Undo.,planned_not_implemented
general/manager/editButton,general,manager,editButton,button,C03,Controller/layer,Controller / layer,retain,Layer management and explicit order,Stable IDs; copy/remove/reorder; visibility versus enable; Undo.,planned_not_implemented
general/manager/addButton,general,manager,addButton,button,C03,Controller/layer,Controller / layer,retain,Layer management and explicit order,Stable IDs; copy/remove/reorder; visibility versus enable; Undo.,planned_not_implemented
general/manager/copyButton,general,manager,copyButton,button,C03,Controller/layer,Controller / layer,retain,Layer management and explicit order,Stable IDs; copy/remove/reorder; visibility versus enable; Undo.,planned_not_implemented
general/manager/removeButton,general,manager,removeButton,button,C03,Controller/layer,Controller / layer,retain,Layer management and explicit order,Stable IDs; copy/remove/reorder; visibility versus enable; Undo.,planned_not_implemented
general/manager/nameEdit,general,manager,nameEdit,edittext,C03,Controller/layer,Controller / layer,retain,Layer management and explicit order,Stable IDs; copy/remove/reorder; visibility versus enable; Undo.,planned_not_implemented
general/manager/visibleCheck,general,manager,visibleCheck,checkbox,C03,Controller/layer,Controller / layer,retain,Layer management and explicit order,Stable IDs; copy/remove/reorder; visibility versus enable; Undo.,planned_not_implemented
general/manager/enabledCheck,general,manager,enabledCheck,checkbox,C03,Controller/layer,Controller / layer,retain,Layer management and explicit order,Stable IDs; copy/remove/reorder; visibility versus enable; Undo.,planned_not_implemented
general/manager/upButton,general,manager,upButton,button,C03,Controller/layer,Controller / layer,retain,Layer management and explicit order,Stable IDs; copy/remove/reorder; visibility versus enable; Undo.,planned_not_implemented
general/manager/downButton,general,manager,downButton,button,C03,Controller/layer,Controller / layer,retain,Layer management and explicit order,Stable IDs; copy/remove/reorder; visibility versus enable; Undo.,planned_not_implemented
general/diagnostics/startButton,general,diagnostics,startButton,button,C32,Process-wide local recording,Controller,retain,Integrated bounded diagnostics,Recorder remains passive; report failure/limit behavior.,planned_not_implemented
general/diagnostics/stopButton,general,diagnostics,stopButton,button,C32,Process-wide local recording,Controller,retain,Integrated bounded diagnostics,Recorder remains passive; report failure/limit behavior.,planned_not_implemented
general/diagnostics/saveButton,general,diagnostics,saveButton,button,C32,Process-wide local recording,Controller,retain,Integrated bounded diagnostics,Recorder remains passive; report failure/limit behavior.,planned_not_implemented
general/diagnostics/refreshButton,general,diagnostics,refreshButton,button,C32,Process-wide local recording,Controller,retain,Integrated bounded diagnostics,Recorder remains passive; report failure/limit behavior.,planned_not_implemented
layer/sourceUI/plantList,layer,sourceUI,plantList,multiListBox,C05|C06|C08,Paint-set source row,Paint set / source / instance as applicable,retain,Per-set source record or explicit source action,Stable source identity and sticky per-owner metadata on parking/re-entry.,planned_not_implemented
layer/sourceUI/selectFromScene,layer,sourceUI,selectFromScene,button,C05|C06|C08,Paint-set source row,Paint set / source / instance as applicable,retain,Per-set source record or explicit source action,Stable source identity and sticky per-owner metadata on parking/re-entry.,planned_not_implemented
layer/sourceUI/addPlant,layer,sourceUI,addPlant,pickbutton,C05|C06|C08,Paint-set source row,Paint set / source / instance as applicable,retain,Per-set source record or explicit source action,Stable source identity and sticky per-owner metadata on parking/re-entry.,planned_not_implemented
layer/sourceUI/addSelected,layer,sourceUI,addSelected,button,C05|C06|C08,Paint-set source row,Paint set / source / instance as applicable,retain,Per-set source record or explicit source action,Stable source identity and sticky per-owner metadata on parking/re-entry.,planned_not_implemented
layer/sourceUI/removePlant,layer,sourceUI,removePlant,button,C05|C06|C08,Paint-set source row,Paint set / source / instance as applicable,retain,Per-set source record or explicit source action,Stable source identity and sticky per-owner metadata on parking/re-entry.,planned_not_implemented
layer/sourceUI/selectPlant,layer,sourceUI,selectPlant,button,C05|C06|C08,Paint-set source row,Paint set / source / instance as applicable,retain,Per-set source record or explicit source action,Stable source identity and sticky per-owner metadata on parking/re-entry.,planned_not_implemented
layer/sourceUI/addPoint,layer,sourceUI,addPoint,button,C05|C06|C08,Paint-set source row,Paint set / source / instance as applicable,retain,Per-set source record or explicit source action,Stable source identity and sticky per-owner metadata on parking/re-entry.,planned_not_implemented
layer/sourceUI/addEmpty,layer,sourceUI,addEmpty,button,C05|C06|C08,Paint-set source row,Paint set / source / instance as applicable,retain,Per-set source record or explicit source action,Stable source identity and sticky per-owner metadata on parking/re-entry.,planned_not_implemented
layer/sourceUI/replacePoint,layer,sourceUI,replacePoint,pickbutton,C05|C06|C08,Paint-set source row,Paint set / source / instance as applicable,retain,Per-set source record or explicit source action,Stable source identity and sticky per-owner metadata on parking/re-entry.,planned_not_implemented
layer/sourceUI/existingGroups,layer,sourceUI,existingGroups,dropdownlist,C05|C06|C08,Paint-set source row,Paint set / source / instance as applicable,retain,Per-set source record or explicit source action,Stable source identity and sticky per-owner metadata on parking/re-entry.,planned_not_implemented
layer/sourceUI/groupColor,layer,sourceUI,groupColor,colorpicker,C05|C06|C08,Paint-set source row,Paint set / source / instance as applicable,retain,Per-set source record or explicit source action,Stable source identity and sticky per-owner metadata on parking/re-entry.,planned_not_implemented
layer/sourceUI/applyColor,layer,sourceUI,applyColor,button,C05|C06|C08,Paint-set source row,Paint set / source / instance as applicable,retain,Per-set source record or explicit source action,Stable source identity and sticky per-owner metadata on parking/re-entry.,planned_not_implemented
layer/sourceUI/weightSpin,layer,sourceUI,weightSpin,spinner,C05|C06|C08,Paint-set source row,Paint set / source / instance as applicable,retain,Per-set source record or explicit source action,Stable source identity and sticky per-owner metadata on parking/re-entry.,planned_not_implemented
layer/sourceUI/sourceZSpin,layer,sourceUI,sourceZSpin,spinner,C05|C06|C08,Paint-set source row,Paint set / source / instance as applicable,retain,Per-set source record or explicit source action,Stable source identity and sticky per-owner metadata on parking/re-entry.,planned_not_implemented
layer/sourceUI/sourceScaleSpin,layer,sourceUI,sourceScaleSpin,spinner,C05|C06|C08,Paint-set source row,Paint set / source / instance as applicable,retain,Per-set source record or explicit source action,Stable source identity and sticky per-owner metadata on parking/re-entry.,planned_not_implemented
layer/sourceUI/radiusSourceSpin,layer,sourceUI,radiusSourceSpin,spinner,C05|C06|C08,Paint-set source row,Paint set / source / instance as applicable,retain,Per-set source record or explicit source action,Stable source identity and sticky per-owner metadata on parking/re-entry.,planned_not_implemented
layer/sourceUI/followRadiusCheck,layer,sourceUI,followRadiusCheck,checkbox,C05|C06|C08,Paint-set source row,Paint set / source / instance as applicable,retain,Per-set source record or explicit source action,Stable source identity and sticky per-owner metadata on parking/re-entry.,planned_not_implemented
layer/sourceUI/showRadiusCheck,layer,sourceUI,showRadiusCheck,checkbox,C05|C06|C08,Paint-set source row,Paint set / source / instance as applicable,retain,Per-set source record or explicit source action,Stable source identity and sticky per-owner metadata on parking/re-entry.,planned_not_implemented
layer/sourceUI/forwardAxis,layer,sourceUI,forwardAxis,dropdownlist,C05|C06|C08,Paint-set source row,Paint set / source / instance as applicable,retain,Per-set source record or explicit source action,Stable source identity and sticky per-owner metadata on parking/re-entry.,planned_not_implemented
layer/sourceUI/detailsToggle,layer,sourceUI,detailsToggle,checkbutton,C05|C06|C08,Paint-set source row,Paint set / source / instance as applicable,retain,Per-set source record or explicit source action,Stable source identity and sticky per-owner metadata on parking/re-entry.,planned_not_implemented
layer/distributionUI/modeRadio,layer,distributionUI,modeRadio,radiobuttons,C09|C11,Layer defaults,Layer,retain,Layer generation / shared population / texture,"Deterministic ordinals, largest-remainder shares, density/map validity.",planned_not_implemented
layer/distributionUI/populationRadio,layer,distributionUI,populationRadio,radiobuttons,C09|C11,Layer defaults,Layer,retain,Layer generation / shared population / texture,"Deterministic ordinals, largest-remainder shares, density/map validity.",planned_not_implemented
layer/distributionUI/showCenterCheck,layer,distributionUI,showCenterCheck,checkbox,C09|C11,Layer defaults,Controller display,merge,Plant centres display mode,No duplicate legacy per-layer switch; display changes reuse placement publication.,planned_not_implemented
layer/distributionUI/countSpin,layer,distributionUI,countSpin,spinner,C09|C11,Layer defaults,Layer,retain,Layer generation / shared population / texture,"Deterministic ordinals, largest-remainder shares, density/map validity.",planned_not_implemented
layer/distributionUI/densitySpin,layer,distributionUI,densitySpin,spinner,C09|C11,Layer defaults,Layer,retain,Layer generation / shared population / texture,"Deterministic ordinals, largest-remainder shares, density/map validity.",planned_not_implemented
layer/distributionUI/seedSpin,layer,distributionUI,seedSpin,spinner,C09|C11,Layer defaults,Layer,retain,Layer generation / shared population / texture,"Deterministic ordinals, largest-remainder shares, density/map validity.",planned_not_implemented
layer/distributionUI/densityButton,layer,distributionUI,densityButton,mapbutton,C09|C11,Layer defaults,Layer,retain,Layer generation / shared population / texture,"Deterministic ordinals, largest-remainder shares, density/map validity.",planned_not_implemented
layer/distributionUI/invertCheck,layer,distributionUI,invertCheck,checkbox,C09|C11,Layer defaults,Layer,retain,Layer generation / shared population / texture,"Deterministic ordinals, largest-remainder shares, density/map validity.",planned_not_implemented
layer/brushUI/coverageMode,layer,brushUI,coverageMode,dropdownlist,C14|C15,Paint-set coverage,Paint set / source / instance as applicable,retain,Independent set Brush/history or overlay presentation,Static flat/curved replay; stroke edits; Undo/reopen; masks and geometry denial.,planned_not_implemented
layer/brushUI/modeRadio,layer,brushUI,modeRadio,radiobuttons,C14|C15,Paint-set coverage,Paint set / source / instance as applicable,retain,Independent set Brush/history or overlay presentation,Static flat/curved replay; stroke edits; Undo/reopen; masks and geometry denial.,planned_not_implemented
layer/brushUI/radiusSpin,layer,brushUI,radiusSpin,spinner,C14|C15,Paint-set coverage,Paint set / source / instance as applicable,retain,Independent set Brush/history or overlay presentation,Static flat/curved replay; stroke edits; Undo/reopen; masks and geometry denial.,planned_not_implemented
layer/brushUI/strengthSpin,layer,brushUI,strengthSpin,spinner,C14|C15,Paint-set coverage,Paint set / source / instance as applicable,retain,Independent set Brush/history or overlay presentation,Static flat/curved replay; stroke edits; Undo/reopen; masks and geometry denial.,planned_not_implemented
layer/brushUI/softSpin,layer,brushUI,softSpin,spinner,C14|C15,Paint-set coverage,Paint set / source / instance as applicable,retain,Independent set Brush/history or overlay presentation,Static flat/curved replay; stroke edits; Undo/reopen; masks and geometry denial.,planned_not_implemented
layer/brushUI/densitySpin,layer,brushUI,densitySpin,spinner,C14|C15,Paint-set coverage,Paint set / source / instance as applicable,retain,Independent set Brush/history or overlay presentation,Static flat/curved replay; stroke edits; Undo/reopen; masks and geometry denial.,planned_not_implemented
layer/brushUI/beginButton,layer,brushUI,beginButton,button,C14|C15,Paint-set coverage,Paint set / source / instance as applicable,retain,Independent set Brush/history or overlay presentation,Static flat/curved replay; stroke edits; Undo/reopen; masks and geometry denial.,planned_not_implemented
layer/brushUI/stopButton,layer,brushUI,stopButton,button,C14|C15,Paint-set coverage,Paint set / source / instance as applicable,retain,Independent set Brush/history or overlay presentation,Static flat/curved replay; stroke edits; Undo/reopen; masks and geometry denial.,planned_not_implemented
layer/brushUI/fillButton,layer,brushUI,fillButton,button,C14|C15,Paint-set coverage,Paint set / source / instance as applicable,retain,Independent set Brush/history or overlay presentation,Static flat/curved replay; stroke edits; Undo/reopen; masks and geometry denial.,planned_not_implemented
layer/brushUI/emptyButton,layer,brushUI,emptyButton,button,C14|C15,Paint-set coverage,Paint set / source / instance as applicable,retain,Independent set Brush/history or overlay presentation,Static flat/curved replay; stroke edits; Undo/reopen; masks and geometry denial.,planned_not_implemented
layer/brushUI/overlayMode,layer,brushUI,overlayMode,dropdownlist,C14|C15,Paint-set coverage,Paint set / source / instance as applicable,retain,Independent set Brush/history or overlay presentation,Static flat/curved replay; stroke edits; Undo/reopen; masks and geometry denial.,planned_not_implemented
layer/brushUI/overlayColor,layer,brushUI,overlayColor,colorpicker,C14|C15,Paint-set coverage,Paint set / source / instance as applicable,retain,Independent set Brush/history or overlay presentation,Static flat/curved replay; stroke edits; Undo/reopen; masks and geometry denial.,planned_not_implemented
layer/brushUI/strokeList,layer,brushUI,strokeList,listbox,C14|C15,Paint-set coverage,Paint set / source / instance as applicable,retain,Independent set Brush/history or overlay presentation,Static flat/curved replay; stroke edits; Undo/reopen; masks and geometry denial.,planned_not_implemented
layer/brushUI/strokeEnabled,layer,brushUI,strokeEnabled,checkbox,C14|C15,Paint-set coverage,Paint set / source / instance as applicable,retain,Independent set Brush/history or overlay presentation,Static flat/curved replay; stroke edits; Undo/reopen; masks and geometry denial.,planned_not_implemented
layer/brushUI/strokeErase,layer,brushUI,strokeErase,checkbox,C14|C15,Paint-set coverage,Paint set / source / instance as applicable,retain,Independent set Brush/history or overlay presentation,Static flat/curved replay; stroke edits; Undo/reopen; masks and geometry denial.,planned_not_implemented
layer/brushUI/strokeRadius,layer,brushUI,strokeRadius,spinner,C14|C15,Paint-set coverage,Paint set / source / instance as applicable,retain,Independent set Brush/history or overlay presentation,Static flat/curved replay; stroke edits; Undo/reopen; masks and geometry denial.,planned_not_implemented
layer/brushUI/strokeStrength,layer,brushUI,strokeStrength,spinner,C14|C15,Paint-set coverage,Paint set / source / instance as applicable,retain,Independent set Brush/history or overlay presentation,Static flat/curved replay; stroke edits; Undo/reopen; masks and geometry denial.,planned_not_implemented
layer/brushUI/strokeSoft,layer,brushUI,strokeSoft,spinner,C14|C15,Paint-set coverage,Paint set / source / instance as applicable,retain,Independent set Brush/history or overlay presentation,Static flat/curved replay; stroke edits; Undo/reopen; masks and geometry denial.,planned_not_implemented
layer/brushUI/deleteStroke,layer,brushUI,deleteStroke,button,C14|C15,Paint-set coverage,Paint set / source / instance as applicable,retain,Independent set Brush/history or overlay presentation,Static flat/curved replay; stroke edits; Undo/reopen; masks and geometry denial.,planned_not_implemented
layer/brushUI/resetTarget,layer,brushUI,resetTarget,button,C14|C15,Paint-set coverage,Paint set / source / instance as applicable,retain,Independent set Brush/history or overlay presentation,Static flat/curved replay; stroke edits; Undo/reopen; masks and geometry denial.,planned_not_implemented
layer/brushUI/detailsToggle,layer,brushUI,detailsToggle,checkbutton,C14|C15,Paint-set coverage,Paint set / source / instance as applicable,retain,Independent set Brush/history or overlay presentation,Static flat/curved replay; stroke edits; Undo/reopen; masks and geometry denial.,planned_not_implemented
layer/areaUI/areaList,layer,areaUI,areaList,multiListBox,C12|C13,Layer Area/falloff,Layer,retain,Layer eligibility / cached Analyzer / falloff,Same support-domain semantics; relevant dependencies; independent Analyzer update policy.,planned_not_implemented
layer/areaUI/addAreaScene,layer,areaUI,addAreaScene,button,C12|C13,Layer Area/falloff,Layer,retain,Layer eligibility / cached Analyzer / falloff,Same support-domain semantics; relevant dependencies; independent Analyzer update policy.,planned_not_implemented
layer/areaUI/pickArea,layer,areaUI,pickArea,pickbutton,C12|C13,Layer Area/falloff,Layer,retain,Layer eligibility / cached Analyzer / falloff,Same support-domain semantics; relevant dependencies; independent Analyzer update policy.,planned_not_implemented
layer/areaUI/removeArea,layer,areaUI,removeArea,button,C12|C13,Layer Area/falloff,Layer,retain,Layer eligibility / cached Analyzer / falloff,Same support-domain semantics; relevant dependencies; independent Analyzer update policy.,planned_not_implemented
layer/areaUI/areaMode,layer,areaUI,areaMode,radiobuttons,C12|C13,Layer Area/falloff,Layer,retain,Layer eligibility / cached Analyzer / falloff,Same support-domain semantics; relevant dependencies; independent Analyzer update policy.,planned_not_implemented
layer/areaUI/refreshAreas,layer,areaUI,refreshAreas,button,C12|C13,Layer Area/falloff,Layer,retain,Layer eligibility / cached Analyzer / falloff,Same support-domain semantics; relevant dependencies; independent Analyzer update policy.,planned_not_implemented
layer/areaUI/aaPick,layer,areaUI,aaPick,pickbutton,C12|C13,Layer Area/falloff,Layer,retain,Layer eligibility / cached Analyzer / falloff,Same support-domain semantics; relevant dependencies; independent Analyzer update policy.,planned_not_implemented
layer/areaUI/aaRemove,layer,areaUI,aaRemove,button,C12|C13,Layer Area/falloff,Layer,retain,Layer eligibility / cached Analyzer / falloff,Same support-domain semantics; relevant dependencies; independent Analyzer update policy.,planned_not_implemented
layer/areaUI/aaLine,layer,areaUI,aaLine,checkbox,C12|C13,Layer Area/falloff,Layer,retain,Layer eligibility / cached Analyzer / falloff,Same support-domain semantics; relevant dependencies; independent Analyzer update policy.,planned_not_implemented
layer/areaUI/aaWidth,layer,areaUI,aaWidth,spinner,C12|C13,Layer Area/falloff,Layer,retain,Layer eligibility / cached Analyzer / falloff,Same support-domain semantics; relevant dependencies; independent Analyzer update policy.,planned_not_implemented
layer/areaUI/aaCaps,layer,areaUI,aaCaps,dropdownlist,C12|C13,Layer Area/falloff,Layer,retain,Layer eligibility / cached Analyzer / falloff,Same support-domain semantics; relevant dependencies; independent Analyzer update policy.,planned_not_implemented
layer/areaUI/aaStreetOffset,layer,areaUI,aaStreetOffset,spinner,C12|C13,Layer Area/falloff,Layer,retain,Layer eligibility / cached Analyzer / falloff,Same support-domain semantics; relevant dependencies; independent Analyzer update policy.,planned_not_implemented
layer/areaUI/aaPoints,layer,areaUI,aaPoints,checkbox,C12|C13,Layer Area/falloff,Layer,retain,Layer eligibility / cached Analyzer / falloff,Same support-domain semantics; relevant dependencies; independent Analyzer update policy.,planned_not_implemented
layer/areaUI/aaRadius,layer,areaUI,aaRadius,spinner,C12|C13,Layer Area/falloff,Layer,retain,Layer eligibility / cached Analyzer / falloff,Same support-domain semantics; relevant dependencies; independent Analyzer update policy.,planned_not_implemented
layer/areaUI/fallTarget,layer,areaUI,fallTarget,dropdownlist,C12|C13,Layer Area/falloff,Layer,retain,Layer eligibility / cached Analyzer / falloff,Same support-domain semantics; relevant dependencies; independent Analyzer update policy.,planned_not_implemented
layer/areaUI/fallPick,layer,areaUI,fallPick,pickbutton,C12|C13,Layer Area/falloff,Layer,retain,Layer eligibility / cached Analyzer / falloff,Same support-domain semantics; relevant dependencies; independent Analyzer update policy.,planned_not_implemented
layer/areaUI/fallRemove,layer,areaUI,fallRemove,button,C12|C13,Layer Area/falloff,Layer,retain,Layer eligibility / cached Analyzer / falloff,Same support-domain semantics; relevant dependencies; independent Analyzer update policy.,planned_not_implemented
layer/areaUI/fallDeleteCheck,layer,areaUI,fallDeleteCheck,checkbox,C12|C13,Layer Area/falloff,Layer,retain,Layer eligibility / cached Analyzer / falloff,Same support-domain semantics; relevant dependencies; independent Analyzer update policy.,planned_not_implemented
layer/areaUI/fallDeleteSpin,layer,areaUI,fallDeleteSpin,spinner,C12|C13,Layer Area/falloff,Layer,retain,Layer eligibility / cached Analyzer / falloff,Same support-domain semantics; relevant dependencies; independent Analyzer update policy.,planned_not_implemented
layer/areaUI/fallScaleCheck,layer,areaUI,fallScaleCheck,checkbox,C12|C13,Layer Area/falloff,Layer,retain,Layer eligibility / cached Analyzer / falloff,Same support-domain semantics; relevant dependencies; independent Analyzer update policy.,planned_not_implemented
layer/areaUI/fallScaleSpin,layer,areaUI,fallScaleSpin,spinner,C12|C13,Layer Area/falloff,Layer,retain,Layer eligibility / cached Analyzer / falloff,Same support-domain semantics; relevant dependencies; independent Analyzer update policy.,planned_not_implemented
layer/areaUI/fallScaleEdit,layer,areaUI,fallScaleEdit,button,C12|C13,Layer Area/falloff,Layer,retain,Layer eligibility / cached Analyzer / falloff,Same support-domain semantics; relevant dependencies; independent Analyzer update policy.,planned_not_implemented
layer/areaUI/fallDensityCheck,layer,areaUI,fallDensityCheck,checkbox,C12|C13,Layer Area/falloff,Layer,retain,Layer eligibility / cached Analyzer / falloff,Same support-domain semantics; relevant dependencies; independent Analyzer update policy.,planned_not_implemented
layer/areaUI/fallDensitySpin,layer,areaUI,fallDensitySpin,spinner,C12|C13,Layer Area/falloff,Layer,retain,Layer eligibility / cached Analyzer / falloff,Same support-domain semantics; relevant dependencies; independent Analyzer update policy.,planned_not_implemented
layer/areaUI/fallDensityEdit,layer,areaUI,fallDensityEdit,button,C12|C13,Layer Area/falloff,Layer,retain,Layer eligibility / cached Analyzer / falloff,Same support-domain semantics; relevant dependencies; independent Analyzer update policy.,planned_not_implemented
layer/areaUI/detailsToggle,layer,areaUI,detailsToggle,checkbutton,C12|C13,Layer Area/falloff,Layer,retain,Layer eligibility / cached Analyzer / falloff,Same support-domain semantics; relevant dependencies; independent Analyzer update policy.,planned_not_implemented
layer/diversityUI/diversityRadio,layer,diversityUI,diversityRadio,radiobuttons,C17|C18,Layer assignment,Layer,port,Layer assignment; per-set source resolution,"Single-set comparison and new multi-set assignment, source/group identities, orientation/scale and Brush/collision parity.",planned_not_implemented
layer/diversityUI/sizeSpin,layer,diversityUI,sizeSpin,spinner,C17|C18,Layer assignment,Layer,retain,Layer assignment; per-set source resolution,"Single-set comparison and new multi-set assignment, source/group identities, orientation/scale and Brush/collision parity.",planned_not_implemented
layer/diversityUI/divSeedSpin,layer,diversityUI,divSeedSpin,spinner,C17|C18,Layer assignment,Layer,retain,Layer assignment; per-set source resolution,"Single-set comparison and new multi-set assignment, source/group identities, orientation/scale and Brush/collision parity.",planned_not_implemented
layer/diversityUI/roughSpin,layer,diversityUI,roughSpin,spinner,C17|C18,Layer assignment,Layer,retain,Layer assignment; per-set source resolution,"Single-set comparison and new multi-set assignment, source/group identities, orientation/scale and Brush/collision parity.",planned_not_implemented
layer/diversityUI/blurSpin,layer,diversityUI,blurSpin,spinner,C17|C18,Layer assignment,Layer,retain,Layer assignment; per-set source resolution,"Single-set comparison and new multi-set assignment, source/group identities, orientation/scale and Brush/collision parity.",planned_not_implemented
layer/diversityUI/noiseSpin,layer,diversityUI,noiseSpin,spinner,C17|C18,Layer assignment,Layer,retain,Layer assignment; per-set source resolution,"Single-set comparison and new multi-set assignment, source/group identities, orientation/scale and Brush/collision parity.",planned_not_implemented
layer/diversityUI/pathsDrop,layer,diversityUI,pathsDrop,dropdownlist,C17|C18,Layer assignment,Layer,port,Layer assignment; per-set source resolution,"Single-set comparison and new multi-set assignment, source/group identities, orientation/scale and Brush/collision parity.",planned_not_implemented
layer/diversityUI/analyzerChannel,layer,diversityUI,analyzerChannel,dropdownlist,C17|C18,Layer assignment,Layer,port,Layer assignment; per-set source resolution,"Single-set comparison and new multi-set assignment, source/group identities, orientation/scale and Brush/collision parity.",planned_not_implemented
layer/diversityUI/pickAnalyzer,layer,diversityUI,pickAnalyzer,pickbutton,C17|C18,Layer assignment,Layer,port,Layer assignment; per-set source resolution,"Single-set comparison and new multi-set assignment, source/group identities, orientation/scale and Brush/collision parity.",planned_not_implemented
layer/diversityUI/pickPath,layer,diversityUI,pickPath,pickbutton,C17|C18,Layer assignment,Layer,port,Layer assignment; per-set source resolution,"Single-set comparison and new multi-set assignment, source/group identities, orientation/scale and Brush/collision parity.",planned_not_implemented
layer/diversityUI/removePath,layer,diversityUI,removePath,button,C17|C18,Layer assignment,Layer,port,Layer assignment; per-set source resolution,"Single-set comparison and new multi-set assignment, source/group identities, orientation/scale and Brush/collision parity.",planned_not_implemented
layer/diversityUI/strokesList,layer,diversityUI,strokesList,listbox,C17|C18,Layer assignment,Layer,port,Layer assignment; per-set source resolution,"Single-set comparison and new multi-set assignment, source/group identities, orientation/scale and Brush/collision parity.",planned_not_implemented
layer/diversityUI/addOutside,layer,diversityUI,addOutside,button,C17|C18,Layer assignment,Layer,port,Layer assignment; per-set source resolution,"Single-set comparison and new multi-set assignment, source/group identities, orientation/scale and Brush/collision parity.",planned_not_implemented
layer/diversityUI/addInside,layer,diversityUI,addInside,button,C17|C18,Layer assignment,Layer,port,Layer assignment; per-set source resolution,"Single-set comparison and new multi-set assignment, source/group identities, orientation/scale and Brush/collision parity.",planned_not_implemented
layer/diversityUI/removeStrokeButton,layer,diversityUI,removeStrokeButton,button,C17|C18,Layer assignment,Layer,port,Layer assignment; per-set source resolution,"Single-set comparison and new multi-set assignment, source/group identities, orientation/scale and Brush/collision parity.",planned_not_implemented
layer/diversityUI/strokeWidth,layer,diversityUI,strokeWidth,spinner,C17|C18,Layer assignment,Layer,port,Layer assignment; per-set source resolution,"Single-set comparison and new multi-set assignment, source/group identities, orientation/scale and Brush/collision parity.",planned_not_implemented
layer/diversityUI/strokeMode,layer,diversityUI,strokeMode,radiobuttons,C17|C18,Layer assignment,Layer,port,Layer assignment; per-set source resolution,"Single-set comparison and new multi-set assignment, source/group identities, orientation/scale and Brush/collision parity.",planned_not_implemented
layer/diversityUI/strokeChoices,layer,diversityUI,strokeChoices,multiListBox,C17|C18,Layer assignment,Layer,port,Layer assignment; per-set source resolution,"Single-set comparison and new multi-set assignment, source/group identities, orientation/scale and Brush/collision parity.",planned_not_implemented
layer/diversityUI/strokeScaleMin,layer,diversityUI,strokeScaleMin,spinner,C17|C18,Layer assignment,Layer,port,Layer assignment; per-set source resolution,"Single-set comparison and new multi-set assignment, source/group identities, orientation/scale and Brush/collision parity.",planned_not_implemented
layer/diversityUI/strokeScaleMax,layer,diversityUI,strokeScaleMax,spinner,C17|C18,Layer assignment,Layer,port,Layer assignment; per-set source resolution,"Single-set comparison and new multi-set assignment, source/group identities, orientation/scale and Brush/collision parity.",planned_not_implemented
layer/diversityUI/refreshGroups,layer,diversityUI,refreshGroups,button,C17|C18,Layer assignment,Layer,port,Layer assignment; per-set source resolution,"Single-set comparison and new multi-set assignment, source/group identities, orientation/scale and Brush/collision parity.",planned_not_implemented
layer/diversityUI/edgeOffsetSpin,layer,diversityUI,edgeOffsetSpin,spinner,C17|C18,Layer assignment,Layer,port,Layer assignment; per-set source resolution,"Single-set comparison and new multi-set assignment, source/group identities, orientation/scale and Brush/collision parity.",planned_not_implemented
layer/diversityUI/edgeAlongSpin,layer,diversityUI,edgeAlongSpin,spinner,C17|C18,Layer assignment,Layer,port,Layer assignment; per-set source resolution,"Single-set comparison and new multi-set assignment, source/group identities, orientation/scale and Brush/collision parity.",planned_not_implemented
layer/diversityUI/edgeAcrossSpin,layer,diversityUI,edgeAcrossSpin,spinner,C17|C18,Layer assignment,Layer,port,Layer assignment; per-set source resolution,"Single-set comparison and new multi-set assignment, source/group identities, orientation/scale and Brush/collision parity.",planned_not_implemented
layer/diversityUI/keepCornerCheck,layer,diversityUI,keepCornerCheck,checkbox,C17|C18,Layer assignment,Layer,port,Layer assignment; per-set source resolution,"Single-set comparison and new multi-set assignment, source/group identities, orientation/scale and Brush/collision parity.",planned_not_implemented
layer/diversityUI/cornerAngleSpin,layer,diversityUI,cornerAngleSpin,spinner,C17|C18,Layer assignment,Layer,port,Layer assignment; per-set source resolution,"Single-set comparison and new multi-set assignment, source/group identities, orientation/scale and Brush/collision parity.",planned_not_implemented
layer/diversityUI/cornerCountSpin,layer,diversityUI,cornerCountSpin,spinner,C17|C18,Layer assignment,Layer,port,Layer assignment; per-set source resolution,"Single-set comparison and new multi-set assignment, source/group identities, orientation/scale and Brush/collision parity.",planned_not_implemented
layer/diversityUI/edgeRotXSpin,layer,diversityUI,edgeRotXSpin,spinner,C17|C18,Layer assignment,Layer,port,Layer assignment; per-set source resolution,"Single-set comparison and new multi-set assignment, source/group identities, orientation/scale and Brush/collision parity.",planned_not_implemented
layer/diversityUI/edgeRotYSpin,layer,diversityUI,edgeRotYSpin,spinner,C17|C18,Layer assignment,Layer,port,Layer assignment; per-set source resolution,"Single-set comparison and new multi-set assignment, source/group identities, orientation/scale and Brush/collision parity.",planned_not_implemented
layer/diversityUI/edgeRotZSpin,layer,diversityUI,edgeRotZSpin,spinner,C17|C18,Layer assignment,Layer,port,Layer assignment; per-set source resolution,"Single-set comparison and new multi-set assignment, source/group identities, orientation/scale and Brush/collision parity.",planned_not_implemented
layer/diversityUI/streetStartSpin,layer,diversityUI,streetStartSpin,spinner,C17|C18,Layer assignment,Layer,port,Layer assignment; per-set source resolution,"Single-set comparison and new multi-set assignment, source/group identities, orientation/scale and Brush/collision parity.",planned_not_implemented
layer/diversityUI/streetEndSpin,layer,diversityUI,streetEndSpin,spinner,C17|C18,Layer assignment,Layer,port,Layer assignment; per-set source resolution,"Single-set comparison and new multi-set assignment, source/group identities, orientation/scale and Brush/collision parity.",planned_not_implemented
layer/diversityUI/centerStreetSpin,layer,diversityUI,centerStreetSpin,spinner,C17|C18,Layer assignment,Layer,port,Layer assignment; per-set source resolution,"Single-set comparison and new multi-set assignment, source/group identities, orientation/scale and Brush/collision parity.",planned_not_implemented
layer/diversityUI/faceOutCheck,layer,diversityUI,faceOutCheck,checkbox,C17|C18,Layer assignment,Layer,port,Layer assignment; per-set source resolution,"Single-set comparison and new multi-set assignment, source/group identities, orientation/scale and Brush/collision parity.",planned_not_implemented
layer/diversityUI/cornerRadiusSpin,layer,diversityUI,cornerRadiusSpin,spinner,C17|C18,Layer assignment,Layer,port,Layer assignment; per-set source resolution,"Single-set comparison and new multi-set assignment, source/group identities, orientation/scale and Brush/collision parity.",planned_not_implemented
layer/diversityUI/straightStreet,layer,diversityUI,straightStreet,checkbox,C17|C18,Layer assignment,Layer,port,Layer assignment; per-set source resolution,"Single-set comparison and new multi-set assignment, source/group identities, orientation/scale and Brush/collision parity.",planned_not_implemented
layer/randomUI/rotXMinSpin,layer,randomUI,rotXMinSpin,spinner,C19,Layer transforms,Layer,retain,Layer transform setting or explicit reset,Same transforms/anchors; reset is one Undo; no unrelated regeneration.,planned_not_implemented
layer/randomUI/rotXMaxSpin,layer,randomUI,rotXMaxSpin,spinner,C19,Layer transforms,Layer,retain,Layer transform setting or explicit reset,Same transforms/anchors; reset is one Undo; no unrelated regeneration.,planned_not_implemented
layer/randomUI/rotYMinSpin,layer,randomUI,rotYMinSpin,spinner,C19,Layer transforms,Layer,retain,Layer transform setting or explicit reset,Same transforms/anchors; reset is one Undo; no unrelated regeneration.,planned_not_implemented
layer/randomUI/rotYMaxSpin,layer,randomUI,rotYMaxSpin,spinner,C19,Layer transforms,Layer,retain,Layer transform setting or explicit reset,Same transforms/anchors; reset is one Undo; no unrelated regeneration.,planned_not_implemented
layer/randomUI/rotZMinSpin,layer,randomUI,rotZMinSpin,spinner,C19,Layer transforms,Layer,retain,Layer transform setting or explicit reset,Same transforms/anchors; reset is one Undo; no unrelated regeneration.,planned_not_implemented
layer/randomUI/rotZMaxSpin,layer,randomUI,rotZMaxSpin,spinner,C19,Layer transforms,Layer,retain,Layer transform setting or explicit reset,Same transforms/anchors; reset is one Undo; no unrelated regeneration.,planned_not_implemented
layer/randomUI/sclXMinSpin,layer,randomUI,sclXMinSpin,spinner,C19,Layer transforms,Layer,retain,Layer transform setting or explicit reset,Same transforms/anchors; reset is one Undo; no unrelated regeneration.,planned_not_implemented
layer/randomUI/sclXMaxSpin,layer,randomUI,sclXMaxSpin,spinner,C19,Layer transforms,Layer,retain,Layer transform setting or explicit reset,Same transforms/anchors; reset is one Undo; no unrelated regeneration.,planned_not_implemented
layer/randomUI/sclYMinSpin,layer,randomUI,sclYMinSpin,spinner,C19,Layer transforms,Layer,retain,Layer transform setting or explicit reset,Same transforms/anchors; reset is one Undo; no unrelated regeneration.,planned_not_implemented
layer/randomUI/sclYMaxSpin,layer,randomUI,sclYMaxSpin,spinner,C19,Layer transforms,Layer,retain,Layer transform setting or explicit reset,Same transforms/anchors; reset is one Undo; no unrelated regeneration.,planned_not_implemented
layer/randomUI/sclZMinSpin,layer,randomUI,sclZMinSpin,spinner,C19,Layer transforms,Layer,retain,Layer transform setting or explicit reset,Same transforms/anchors; reset is one Undo; no unrelated regeneration.,planned_not_implemented
layer/randomUI/sclZMaxSpin,layer,randomUI,sclZMaxSpin,spinner,C19,Layer transforms,Layer,retain,Layer transform setting or explicit reset,Same transforms/anchors; reset is one Undo; no unrelated regeneration.,planned_not_implemented
layer/randomUI/wholeMinSpin,layer,randomUI,wholeMinSpin,spinner,C19,Layer transforms,Layer,retain,Layer transform setting or explicit reset,Same transforms/anchors; reset is one Undo; no unrelated regeneration.,planned_not_implemented
layer/randomUI/wholeMaxSpin,layer,randomUI,wholeMaxSpin,spinner,C19,Layer transforms,Layer,retain,Layer transform setting or explicit reset,Same transforms/anchors; reset is one Undo; no unrelated regeneration.,planned_not_implemented
layer/randomUI/movXMinSpin,layer,randomUI,movXMinSpin,spinner,C19,Layer transforms,Layer,retain,Layer transform setting or explicit reset,Same transforms/anchors; reset is one Undo; no unrelated regeneration.,planned_not_implemented
layer/randomUI/movXMaxSpin,layer,randomUI,movXMaxSpin,spinner,C19,Layer transforms,Layer,retain,Layer transform setting or explicit reset,Same transforms/anchors; reset is one Undo; no unrelated regeneration.,planned_not_implemented
layer/randomUI/movYMinSpin,layer,randomUI,movYMinSpin,spinner,C19,Layer transforms,Layer,retain,Layer transform setting or explicit reset,Same transforms/anchors; reset is one Undo; no unrelated regeneration.,planned_not_implemented
layer/randomUI/movYMaxSpin,layer,randomUI,movYMaxSpin,spinner,C19,Layer transforms,Layer,retain,Layer transform setting or explicit reset,Same transforms/anchors; reset is one Undo; no unrelated regeneration.,planned_not_implemented
layer/randomUI/movZMinSpin,layer,randomUI,movZMinSpin,spinner,C19,Layer transforms,Layer,retain,Layer transform setting or explicit reset,Same transforms/anchors; reset is one Undo; no unrelated regeneration.,planned_not_implemented
layer/randomUI/movZMaxSpin,layer,randomUI,movZMaxSpin,spinner,C19,Layer transforms,Layer,retain,Layer transform setting or explicit reset,Same transforms/anchors; reset is one Undo; no unrelated regeneration.,planned_not_implemented
layer/randomUI/projectCheck,layer,randomUI,projectCheck,checkbox,C19,Layer transforms,Layer,retain,Layer transform setting or explicit reset,Same transforms/anchors; reset is one Undo; no unrelated regeneration.,planned_not_implemented
layer/randomUI/alignCheck,layer,randomUI,alignCheck,checkbox,C19,Layer transforms,Layer,retain,Layer transform setting or explicit reset,Same transforms/anchors; reset is one Undo; no unrelated regeneration.,planned_not_implemented
layer/randomUI/resetRotation,layer,randomUI,resetRotation,button,C19,Layer transforms,Layer,retain,Layer transform setting or explicit reset,Same transforms/anchors; reset is one Undo; no unrelated regeneration.,planned_not_implemented
layer/randomUI/resetScale,layer,randomUI,resetScale,button,C19,Layer transforms,Layer,retain,Layer transform setting or explicit reset,Same transforms/anchors; reset is one Undo; no unrelated regeneration.,planned_not_implemented
layer/randomUI/resetWholeScale,layer,randomUI,resetWholeScale,button,C19,Layer transforms,Layer,retain,Layer transform setting or explicit reset,Same transforms/anchors; reset is one Undo; no unrelated regeneration.,planned_not_implemented
layer/randomUI/resetMovement,layer,randomUI,resetMovement,button,C19,Layer transforms,Layer,retain,Layer transform setting or explicit reset,Same transforms/anchors; reset is one Undo; no unrelated regeneration.,planned_not_implemented
layer/spacingUI/collisionCheck,layer,spacingUI,collisionCheck,checkbox,C20|C23,Self-spacing inheritance or legacy layer,Layer,merge,Canonical layer default self-spacing,Express old constant distance as factor 0 / gap 2x radius; no duplicate collision pass.,planned_not_implemented
layer/spacingUI/radiusSpin,layer,spacingUI,radiusSpin,spinner,C20|C23,Self-spacing inheritance or legacy layer,Layer,merge,Canonical layer default self-spacing,Express old constant distance as factor 0 / gap 2x radius; no duplicate collision pass.,planned_not_implemented
layer/spacingUI/relaxCheck,layer,spacingUI,relaxCheck,checkbox,C20|C23,Self-spacing inheritance or legacy layer,Layer,port,Bounded surface-constrained point Relax,Movement/eligibility/anchors/Brush/protected Edit/scoped spacing must be qualified; defaults off.,planned_not_implemented
layer/spacingUI/spacingSpin,layer,spacingUI,spacingSpin,spinner,C20|C23,Self-spacing inheritance or legacy layer,Layer,port,Bounded surface-constrained point Relax,Movement/eligibility/anchors/Brush/protected Edit/scoped spacing must be qualified; defaults off.,planned_not_implemented
layer/spacingUI/iterationsSpin,layer,spacingUI,iterationsSpin,spinner,C20|C23,Self-spacing inheritance or legacy layer,Layer,port,Bounded surface-constrained point Relax,Movement/eligibility/anchors/Brush/protected Edit/scoped spacing must be qualified; defaults off.,planned_not_implemented
layer/spacingUI/strengthSpin,layer,spacingUI,strengthSpin,spinner,C20|C23,Self-spacing inheritance or legacy layer,Layer,port,Bounded surface-constrained point Relax,Movement/eligibility/anchors/Brush/protected Edit/scoped spacing must be qualified; defaults off.,planned_not_implemented
layer/separationUI/prioritySpin,layer,separationUI,prioritySpin,spinner,C20|C22|C23,Legacy pairs/layer union cleanup,Layer,merge,Explicit order / canonical layer-pair rules,Remove old priority/blocker solver; document new order and rule semantics.,planned_not_implemented
layer/separationUI/peerList,layer,separationUI,peerList,listbox,C20|C22|C23,Legacy pairs/layer union cleanup,Layer,merge,Explicit order / canonical layer-pair rules,Remove old priority/blocker solver; document new order and rule semantics.,planned_not_implemented
layer/separationUI/blockerList,layer,separationUI,blockerList,multiListBox,C20|C22|C23,Legacy pairs/layer union cleanup,Layer,merge,Explicit order / canonical layer-pair rules,Remove old priority/blocker solver; document new order and rule semantics.,planned_not_implemented
layer/separationUI/overlapCheck,layer,separationUI,overlapCheck,checkbox,C20|C22|C23,Legacy pairs/layer union cleanup,Layer,merge,Explicit order / canonical layer-pair rules,Remove old priority/blocker solver; document new order and rule semantics.,planned_not_implemented
layer/separationUI/radiusMode,layer,separationUI,radiusMode,dropdownlist,C20|C22|C23,Legacy pairs/layer union cleanup,Layer,merge,Explicit order / canonical layer-pair rules,Remove old priority/blocker solver; document new order and rule semantics.,planned_not_implemented
layer/separationUI/gapSpin,layer,separationUI,gapSpin,spinner,C20|C22|C23,Legacy pairs/layer union cleanup,Layer,merge,Explicit order / canonical layer-pair rules,Remove old priority/blocker solver; document new order and rule semantics.,planned_not_implemented
layer/separationUI/radiusSpin,layer,separationUI,radiusSpin,spinner,C20|C22|C23,Legacy pairs/layer union cleanup,Layer,merge,Explicit order / canonical layer-pair rules,Remove old priority/blocker solver; document new order and rule semantics.,planned_not_implemented
layer/separationUI/planarCheck,layer,separationUI,planarCheck,checkbox,C20|C22|C23,Legacy pairs/layer union cleanup,Layer,merge,Explicit order / canonical layer-pair rules,Remove old priority/blocker solver; document new order and rule semantics.,planned_not_implemented
layer/separationUI/statsButton,layer,separationUI,statsButton,button,C20|C22|C23,Legacy pairs/layer union cleanup,Layer,retain,Accepted layer-union cleanup/statistics,Published accepted union; bounded neighbor work; consistent output and stats.,planned_not_implemented
layer/separationUI/cleanCheck,layer,separationUI,cleanCheck,checkbox,C20|C22|C23,Legacy pairs/layer union cleanup,Layer,retain,Accepted layer-union cleanup/statistics,Published accepted union; bounded neighbor work; consistent output and stats.,planned_not_implemented
layer/separationUI/neighborSpin,layer,separationUI,neighborSpin,spinner,C20|C22|C23,Legacy pairs/layer union cleanup,Layer,retain,Accepted layer-union cleanup/statistics,Published accepted union; bounded neighbor work; consistent output and stats.,planned_not_implemented
layer/separationUI/minNeighborSpin,layer,separationUI,minNeighborSpin,spinner,C20|C22|C23,Legacy pairs/layer union cleanup,Layer,retain,Accepted layer-union cleanup/statistics,Published accepted union; bounded neighbor work; consistent output and stats.,planned_not_implemented
layer/separationUI/minIslandSpin,layer,separationUI,minIslandSpin,spinner,C20|C22|C23,Legacy pairs/layer union cleanup,Layer,retain,Accepted layer-union cleanup/statistics,Published accepted union; bounded neighbor work; consistent output and stats.,planned_not_implemented
layer/separationUI/boundaryRelaxCheck,layer,separationUI,boundaryRelaxCheck,checkbox,C20|C22|C23,Legacy pairs/layer union cleanup,Layer,port,Bounded staged boundary Relax,Full eligibility and three-scope revalidation; protected edits; atomic rollback.,planned_not_implemented
layer/separationUI/finalStrengthSpin,layer,separationUI,finalStrengthSpin,spinner,C20|C22|C23,Legacy pairs/layer union cleanup,Layer,port,Bounded staged boundary Relax,Full eligibility and three-scope revalidation; protected edits; atomic rollback.,planned_not_implemented
layer/separationUI/finalIterSpin,layer,separationUI,finalIterSpin,spinner,C20|C22|C23,Legacy pairs/layer union cleanup,Layer,port,Bounded staged boundary Relax,Full eligibility and three-scope revalidation; protected edits; atomic rollback.,planned_not_implemented
layer/separationUI/finalMoveSpin,layer,separationUI,finalMoveSpin,spinner,C20|C22|C23,Legacy pairs/layer union cleanup,Layer,port,Bounded staged boundary Relax,Full eligibility and three-scope revalidation; protected edits; atomic rollback.,planned_not_implemented
layer/proceduralUI/scopeList,layer,proceduralUI,scopeList,dropdownlist,C20,Selected self/sibling/layer rule scope,Layer default / set override / controller pair table,merge,Single canonical three-scope rule editor,Independent self/sibling/layer scopes; auto-save; XY/3D/factor/gap and reset.,planned_not_implemented
layer/proceduralUI/peerList,layer,proceduralUI,peerList,dropdownlist,C20,Selected self/sibling/layer rule scope,Layer default / set override / controller pair table,merge,Single canonical three-scope rule editor,Independent self/sibling/layer scopes; auto-save; XY/3D/factor/gap and reset.,planned_not_implemented
layer/proceduralUI/enabledCheck,layer,proceduralUI,enabledCheck,checkbox,C20,Selected self/sibling/layer rule scope,Layer default / set override / controller pair table,merge,Single canonical three-scope rule editor,Independent self/sibling/layer scopes; auto-save; XY/3D/factor/gap and reset.,planned_not_implemented
layer/proceduralUI/multiplierSpin,layer,proceduralUI,multiplierSpin,spinner,C20,Selected self/sibling/layer rule scope,Layer default / set override / controller pair table,merge,Single canonical three-scope rule editor,Independent self/sibling/layer scopes; auto-save; XY/3D/factor/gap and reset.,planned_not_implemented
layer/proceduralUI/gapSpin,layer,proceduralUI,gapSpin,spinner,C20,Selected self/sibling/layer rule scope,Layer default / set override / controller pair table,merge,Single canonical three-scope rule editor,Independent self/sibling/layer scopes; auto-save; XY/3D/factor/gap and reset.,planned_not_implemented
layer/proceduralUI/planarCheck,layer,proceduralUI,planarCheck,checkbox,C20,Selected self/sibling/layer rule scope,Layer default / set override / controller pair table,merge,Single canonical three-scope rule editor,Independent self/sibling/layer scopes; auto-save; XY/3D/factor/gap and reset.,planned_not_implemented
layer/proceduralUI/resetRule,layer,proceduralUI,resetRule,button,C20,Selected self/sibling/layer rule scope,Layer default / set override / controller pair table,merge,Single canonical three-scope rule editor,Independent self/sibling/layer scopes; auto-save; XY/3D/factor/gap and reset.,planned_not_implemented
layer/populationPolicyUI/populationList,layer,populationPolicyUI,populationList,dropdownlist,C10,Layer work limits,Layer,retain,Layer target/retry policy,Finite attempts and rounds; accepted target/shortfall; protected rows; resource rejection.,planned_not_implemented
layer/populationPolicyUI/attemptSpin,layer,populationPolicyUI,attemptSpin,spinner,C10,Layer work limits,Layer,retain,Layer target/retry policy,Finite attempts and rounds; accepted target/shortfall; protected rows; resource rejection.,planned_not_implemented
layer/populationPolicyUI/roundSpin,layer,populationPolicyUI,roundSpin,spinner,C10,Layer work limits,Layer,retain,Layer target/retry policy,Finite attempts and rounds; accepted target/shortfall; protected rows; resource rejection.,planned_not_implemented
layer/populationPolicyUI/repairCheck,layer,populationPolicyUI,repairCheck,checkbox,C10,Layer work limits,Layer,retain,Layer target/retry policy,Finite attempts and rounds; accepted target/shortfall; protected rows; resource rejection.,planned_not_implemented
layer/backgroundUI/backgroundList,layer,backgroundUI,backgroundList,dropdownlist,C16,Paint set and earlier siblings,Paint set / source / instance as applicable,retain,Set coverage/background references,Earlier sibling references; Outside Coverage and Between Plants separate from target/refill.,planned_not_implemented
layer/backgroundUI/referenceList,layer,backgroundUI,referenceList,multiListBox,C16,Paint set and earlier siblings,Paint set / source / instance as applicable,retain,Set coverage/background references,Earlier sibling references; Outside Coverage and Between Plants separate from target/refill.,planned_not_implemented
layer/backgroundUI/applyBackground,layer,backgroundUI,applyBackground,button,C16,Paint set and earlier siblings,Paint set / source / instance as applicable,merge,Validated field-change commit,Save a valid reference selection automatically; no generic Apply spacing step.,planned_not_implemented
layer/instanceRadiusUI/radiusMode,layer,instanceRadiusUI,radiusMode,dropdownlist,C21,Set/published instance binding,Paint set / source / instance as applicable,retain,Selected-instance radius override/action,Stable instance binding; stale denial; explicit Assign/Reset with Undo.,planned_not_implemented
layer/instanceRadiusUI/radiusSpin,layer,instanceRadiusUI,radiusSpin,spinner,C21,Set/published instance binding,Paint set / source / instance as applicable,retain,Selected-instance radius override/action,Stable instance binding; stale denial; explicit Assign/Reset with Undo.,planned_not_implemented
layer/instanceRadiusUI/applyRadius,layer,instanceRadiusUI,applyRadius,button,C21,Set/published instance binding,Paint set / source / instance as applicable,retain,Selected-instance radius override/action,Stable instance binding; stale denial; explicit Assign/Reset with Undo.,planned_not_implemented
layer/instanceRadiusUI/resetRadius,layer,instanceRadiusUI,resetRadius,button,C21,Set/published instance binding,Paint set / source / instance as applicable,retain,Selected-instance radius override/action,Stable instance binding; stale denial; explicit Assign/Reset with Undo.,planned_not_implemented
layer/instanceRadiusUI/clearRadius,layer,instanceRadiusUI,clearRadius,button,C21,Set/published instance binding,Paint set / source / instance as applicable,retain,Selected-instance radius override/action,Stable instance binding; stale denial; explicit Assign/Reset with Undo.,planned_not_implemented
layer/sourceContainersUI/modeList,layer,sourceContainersUI,modeList,dropdownlist,C07,Set/layer/global pool selection,Paint set / source / instance as applicable,retain,Set source-pool selection / Cyrus container link,Global/inherited/own pools; cached membership; shared owners; no scanning from inspection.,planned_not_implemented
layer/sourceContainersUI/containersList,layer,sourceContainersUI,containersList,listbox,C07,Set/layer/global pool selection,Paint set / source / instance as applicable,retain,Set source-pool selection / Cyrus container link,Global/inherited/own pools; cached membership; shared owners; no scanning from inspection.,planned_not_implemented
layer/sourceContainersUI/createContainer,layer,sourceContainersUI,createContainer,button,C07,Set/layer/global pool selection,Container / consuming controller or set,port,Create dedicated Cyrus Source Container,"Dedicated frame adapter, linked editing, labels, identity/Undo and cached membership.",planned_not_implemented
layer/sourceContainersUI/pickContainer,layer,sourceContainersUI,pickContainer,pickbutton,C07,Set/layer/global pool selection,Container / consuming controller or set,port,Create Cyrus container from ordinary Rectangle input,"Dedicated frame adapter, linked editing, labels, identity/Undo and cached membership.",planned_not_implemented
layer/sourceContainersUI/removeContainer,layer,sourceContainersUI,removeContainer,button,C07,Set/layer/global pool selection,Container / consuming controller or set,port,Unlink container without deleting source models/settings,"Dedicated frame adapter, linked editing, labels, identity/Undo and cached membership.",planned_not_implemented
layer/setsUI/setList,layer,setsUI,setList,dropdownlist,C04,Layer/set administration,Paint set / source / instance as applicable,retain,Paint-set management / layer share,Independent paint/source data; shared population/defaults; stable ID and explicit set order.,planned_not_implemented
layer/setsUI/addButton,layer,setsUI,addButton,button,C04,Layer/set administration,Paint set / source / instance as applicable,retain,Paint-set management / layer share,Independent paint/source data; shared population/defaults; stable ID and explicit set order.,planned_not_implemented
layer/setsUI/removeButton,layer,setsUI,removeButton,button,C04,Layer/set administration,Paint set / source / instance as applicable,retain,Paint-set management / layer share,Independent paint/source data; shared population/defaults; stable ID and explicit set order.,planned_not_implemented
layer/setsUI/nameEdit,layer,setsUI,nameEdit,edittext,C04,Layer/set administration,Paint set / source / instance as applicable,retain,Paint-set management / layer share,Independent paint/source data; shared population/defaults; stable ID and explicit set order.,planned_not_implemented
layer/setsUI/weightSpin,layer,setsUI,weightSpin,spinner,C04,Layer/set administration,Paint set / source / instance as applicable,retain,Paint-set management / layer share,Independent paint/source data; shared population/defaults; stable ID and explicit set order.,planned_not_implemented
layer/setsUI/enabledCheck,layer,setsUI,enabledCheck,checkbox,C04,Layer/set administration,Paint set / source / instance as applicable,retain,Paint-set management / layer share,Independent paint/source data; shared population/defaults; stable ID and explicit set order.,planned_not_implemented
layer/setsUI/visibleCheck,layer,setsUI,visibleCheck,checkbox,C04,Layer/set administration,Paint set / source / instance as applicable,retain,Paint-set management / layer share,Independent paint/source data; shared population/defaults; stable ID and explicit set order.,planned_not_implemented
layer/setsUI/upButton,layer,setsUI,upButton,button,C04,Layer/set administration,Paint set / source / instance as applicable,retain,Paint-set management / layer share,Independent paint/source data; shared population/defaults; stable ID and explicit set order.,planned_not_implemented
layer/setsUI/downButton,layer,setsUI,downButton,button,C04,Layer/set administration,Paint set / source / instance as applicable,retain,Paint-set management / layer share,Independent paint/source data; shared population/defaults; stable ID and explicit set order.,planned_not_implemented
layer/detailsUI/refreshButton,layer,detailsUI,refreshButton,button,C27,Cached statistics/help,Layer,retain,Cached published statistics/help,Pending/published distinction; help never evaluates.,planned_not_implemented
layer/detailsUI/helpButton,layer,detailsUI,helpButton,button,C27,Cached statistics/help,Layer,retain,Cached published statistics/help,Pending/published distinction; help never evaluates.,planned_not_implemented
