id,status,evidence_class,relevant_version,publication_or_update_date,claim,source_locator,applicability,contradictions_or_limits,next_verification,access_or_observation_date
C01,verified,A,Scatter 0.62 working tree,2026-10-01,CPU filtering/transforms/prepared bands and narrow cluster ranges already implemented,F:/Cursor/_Cyrus_Apps/CyrusScatter/AminScatter/src/max_bridge.cpp :: cyrusFilterSourceRows_cf / cyrusApplySourceTransforms_cf; F:/Cursor/_Cyrus_Apps/CyrusScatter/AminScatter/src/scatter.cpp :: scatter; prepared_band.inc,Current source; generator ownership matters,Older roadmap entries are partly completed,Profile remaining exclusive costs before more rewrites,2026-10-01
C02,passed,B,SDK 2026/2027; MSVC 14.38,2026-10-01,Eight Scatter and one Analyzer native suites pass in each fresh build,F:/Cursor/_Cyrus_Apps/CyrusScatter/docs/Codebase_Research_2026-10-01/evidence/ctest-2027-AminScatter.txt; F:/Cursor/_Cyrus_Apps/CyrusScatter/docs/Codebase_Research_2026-10-01/evidence/ctest-2026-AminScatter.txt; ctest-*-CyrusSurfaceAnalyzer.txt,Native tests in Release; research builds,Not Max 2026 runtime or renderer qualification,Run intended host/renderer matrix,2026-10-01
C03,passed,B,Max 2027.1 / 29.1.0.11426,2026-10-01,Three original isolated host fixtures pass,F:/Cursor/_Cyrus_Apps/CyrusScatter/docs/Codebase_Research_2026-10-01/evidence/max2027_smoke-run.json; F:/Cursor/_Cyrus_Apps/CyrusScatter/docs/Codebase_Research_2026-10-01/evidence/compute_performance_smoke-run.json; F:/Cursor/_Cyrus_Apps/CyrusScatter/docs/Codebase_Research_2026-10-01/evidence/viewport_performance_smoke-run.json,Synthetic fresh batch hosts; disposable copied scripts/scenes,No actual GPU-completed frame or retained display test,Visual/interactive and long lifecycle qualification,2026-10-01
C04,verified,B,Scatter 0.62 Max 2026/2027,2026-10-01,Generator byte parity and package ZIP/manifest/source-script checks pass,F:/Cursor/_Cyrus_Apps/CyrusScatter/docs/Codebase_Research_2026-10-01/evidence/generator-parity.json; F:/Cursor/_Cyrus_Apps/CyrusScatter/docs/Codebase_Research_2026-10-01/evidence/package-identity.json,Current local packages and script files,File identity is not in-memory script identity,Record runtime script identity before comparisons,2026-10-01
C05,observed,B;G,Max 2027.1; Corona modules 15.0.671720,2026-10-01,Live process loaded module path matches installed 0.62 native hash; script disk hash matches; in-memory script uninspected,F:/Cursor/_Cyrus_Apps/CyrusScatter/docs/Codebase_Research_2026-10-01/evidence/loaded-modules.json; F:/Cursor/_Cyrus_Apps/CyrusScatter/docs/Codebase_Research_2026-10-01/evidence/machine.json,Original PID 34464; read-only inventory,Scene filename contains Max 2026 but host is 2027; loaded Corona is not render evidence,Use fresh comparison host and runtime identities,2026-10-01
C06,historical; hash/arithmetic audited,C;B,Scatter 0.61 native switch,2026-10-01,Same 6284 proxies/37704 triangles; GW boundaries 6284 to 44; step median 88.10405 to 30.16225 ms,F:/Cursor/_Cyrus_Apps/CyrusScatter/docs/Viewport_Performance_Implementation_2026-10-01.md; F:/Cursor/_Cyrus_Apps/CyrusScatter/docs/Codebase_Research_2026-10-01/evidence/historical-audit.json,180 steps per condition; three repeats; no rebuilds,No GPU draw-call counter/completion fence; baseline uses candidate script,Repeat current vs proposed with correct frame attribution,2026-10-01
C07,historical; hash/arithmetic audited,C;B,Scatter 0.61 vs 0.62,2026-10-01,Held step median 34.48985 to 31.33575 ms; callback 11.7631 to 7.8747 ms,F:/Cursor/_Cyrus_Apps/CyrusScatter/docs/Viewport_Performance_Round2_2026-10-01.md; F:/Cursor/_Cyrus_Apps/CyrusScatter/docs/Codebase_Research_2026-10-01/evidence/historical-audit.json,Held matrix; 180 samples per condition,Normal median nearly unchanged; retained exploratory meshes had brightness mismatch,Do not forecast FPS; test full interaction and parity,2026-10-01
C08,observed; bottleneck unproven,A;F;G,Current generated controller/native bridge,2026-10-01,Area plus placement can repeat extraction; row packing and proxy/source preparation remain,F:/Cursor/_Cyrus_Apps/CyrusScatter/AminScatter/scripts/AminScatterObject.ms :: placements/populationCount/refreshPreview; F:/Cursor/_Cyrus_Apps/CyrusScatter/AminScatter/src/max_bridge.cpp :: meshOf/aminScatterSurfaceArea_cf,Editing/rebuild; source-dependent cost,No exclusive current artist trace in this investigation,X 02 count extraction/copies and generations,2026-10-01
C09,observed; scoped behavior tested,A;B,Scatter 0.62 / Analyzer 0.14,2026-10-01,Held layer synchronization deferral and event-batch redraw coalescing exist; Manual/Undo paths differ,F:/Cursor/_Cyrus_Apps/CyrusScatter/AminScatter/tools/ui/viewport-performance.cjs; F:/Cursor/_Cyrus_Apps/CyrusScatter/AminScatter/tools/ui/performance.cjs; F:/Cursor/_Cyrus_Apps/CyrusScatter/docs/Codebase_Research_2026-10-01/evidence/viewport_performance_smoke-result.txt,Do not add a duplicate generic coalescer,Other timers and Analyzer can still issue work,X 02 input-to-first-correct-generation trace,2026-10-01
C10,measured; drop-in rejected,A;B,Current SurfaceTree and closest,2026-10-01,Tree build+queries lose on 2 triangles; help larger grids; equal-distance hint can change face identity,F:/Cursor/_Cyrus_Apps/CyrusScatter/docs/Codebase_Research_2026-10-01/evidence/projection-summary.json; F:/Cursor/_Cyrus_Apps/CyrusScatter/docs/Codebase_Research_2026-10-01/projection_probe.cpp,2048 planar queries; two warmups/nine pairs; standalone only,Random queries matched; adversarial tie failed ID; not full scatter,X 03 tie/pruning/error oracle plus workflow relevance,2026-10-01
C11,measured,A;B,Current executor; Ryzen 5600 X,2026-10-01,17 valid cases preserve output hashes serial/auto; eligible 32 k/100 k roughly halve native time,F:/Cursor/_Cyrus_Apps/CyrusScatter/docs/Codebase_Research_2026-10-01/evidence/threads-summary.json; F:/Cursor/_Cyrus_Apps/CyrusScatter/AminScatter/include/execution.h,21 samples/policy; three reversed blocks; no render load controlled,Several cases remain serial; 4095 vs 4096 threshold; original trial order sorted,Measure 1/2/4 and renderer contention before default change,2026-10-01
C12,compile/link verified; runtime absent,B;D;G,Autodesk SDK 2026/2027,SDK-year documentation; publication not stated,IObjectDisplay 2 and ViewportInstancing InstanceDisplayGeometry compile/link; optimesh.lib included,F:/Cursor/_Cyrus_Apps/CyrusScatter/docs/Codebase_Research_2026-10-01/evidence/sdk-probes.json; https://help.autodesk.com/cloudhelp/2027/ENU/MAXDEV-CPP-API-REF/class_max_s_d_k_1_1_graphics_1_1_viewport_instancing_1_1_instance_display_geometry.html ; https://help.autodesk.com/cloudhelp/2027/ENU/MAXDEV-CPP-API-REF/class_max_s_d_k_1_1_graphics_1_1_i_object_display2.html,Viewport only; exact headers and probe in report §6,Sample missing locally; embedded snippet numPositions differs from struct; no display execution,X 01 visual owner/lifetime/style/picking prototype,2026-10-01
C13,documented; 2027 guide unavailable,D;G,Autodesk 2026 guide; 2027 local headers,Not stated,General Max thread-safety restrictions; custom Nitrous callbacks need self-contained data,https://help.autodesk.com/cloudhelp/2026/ENU/MAXDEV-Developer/files/best_practices/thread_safety.html ; https://help.autodesk.com/cloudhelp/2026/ENU/MAXDEV-Developer/files/3ds_max_sdk_features/viewports_and_graphics_windows/nitrous/about_renderitem.html,Keep host/GC/reference/evaluation work outside numeric workers; respect callback-specific contract,Renderer callback exceptions are not blanket permission; 2027 guide fetch failed,Verify version-specific contract for each new concurrent host call,2026-10-01
C14,documented,D,MSVC VS 2022 / msvc-170,2021-11-22 update,FP contraction/reassociation can change bits; precise default is not arbitrary FP-environment assurance,https://learn.microsoft.com/en-us/cpp/build/reference/fp-specify-floating-point-behavior?view=msvc-170 :: Arguments and floating-point environment,Exact seeded geometry/CPU SIMD proposals,Older compiler variants on same page differ; workers copying environment is not compiler proof,Preserve operation order; qualify flags/ISA/rounding states,2026-10-01
C15,documented; local GPU crossover unknown,D;F;G,CUDA Best Practices 13.4,Versioned guide; date not captured,Count transfers/setup/readback; overlap requires suitable hardware/pinned buffers/streams and independent work,https://docs.nvidia.com/cuda/cuda-c-best-practices-guide/index.html :: 10.1-10.1.2,GPU-compute model; not a recommendation to install CUDA,Device residency unproven at Max boundary; no backend benchmark,Reopen only for measured complete-operation benefit,2026-10-01
C16,documented; local runtime untested,D;G,OpenCL unified refs; D3D11 sharing 1.0.0,Sharing revision 2020-04-21; query date not stated,FP64 is optional; D3D11 sharing uses explicit device/resources/acquire/release,https://registry.khronos.org/OpenCL/specs/unified/refpages/man/html/clGetDeviceInfo.html :: DOUBLE_FP_CONFIG; https://registry.khronos.org/OpenCL/specs/unified/refpages/man/html/cl_khr_d3d11_sharing.html,"Query actual device/driver features, not API label",No demonstrated sharing with Nitrous or optional runtime packaging,Capability/interop proof before a compute spike,2026-10-01
C17,documented; deferred,D;F,DirectCompute / D3D11,2021-04-09 update,Compute shader double support depends on feature capability,https://learn.microsoft.com/en-us/windows/win32/direct3d11/direct3d-11-advanced-stages-compute-shader :: D3D11 hardware,Potential graphics-adjacent backend only,Access to Nitrous device/context not established,Do not add until resource ownership and workload proven,2026-10-01
C18,documented; deferred,D;F,SYCL 2020 revision 12,Publication/update not captured,SYCL exposes platform/backend and optional fp 64 device capabilities,https://registry.khronos.org/SYCL/specs/sycl-2020/html/sycl-2020.html :: 4.6 and 5.5,"Alternative ecosystem, not another required backend",Specification does not guarantee deployed compiler/driver coverage,No implementation until a specific need defeats simpler CPU path,2026-10-01
C19,documented; deferred,D;F,oneAPI 1.4 provisional rev 1 task_arena,Provisional latest; date not stated,Arena concurrency bound applies inside that arena,https://oneapi-spec.uxlfoundation.org/specifications/oneapi/latest/elements/onetbb/source/task_scheduler/task_arena/task_arena_cls :: Description,"Future scheduler experiment, not host-wide CPU governor",oneTBB main docs navigation loaded but subsequent body fetch 404; provisional spec used,Pin/test a supported library only if launch overhead warrants it,2026-10-01
C20,documented with qualification,D,tyFlow Display docs; Max 2020+ UV note,Publication/update not stated,Nitrous instancing features/fallbacks and display reductions are documented,https://docs.tyflow.com/tyflow_particles/operators/display/ :: Geometry and Nitrous notes,Borrow capability fallback and explicit quality controls,Broad UV warning qualified later by single-channel override on Max 2020+; private code unknown,Test required attributes on intended host; no private algorithm inference,2026-10-01
C21,documented,D,Chaos Scatter / Corona for Max,2025-11-14 update,Instances retain costs; extra LOD sources can increase memory; clumps/clipping trade quality and coverage,https://support.chaos.com/hc/en-us/articles/4953457092625-How-to-use-Chaos-Scatter-with-Corona-for-3ds-Max-Performance-and-Troubleshooting :: memory/LOD/clumps/clipping,Workload/resource accounting only,Does not expose private algorithms or prove Cyrus renderer compatibility,Measure own transport/renderer scene outputs,2026-10-01
C22,observed; wait latency unmeasured,A;G,Scatter 0.62 / Analyzer 0.14,2026-10-01,Release timer 200 ms; Analyzer timer/event separate; IR patch waits for stable key before restart,F:/Cursor/_Cyrus_Apps/CyrusScatter/AminScatter/tools/ui/performance.cjs :: CyrusReleaseTick and CyrusPFStableSince; F:/Cursor/_Cyrus_Apps/CyrusScatter/CyrusSurfaceAnalyzer/scripts/CyrusSurfaceAnalyzer.ms :: timer/live callback,Separate deliberate waits from active compute,Timer intervals are not guaranteed total latency,X 02 causal timing; do not tune blindly,2026-10-01
C23,documented; proposed use only,D;G,Windows GPUView / D3D11; PresentMon main docs,GPUView 2025-11-14; timestamp 2024-02-22; PresentMon update not stated,"ETW GPU scheduling, actual presents and timestamp validity distinguish submission/completion",https://learn.microsoft.com/en-us/windows-hardware/drivers/display/using-gpuview ; https://github.com/GameTechDev/PresentMon/blob/main/README-CaptureApplication.md ; https://learn.microsoft.com/en-us/windows/win32/api/d3d11/ns-d3d11-d3d11_query_data_timestamp_disjoint,Future instrumented host comparison,No captures run; wrong swap chain and observer overhead can mislead,Correlate viewport presents with accepted generation and measure overhead,2026-10-01
C24,documented; proposed use only,D;G,MSVC AddressSanitizer / Windows x64,2026-05-28 update,AddressSanitizer supported; do not assume MSVC thread sanitizer from future list,https://learn.microsoft.com/en-us/cpp/sanitizers/asan?view=msvc-170 :: support/use,Standalone native memory/fault tests first,Not a race detector or host-threading validation; not run here,Check installed runtime; isolated ASan qualification,2026-10-01
C25,observed and measured sizes,A;B;F,Current x64 types/cache,2026-10-01,Triangle 144 and Instance 112 bytes; proxy 16/64 MiB limits cover added payload only,F:/Cursor/_Cyrus_Apps/CyrusScatter/docs/Codebase_Research_2026-10-01/evidence/projection-summary.json; F:/Cursor/_Cyrus_Apps/CyrusScatter/AminScatter/src/preview_batches.inc,Model peak copies/GC generations/VRAM separately,96 GiB workstation cannot qualify 32 GB; WMI GPU AdapterRAM under-reports,Physical 32 GB/renderer pressure and resource envelope,2026-10-01
C26,preservation audit,B,Working tree at f 3 f 30 ce plus original changes,2026-10-01,Production source preservation checked against initial 113-file fingerprint,F:/Cursor/_Cyrus_Apps/CyrusScatter/docs/Codebase_Research_2026-10-01/evidence/source-fingerprint.json; F:/Cursor/_Cyrus_Apps/CyrusScatter/docs/Codebase_Research_2026-10-01/evidence/preservation.json,Only new research docs/tools/evidence and scratch intended,"Snapshot is dirty-tree identity, not pristine commit",Check final artifact manifest and status delta,2026-10-01
C27,observed; cost unmeasured,A;G,Current proxy/Mesh/Point Cloud paths,2026-10-01,Full Mesh and Point Cloud have separate prep/display costs and semantics,F:/Cursor/_Cyrus_Apps/CyrusScatter/AminScatter/src/geometry_preview.inc; F:/Cursor/_Cyrus_Apps/CyrusScatter/AminScatter/src/preview.cpp; F:/Cursor/_Cyrus_Apps/CyrusScatter/AminScatter/scripts/AminScatterObject.ms :: refreshPreview,Do not extrapolate simple-proxy result to detailed materials/markers,Current solid diagnostic geometry is not all source materials/UVs,Separate workload/profile and visual contract,2026-10-01
C28,historical and uncontrolled separated,C;E;G,Original artist scene vs synthetic demo,2026-10-01 context,20-to 80 and 23-to 150 FPS reports refer to different uncontrolled workloads,F:/Cursor/_Cyrus_Apps/CyrusScatter/GPT 6 Pro Research Brief/REFERENCE - Project Context.txt :: Evidence with boundaries,Useful motivation only; no controlled FPS claim,Demo initially loaded stale 0.60; same counts do not mean same work,Controlled current baseline before future speed claims,2026-10-01
C29,historical hash audit,C;B,CPU implementation 0.60,2026-10-01,Historical full refresh 3.98-4.05 s to 1.01-1.17 s;60 recorded output pairs agree,F:/Cursor/_Cyrus_Apps/CyrusScatter/docs/Performance_Implementation_2026-10-01.md; F:/Cursor/_Cyrus_Apps/CyrusScatter/docs/Codebase_Research_2026-10-01/evidence/historical-audit.json,Five states/five trials; source artifacts present and hashes checked,Not rerun and not input-to-visible or completed frames,X 02 current workflow trace,2026-10-01
