case,arm,repeat,frame,begin_qpc_ms,end_qpc_ms,step_ms,callback_ms,callback_calls
"pilot25k","off","1","1","178940755.59940001","178940756.7771","1.1776999831199646","0","0"
"pilot25k","off","1","2","178940757.22150001","178940758.29069999","1.0691999793052673","0","0"
"pilot25k","off","1","3","178940758.4154","178940759.4052","0.98980000615119934","0","0"
"pilot25k","off","1","4","178940759.5255","178940761.0449","1.5194000005722046","0","0"
"pilot25k","off","1","5","178940761.1699","178940762.40079999","1.23089998960495","0","0"
"pilot25k","off","1","6","178940762.5399","178940763.73289999","1.1929999887943268","0","0"
"pilot25k","off","1","7","178940763.8795","178940767.30809999","3.4285999834537506","0","0"
"pilot25k","off","1","8","178940767.93059999","178940769.8231","1.8925000131130219","0","0"
"pilot25k","off","1","9","178940769.97299999","178940771.1381","1.1651000082492828","0","0"
"pilot25k","off","1","10","178940771.2563","178940772.68130001","1.425000011920929","0","0"
"pilot25k","off","1","11","178940772.8123","178940774.33930001","1.5270000100135803","0","0"
"pilot25k","off","1","12","178940774.4673","178940775.83489999","1.3675999939441681","0","0"
"pilot25k","off","1","13","178940775.96239999","178940777.09020001","1.1278000175952911","0","0"
"pilot25k","off","1","14","178940777.1868","178940778.53380001","1.3470000028610229","0","0"
"pilot25k","off","1","15","178940778.6559","178940780.60120001","1.9453000128269196","0","0"
"pilot25k","off","1","16","178940780.70210001","178940781.92399999","1.2218999862670898","0","0"
"pilot25k","off","1","17","178940782.02680001","178940783.55790001","1.5311000049114227","0","0"
"pilot25k","off","1","18","178940783.66800001","178940785.33140001","1.6633999943733215","0","0"
"pilot25k","off","1","19","178940785.46900001","178940786.71509999","1.246099978685379","0","0"
"pilot25k","off","1","20","178940786.82089999","178940788.0009","1.1800000071525574","0","0"
"pilot25k","off","1","21","178940788.0984","178940789.46579999","1.3673999905586243","0","0"
"pilot25k","off","1","22","178940789.56850001","178940790.83939999","1.2708999812602997","0","0"
"pilot25k","off","1","23","178940790.9409","178940792.02450001","1.0836000144481659","0","0"
"pilot25k","off","1","24","178940792.12099999","178940793.1455","1.0245000123977661","0","0"
"pilot25k","off","1","25","178940793.24869999","178940794.66440001","1.4157000184059143","0","0"
"pilot25k","off","1","26","178940794.77070001","178940797.53049999","2.759799987077713","0","0"
"pilot25k","off","1","27","178940797.6363","178940799.0758","1.4395000040531158","0","0"
"pilot25k","off","1","28","178940799.20989999","178940800.32780001","1.117900013923645","0","0"
"pilot25k","off","1","29","178940800.435","178940802.0747","1.6396999955177307","0","0"
"pilot25k","off","1","30","178940802.18349999","178940803.56659999","1.3831000030040741","0","0"
"pilot25k","off","1","31","178940803.66949999","178940804.80309999","1.1335999965667725","0","0"
"pilot25k","off","1","32","178940804.9197","178940806.2186","1.2989000082015991","0","0"
"pilot25k","off","1","33","178940806.3319","178940807.41159999","1.0796999931335449","0","0"
"pilot25k","off","1","34","178940807.52649999","178940808.78830001","1.2618000209331512","0","0"
"pilot25k","off","1","35","178940808.9059","178940810.19780001","1.2919000089168549","0","0"
"pilot25k","off","1","36","178940810.31690001","178940812.4689","2.1519999802112579","0","0"
"pilot25k","off","1","37","178940812.5871","178940813.6638","1.0767000019550323","0","0"
"pilot25k","off","1","38","178940813.77939999","178940815.17989999","1.4004999995231628","0","0"
"pilot25k","off","1","39","178940815.29769999","178940816.6336","1.3359000086784363","0","0"
"pilot25k","off","1","40","178940816.7581","178940826.02739999","9.2692999839782715","0","0"
"pilot25k","gw","1","1","178940859.0812","178940861.16909999","2.0878999829292297","0.72630000114440918","1"
"pilot25k","gw","1","2","178940861.36219999","178940863.4278","2.0656000077724457","0.73669999837875366","1"
"pilot25k","gw","1","3","178940863.5882","178940865.9948","2.4065999984741211","0.71279999613761902","1"
"pilot25k","gw","1","4","178940866.1789","178940868.26530001","2.0864000022411346","0.70699998736381531","1"
"pilot25k","gw","1","5","178940868.4012","178940870.0952","1.6940000057220459","0.70890000462532043","1"
"pilot25k","gw","1","6","178940870.22670001","178940871.97870001","1.7520000040531158","0.71940001845359802","1"
"pilot25k","gw","1","7","178940872.09040001","178940875.01859999","2.928199976682663","0.83619999885559082","1"
"pilot25k","gw","1","8","178940875.1311","178940877.13679999","2.0056999921798706","0.726500004529953","1"
"pilot25k","gw","1","9","178940877.24939999","178940879.01030001","1.7609000205993652","0.70600000023841858","1"
"pilot25k","gw","1","10","178940879.12360001","178940881.3475","2.2238999903202057","0.71029999852180481","1"
"pilot25k","gw","1","11","178940881.4621","178940883.58739999","2.1252999901771545","0.70210000872612","1"
"pilot25k","gw","1","12","178940883.7069","178940885.91960001","2.2127000093460083","0.71239998936653137","1"
"pilot25k","gw","1","13","178940886.03670001","178940887.83539999","1.7986999750137329","0.70419999957084656","1"
"pilot25k","gw","1","14","178940887.96470001","178940891.396","3.4312999844551086","0.77570000290870667","1"
"pilot25k","gw","1","15","178940891.51350001","178940893.2694","1.7558999955654144","0.71279999613761902","1"
"pilot25k","gw","1","16","178940893.3874","178940895.48010001","2.0927000045776367","0.71200001239776611","1"
"pilot25k","gw","1","17","178940895.6058","178940897.64950001","2.0437000095844269","0.7078000009059906","1"
"pilot25k","gw","1","18","178940897.76280001","178940899.62560001","1.8628000020980835","0.71000000834465027","1"
"pilot25k","gw","1","19","178940899.7421","178940901.4966","1.7545000016689301","0.70980000495910645","1"
"pilot25k","gw","1","20","178940901.61320001","178940903.57229999","1.9590999782085419","0.79559999704360962","1"
"pilot25k","gw","1","21","178940903.67770001","178940906.4199","2.7421999871730804","0.80730000138282776","1"
"pilot25k","gw","1","22","178940906.5413","178940908.62549999","2.084199994802475","0.69830000400543213","1"
"pilot25k","gw","1","23","178940908.74669999","178940910.41330001","1.6666000187397003","0.71449998021125793","1"
"pilot25k","gw","1","24","178940910.52959999","178940912.8396","2.3100000023841858","0.71549999713897705","1"
"pilot25k","gw","1","25","178940912.9628","178940915.25889999","2.296099990606308","0.75059998035430908","1"
"pilot25k","gw","1","26","178940915.37509999","178940917.73989999","2.3648000061511993","0.71000000834465027","1"
"pilot25k","gw","1","27","178940917.9165","178940921.57539999","3.6588999927043915","0.82539999485015869","1"
"pilot25k","gw","1","28","178940921.71129999","178940924.0016","2.2903000116348267","0.73309999704360962","1"
"pilot25k","gw","1","29","178940924.1347","178940926.26589999","2.131199985742569","0.70509999990463257","1"
"pilot25k","gw","1","30","178940926.41060001","178940928.74599999","2.3353999853134155","0.70899999141693115","1"
"pilot25k","gw","1","31","178940928.8723","178940931.4348","2.5625","0.69840002059936523","1"
"pilot25k","gw","1","32","178940931.55520001","178940933.69620001","2.1410000026226044","0.72400000691413879","1"
"pilot25k","gw","1","33","178940933.84200001","178940937.96250001","4.1204999983310699","0.74979999661445618","1"
"pilot25k","gw","1","34","178940938.0925","178940939.94980001","1.8573000133037567","0.75090000033378601","1"
"pilot25k","gw","1","35","178940940.06439999","178940941.80700001","1.7426000237464905","0.72089999914169312","1"
"pilot25k","gw","1","36","178940941.92480001","178940943.84599999","1.9211999773979187","0.70889997482299805","1"
"pilot25k","gw","1","37","178940943.9589","178940945.91510001","1.9562000036239624","0.71599999070167542","1"
"pilot25k","gw","1","38","178940946.02770001","178940948.065","2.0372999906539917","0.70870000123977661","1"
"pilot25k","gw","1","39","178940948.17500001","178940950.1065","1.9314999878406525","0.71299999952316284","1"
"pilot25k","gw","1","40","178940950.23840001","178940953.8096","3.5711999833583832","0.86559998989105225","1"
"pilot25k","retained","1","1","178940980.18779999","178940981.4235","1.2357000112533569","0","0"
"pilot25k","retained","1","2","178940981.61039999","178940985.42050001","3.8101000189781189","0","0"
"pilot25k","retained","1","3","178940985.64969999","178940987.98120001","2.3315000236034393","0","0"
"pilot25k","retained","1","4","178940988.12560001","178940989.38299999","1.2573999762535095","0","0"
"pilot25k","retained","1","5","178940989.4923","178940990.8757","1.3833999931812286","0","0"
"pilot25k","retained","1","6","178940990.9869","178940992.2035","1.2166000008583069","0","0"
"pilot25k","retained","1","7","178940992.33309999","178940993.86579999","1.5327000021934509","0","0"
"pilot25k","retained","1","8","178940993.9725","178940995.51320001","1.5407000184059143","0","0"
"pilot25k","retained","1","9","178940995.64320001","178940996.88839999","1.245199978351593","0","0"
"pilot25k","retained","1","10","178940996.99720001","178940998.86579999","1.8685999810695648","0","0"
"pilot25k","retained","1","11","178940999.00299999","178941000.1952","1.1922000050544739","0","0"
"pilot25k","retained","1","12","178941000.308","178941001.542","1.2339999973773956","0","0"
"pilot25k","retained","1","13","178941001.6505","178941003.14449999","1.4939999878406525","0","0"
"pilot25k","retained","1","14","178941003.25400001","178941004.4734","1.2193999886512756","0","0"
"pilot25k","retained","1","15","178941004.59079999","178941005.97710001","1.3863000273704529","0","0"
"pilot25k","retained","1","16","178941006.08860001","178941007.36590001","1.2773000001907349","0","0"
"pilot25k","retained","1","17","178941007.4743","178941008.57480001","1.1005000174045563","0","0"
"pilot25k","retained","1","18","178941008.6798","178941010.32249999","1.6426999866962433","0","0"
"pilot25k","retained","1","19","178941010.42919999","178941011.48769999","1.0584999918937683","0","0"
"pilot25k","retained","1","20","178941011.59490001","178941014.588","2.9930999875068665","0","0"
"pilot25k","retained","1","21","178941014.70320001","178941015.7008","0.99759998917579651","0","0"
"pilot25k","retained","1","22","178941015.81720001","178941017.64879999","1.8315999805927277","0","0"
"pilot25k","retained","1","23","178941017.76750001","178941018.9199","1.1523999869823456","0","0"
"pilot25k","retained","1","24","178941019.03400001","178941020.32859999","1.2945999801158905","0","0"
"pilot25k","retained","1","25","178941020.4549","178941021.59119999","1.1362999975681305","0","0"
"pilot25k","retained","1","26","178941021.71149999","178941022.79679999","1.0852999985218048","0","0"
"pilot25k","retained","1","27","178941022.90259999","178941024.0636","1.1610000133514404","0","0"
"pilot25k","retained","1","28","178941024.16760001","178941025.31600001","1.1484000086784363","0","0"
"pilot25k","retained","1","29","178941025.42030001","178941026.5643","1.1439999938011169","0","0"
"pilot25k","retained","1","30","178941026.66999999","178941027.7906","1.1206000149250031","0","0"
"pilot25k","retained","1","31","178941027.90110001","178941029.88409999","1.9829999804496765","0","0"
"pilot25k","retained","1","32","178941029.9919","178941031.2906","1.2987000048160553","0","0"
"pilot25k","retained","1","33","178941031.40549999","178941032.64050001","1.2350000143051147","0","0"
"pilot25k","retained","1","34","178941032.74959999","178941034.35550001","1.6059000194072723","0","0"
"pilot25k","retained","1","35","178941034.4675","178941035.64449999","1.1769999861717224","0","0"
"pilot25k","retained","1","36","178941035.7507","178941037.11680001","1.366100013256073","0","0"
"pilot25k","retained","1","37","178941037.22150001","178941038.27250001","1.0509999990463257","0","0"
"pilot25k","retained","1","38","178941038.38420001","178941039.6058","1.2215999960899353","0","0"
"pilot25k","retained","1","39","178941039.70860001","178941041.20789999","1.4992999732494354","0","0"
"pilot25k","retained","1","40","178941041.31330001","178941042.34999999","1.0366999804973602","0","0"
