general.previewUI.previewCheck	BOUND
general.previewUI.displayModeDrop	BOUND
general.previewUI.proxyShapeDrop	BOUND
general.previewUI.instancesLimitSpin	BOUND
general.previewUI.faceLimitSpin	BOUND
general.previewUI.identificationDrop	BOUND
general.previewUI.pointColorRadio	BOUND
general.previewUI.solidColorPicker	BOUND
general.previewUI.budgetSpin	BOUND
general.previewUI.pointsSpin	BOUND
general.previewUI.radiusLimitSpin	BOUND
general.previewUI.radiusAllCheck	BOUND
general.previewUI.iconSpin	BOUND
general.previewUI.refreshButton	BOUND
general.previewUI.autoRenderCheck	BOUND
general.previewUI.clearBakedButton	BOUND
general.surface.receiversList	BOUND
general.surface.removeSurfaces	BOUND
general.surface.sharedPick	BOUND
general.surface.surfacesButton	BOUND
general.surface.containersToggle	BOUND
general.surface.globalContainers	BOUND
general.surface.createContainer	BOUND
general.surface.pickContainer	BOUND
general.surface.removeContainer	BOUND
general.manager.layerList	BOUND
general.manager.editButton	BOUND
general.manager.addButton	BOUND
general.manager.copyButton	BOUND
general.manager.removeButton	BOUND
general.manager.layerColor	BOUND
general.manager.nameEdit	BOUND
general.manager.visibleCheck	BOUND
general.manager.enabledCheck	BOUND
general.manager.upButton	BOUND
general.manager.downButton	BOUND
general.diagnostics.startButton	BOUND
general.diagnostics.stopButton	BOUND
general.diagnostics.saveButton	BOUND
general.diagnostics.refreshButton	BOUND
layer.setsUI.paintedCheck	BOUND
layer.setsUI.importButton	BOUND
layer.setsUI.setList	BOUND
layer.setsUI.addButton	BOUND
layer.setsUI.removeButton	BOUND
layer.setsUI.nameEdit	BOUND
layer.setsUI.targetList	BOUND
layer.setsUI.enabledCheck	BOUND
layer.sourceUI.sourceName	BOUND
layer.sourceUI.idColor	BOUND
layer.sourceUI.plantList	BOUND
layer.sourceUI.selectFromScene	BOUND
layer.sourceUI.addPlant	BOUND
layer.sourceUI.addSelected	BOUND
layer.sourceUI.removePlant	BOUND
layer.sourceUI.selectPlant	BOUND
layer.sourceUI.addPoint	BOUND
layer.sourceUI.addEmpty	BOUND
layer.sourceUI.replacePoint	BOUND
layer.sourceUI.existingGroups	BOUND
layer.sourceUI.groupColor	BOUND
layer.sourceUI.applyColor	BOUND
layer.sourceUI.weightSpin	BOUND
layer.sourceUI.sourceZSpin	BOUND
layer.sourceUI.sourceScaleSpin	BOUND
layer.sourceUI.radiusSourceSpin	BOUND
layer.sourceUI.followRadiusCheck	BOUND
layer.sourceUI.showRadiusCheck	BOUND
layer.sourceUI.forwardAxis	BOUND
layer.sourceUI.detailsToggle	BOUND
layer.sourceContainersUI.modeList	BOUND
layer.sourceContainersUI.containersList	BOUND
layer.sourceContainersUI.createContainer	BOUND
layer.sourceContainersUI.pickContainer	BOUND
layer.sourceContainersUI.removeContainer	BOUND
layer.distributionUI.modeRadio	BOUND
layer.distributionUI.populationRadio	BOUND
layer.distributionUI.countSpin	BOUND
layer.distributionUI.densitySpin	BOUND
layer.distributionUI.seedSpin	BOUND
layer.distributionUI.densityButton	BOUND
layer.distributionUI.invertCheck	BOUND
layer.populationPolicyUI.populationList	BOUND
layer.populationPolicyUI.attemptSpin	BOUND
layer.populationPolicyUI.roundSpin	BOUND
layer.populationPolicyUI.repairCheck	BOUND
layer.areaUI.areaList	BOUND
layer.areaUI.addAreaScene	BOUND
layer.areaUI.pickArea	BOUND
layer.areaUI.removeArea	BOUND
layer.areaUI.areaMode	BOUND
layer.areaUI.refreshAreas	BOUND
layer.areaUI.aaPick	BOUND
layer.areaUI.aaRemove	BOUND
layer.areaUI.aaLine	BOUND
layer.areaUI.aaWidth	BOUND
layer.areaUI.aaCaps	BOUND
layer.areaUI.aaStreetOffset	BOUND
layer.areaUI.aaPoints	BOUND
layer.areaUI.aaRadius	BOUND
layer.areaUI.fallTarget	BOUND
layer.areaUI.fallPick	BOUND
layer.areaUI.fallRemove	BOUND
layer.areaUI.fallDeleteCheck	BOUND
layer.areaUI.fallDeleteSpin	BOUND
layer.areaUI.fallScaleCheck	BOUND
layer.areaUI.fallScaleSpin	BOUND
layer.areaUI.fallScaleEdit	BOUND
layer.areaUI.fallDensityCheck	BOUND
layer.areaUI.fallDensitySpin	BOUND
layer.areaUI.fallDensityEdit	BOUND
layer.areaUI.detailsToggle	BOUND
layer.brushUI.modeRadio	BOUND
layer.brushUI.radiusSpin	BOUND
layer.brushUI.strengthSpin	BOUND
layer.brushUI.softSpin	BOUND
layer.brushUI.beginButton	BOUND
layer.brushUI.stopButton	BOUND
layer.brushUI.fillButton	BOUND
layer.brushUI.emptyButton	BOUND
layer.brushUI.densitySpin	BOUND
layer.brushUI.overlayMode	BOUND
layer.brushUI.overlayColor	BOUND
layer.randomUI.rotXMinSpin	BOUND
layer.randomUI.rotXMaxSpin	BOUND
layer.randomUI.rotYMinSpin	BOUND
layer.randomUI.rotYMaxSpin	BOUND
layer.randomUI.rotZMinSpin	BOUND
layer.randomUI.rotZMaxSpin	BOUND
layer.randomUI.sclXMinSpin	BOUND
layer.randomUI.sclXMaxSpin	BOUND
layer.randomUI.sclYMinSpin	BOUND
layer.randomUI.sclYMaxSpin	BOUND
layer.randomUI.sclZMinSpin	BOUND
layer.randomUI.sclZMaxSpin	BOUND
layer.randomUI.wholeMinSpin	BOUND
layer.randomUI.wholeMaxSpin	BOUND
layer.randomUI.movXMinSpin	BOUND
layer.randomUI.movXMaxSpin	BOUND
layer.randomUI.movYMinSpin	BOUND
layer.randomUI.movYMaxSpin	BOUND
layer.randomUI.movZMinSpin	BOUND
layer.randomUI.movZMaxSpin	BOUND
layer.randomUI.projectCheck	BOUND
layer.randomUI.alignCheck	BOUND
layer.randomUI.resetRotation	BOUND
layer.randomUI.resetScale	BOUND
layer.randomUI.resetWholeScale	BOUND
layer.randomUI.resetMovement	BOUND
layer.diversityUI.diversityRadio	BOUND
layer.diversityUI.selectAnalyzer	BOUND
layer.diversityUI.updateAnalyzer	BOUND
layer.diversityUI.sizeSpin	BOUND
layer.diversityUI.divSeedSpin	BOUND
layer.diversityUI.roughSpin	BOUND
layer.diversityUI.blurSpin	BOUND
layer.diversityUI.noiseSpin	BOUND
layer.diversityUI.pathsDrop	BOUND
layer.diversityUI.analyzerChannel	BOUND
layer.diversityUI.pickAnalyzer	BOUND
layer.diversityUI.pickPath	BOUND
layer.diversityUI.removePath	BOUND
layer.diversityUI.strokesList	BOUND
layer.diversityUI.addOutside	BOUND
layer.diversityUI.addInside	BOUND
layer.diversityUI.removeStrokeButton	BOUND
layer.diversityUI.strokeWidth	BOUND
layer.diversityUI.strokeMode	BOUND
layer.diversityUI.strokeChoices	BOUND
layer.diversityUI.strokeScaleMin	BOUND
layer.diversityUI.strokeScaleMax	BOUND
layer.diversityUI.refreshGroups	BOUND
layer.diversityUI.edgeOffsetSpin	BOUND
layer.diversityUI.edgeAlongSpin	BOUND
layer.diversityUI.edgeAcrossSpin	BOUND
layer.diversityUI.keepCornerCheck	BOUND
layer.diversityUI.cornerAngleSpin	BOUND
layer.diversityUI.cornerCountSpin	BOUND
layer.diversityUI.edgeRotXSpin	BOUND
layer.diversityUI.edgeRotYSpin	BOUND
layer.diversityUI.edgeRotZSpin	BOUND
layer.diversityUI.streetStartSpin	BOUND
layer.diversityUI.streetEndSpin	BOUND
layer.diversityUI.centerStreetSpin	BOUND
layer.diversityUI.faceOutCheck	BOUND
layer.diversityUI.cornerRadiusSpin	BOUND
layer.diversityUI.straightStreet	BOUND
layer.proceduralUI.scopeList	BOUND
layer.proceduralUI.peerList	BOUND
layer.proceduralUI.enabledCheck	BOUND
layer.proceduralUI.multiplierSpin	BOUND
layer.proceduralUI.gapSpin	BOUND
layer.proceduralUI.planarCheck	BOUND
layer.proceduralUI.resetRule	BOUND
layer.instanceRadiusUI.radiusMode	BOUND
layer.instanceRadiusUI.radiusSpin	BOUND
layer.instanceRadiusUI.applyRadius	BOUND
layer.instanceRadiusUI.resetRadius	BOUND
layer.instanceRadiusUI.clearRadius	BOUND
layer.spacingUI.relaxCheck	BOUND
layer.spacingUI.spacingSpin	BOUND
layer.spacingUI.iterationsSpin	BOUND
layer.spacingUI.strengthSpin	BOUND
layer.spacingUI.boundaryRelaxCheck	BOUND
layer.spacingUI.finalStrengthSpin	BOUND
layer.spacingUI.finalIterSpin	BOUND
layer.spacingUI.finalMoveSpin	BOUND
layer.separationUI.cleanCheck	BOUND
layer.separationUI.neighborSpin	BOUND
layer.separationUI.minNeighborSpin	BOUND
layer.separationUI.minIslandSpin	BOUND
layer.separationUI.planarCheck	BOUND
layer.detailsUI.refreshButton	BOUND
layer.detailsUI.helpButton	BOUND
