case,repeat,frame,wall_ms,scatter_callback_ms,analyzer_callback_ms,scatter_calls,analyzer_calls,reported_fps_unverified
"original_callbacks","1","1","90.5839","71.116900000000001","2.2880000000000003","2","2","10.031448364257812"
"original_callbacks","1","2","96.477400000000003","78.095699999999994","2.7000000000000002","2","2","9.8780355453491211"
"original_callbacks","1","3","131.0796","105.37139999999999","3.5142000000000002","3","3","21.608072280883789"
"original_callbacks","1","4","92.831400000000002","73.291200000000003","2.6475","2","2","11.74758243560791"
"original_callbacks","1","5","96.463200000000001","80.287000000000006","2.7814999999999999","2","2","10.381649971008301"
"original_callbacks","1","6","99.978499999999997","81.838699999999989","2.8186999999999998","2","2","10.379591941833496"
"original_callbacks","1","7","113.5001","91.204100000000011","2.4339","2","2","9.0489625930786133"
"original_callbacks","1","8","114.8519","96.584299999999999","3.2008999999999999","2","2","8.8575057983398438"
"original_callbacks","1","9","119.44929999999999","99.156200000000013","3.7992999999999997","2","2","8.3188657760620117"
"original_callbacks","1","10","152.82650000000001","121.2758","4.9301000000000004","3","3","18.45750617980957"
"original_callbacks","1","11","95.930300000000003","78.485299999999995","2.5305999999999997","2","2","10.114025115966797"
"original_callbacks","1","12","87.044700000000006","71.389800000000008","2.3070000000000004","2","2","11.382054328918457"
"original_callbacks","1","13","91.610200000000006","74.409600000000012","2.4229000000000003","2","2","11.408076286315918"
"original_callbacks","1","14","86.642799999999994","71.408900000000003","2.5827999999999998","2","2","10.963818550109863"
"original_callbacks","1","15","87.558000000000007","71.752200000000002","2.3186999999999998","2","2","11.351781845092773"
"original_callbacks","1","16","91.309799999999996","72.189400000000006","2.3396999999999997","2","2","11.72495174407959"
"original_callbacks","1","17","86.135999999999996","72.332799999999992","2.3487","2","2","10.774445533752441"
"original_callbacks","1","18","136.2602","109.01849999999999","3.9180999999999999","3","3","21.536035537719727"
"original_callbacks","1","19","102.07510000000001","79.742800000000003","3.7038000000000002","2","2","10.334613800048828"
"original_callbacks","1","20","103.08540000000001","85.8352","3.2404999999999999","2","2","9.5948572158813477"
"original_callbacks","1","21","117.27509999999999","87.966899999999995","3.2046999999999999","2","2","9.3145771026611328"
"original_callbacks","1","22","103.34480000000001","80.623799999999989","2.5038999999999998","2","2","8.790435791015625"
"original_callbacks","1","23","99.127899999999997","84.547600000000003","2.4367999999999999","2","2","9.7970924377441406"
"original_callbacks","1","24","95.3065","79.232200000000006","2.5361000000000002","2","2","10.467368125915527"
"original_callbacks","1","25","157.46549999999999","119.1514","4.6417000000000002","3","3","17.043004989624023"
"original_callbacks","1","26","104.0685","82.512200000000007","2.3788","2","2","9.5772228240966797"
"original_callbacks","1","27","102.2043","76.244500000000002","2.8868","2","2","10.178521156311035"
"original_callbacks","1","28","95.190700000000007","74.6952","2.3133999999999997","2","2","9.46502685546875"
"original_callbacks","1","29","107.1532","85.836299999999994","3.0361000000000002","2","2","9.7476434707641602"
"original_callbacks","1","30","106.53660000000001","85.490399999999994","2.5475000000000003","2","2","9.8320388793945312"
"original_callbacks","1","31","96.052499999999995","81.171700000000001","3.4065000000000003","2","2","9.8786211013793945"
"original_callbacks","1","32","138.52780000000001","115.4873","4.0509000000000004","3","3","22.06721305847168"
"original_callbacks","1","33","88.699100000000001","72.526700000000005","3.3739999999999997","2","2","11.393298149108887"
"original_callbacks","1","34","92.693399999999997","76.587899999999991","2.4310999999999998","2","2","11.024750709533691"
"original_callbacks","1","35","86.435699999999997","73.328699999999998","2.3361000000000001","2","2","10.981625556945801"
"original_callbacks","1","36","88.010999999999996","72.968400000000003","2.7473999999999998","2","2","11.920357704162598"
"original_callbacks","1","37","87.716899999999995","73.844400000000007","2.4139999999999997","2","2","11.029054641723633"
"original_callbacks","1","38","93.707400000000007","77.8797","2.4347000000000003","2","2","10.979768753051758"
"original_callbacks","1","39","105.003","83.558999999999997","2.7800000000000002","2","2","9.7996273040771484"
"original_callbacks","1","40","163.29480000000001","135.18869999999998","4.4021999999999997","3","3","17.188776016235352"
"analyzer_without_updateScreen","1","1","90.108999999999995","72.043999999999997","2.6133000000000002","2","2","11.393453598022461"
"analyzer_without_updateScreen","1","2","137.03309999999999","113.50960000000001","3.5598000000000001","3","3","21.953752517700195"
"analyzer_without_updateScreen","1","3","91.461500000000001","75.762","2.6463999999999999","2","2","11.22716236114502"
"analyzer_without_updateScreen","1","4","92.492199999999997","75.566100000000006","2.3045999999999998","2","2","10.401303291320801"
"analyzer_without_updateScreen","1","5","99.784700000000001","83.431700000000006","2.6657000000000002","2","2","11.032546997070312"
"analyzer_without_updateScreen","1","6","98.819000000000003","73.772500000000008","2.6539000000000001","2","2","10.238160133361816"
"analyzer_without_updateScreen","1","7","87.893900000000002","71.074299999999994","2.2698999999999998","2","2","10.07872486114502"
"analyzer_without_updateScreen","1","8","84.266900000000007","70.241700000000009","2.4027000000000003","2","2","11.419657707214355"
"analyzer_without_updateScreen","1","9","88.739800000000002","73.011200000000002","2.4499","2","2","11.671239852905273"
"analyzer_without_updateScreen","1","10","135.88460000000001","108.6709","3.5684999999999998","3","3","21.125303268432617"
"analyzer_without_updateScreen","1","11","89.165800000000004","72.568899999999999","3.0732999999999997","2","2","11.370381355285645"
"analyzer_without_updateScreen","1","12","89.040499999999994","73.850400000000008","2.3424","2","2","11.037125587463379"
"analyzer_without_updateScreen","1","13","92.651899999999998","72.364400000000003","2.2778999999999998","2","2","10.594578742980957"
"analyzer_without_updateScreen","1","14","96.993799999999993","75.279599999999988","2.5407999999999999","2","2","10.7724609375"
"analyzer_without_updateScreen","1","15","88.176500000000004","72.956500000000005","2.3551000000000002","2","2","10.973840713500977"
"analyzer_without_updateScreen","1","16","86.712900000000005","70.247500000000002","2.3088000000000002","2","2","11.599528312683105"
"analyzer_without_updateScreen","1","17","85.631500000000003","71.472200000000001","2.4462000000000002","2","2","11.190113067626953"
"analyzer_without_updateScreen","1","18","132.554","108.078","3.5413000000000001","3","3","21.212686538696289"
"analyzer_without_updateScreen","1","19","92.299899999999994","73.892200000000003","2.6368999999999998","2","2","11.958746910095215"
"analyzer_without_updateScreen","1","20","84.274000000000001","70.8005","2.3441000000000001","2","2","10.830012321472168"
"analyzer_without_updateScreen","1","21","86.905600000000007","71.330199999999991","2.4173","2","2","11.623230934143066"
"analyzer_without_updateScreen","1","22","92.257400000000004","72.233900000000006","2.5962000000000001","2","2","11.637961387634277"
"analyzer_without_updateScreen","1","23","90.811300000000003","77.720699999999994","2.2949000000000002","2","2","10.892913818359375"
"analyzer_without_updateScreen","1","24","88.015600000000006","73.147099999999995","2.4420999999999999","2","2","10.840590476989746"
"analyzer_without_updateScreen","1","25","96.186000000000007","78.139800000000008","2.3684000000000003","2","2","10.796314239501953"
"analyzer_without_updateScreen","1","26","150.36770000000001","123.0865","3.9890999999999996","3","3","19.133739471435547"
"analyzer_without_updateScreen","1","27","90.067800000000005","73.295899999999989","2.4607000000000001","2","2","10.948249816894531"
"analyzer_without_updateScreen","1","28","87.130499999999998","72.853999999999999","2.3205","2","2","11.622650146484375"
"analyzer_without_updateScreen","1","29","87.489800000000002","73.971100000000007","2.3932000000000002","2","2","11.601076126098633"
"analyzer_without_updateScreen","1","30","92.8352","74.496499999999997","3.2921","2","2","10.811254501342773"
"analyzer_without_updateScreen","1","31","85.0732","70.712899999999991","2.2865000000000002","2","2","10.981348037719727"
"analyzer_without_updateScreen","1","32","83.066699999999997","69.246499999999997","2.4291999999999998","2","2","12.11616039276123"
"analyzer_without_updateScreen","1","33","91.707999999999998","71.972499999999997","2.2793000000000001","2","2","11.69081974029541"
"analyzer_without_updateScreen","1","34","133.23439999999999","108.5917","3.5777999999999999","3","3","21.436641693115234"
"analyzer_without_updateScreen","1","35","97.284700000000001","72.683599999999998","2.6414999999999997","2","2","11.183606147766113"
"analyzer_without_updateScreen","1","36","85.395499999999998","69.120599999999996","2.3244999999999996","2","2","10.930574417114258"
"analyzer_without_updateScreen","1","37","84.9619","70.290400000000005","2.3967999999999998","2","2","11.671198844909668"
"analyzer_without_updateScreen","1","38","87.429199999999994","74.28479999999999","2.3571","2","2","11.114556312561035"
"analyzer_without_updateScreen","1","39","87.011399999999995","69.481200000000001","2.3580000000000001","2","2","12.183473587036133"
"analyzer_without_updateScreen","1","40","96.013099999999994","73.850200000000001","2.7930999999999999","2","2","10.769235610961914"
"analyzer_without_updateScreen_scatter_off","1","1","9.5862999999999996","0","2.1391","0","2","88.251129150390625"
"analyzer_without_updateScreen_scatter_off","1","2","12.172000000000001","0","2.1646000000000001","0","2","109.93722534179688"
"analyzer_without_updateScreen_scatter_off","1","3","17.5167","0","3.2797000000000001","0","3","139.98544311523438"
"analyzer_without_updateScreen_scatter_off","1","4","9.0389999999999997","0","2.1768000000000001","0","2","99.773513793945312"
"analyzer_without_updateScreen_scatter_off","1","5","9.3658999999999999","0","2.1871","0","2","106.49514007568359"
"analyzer_without_updateScreen_scatter_off","1","6","9.8369","0","2.5922000000000001","0","2","112.79552459716797"
"analyzer_without_updateScreen_scatter_off","1","7","11.852499999999999","0","2.218","0","2","82.796539306640625"
"analyzer_without_updateScreen_scatter_off","1","8","9.8045000000000009","0","2.2967","0","2","92.620033264160156"
"analyzer_without_updateScreen_scatter_off","1","9","9.7393000000000001","0","2.1977000000000002","0","2","112.70145416259766"
"analyzer_without_updateScreen_scatter_off","1","10","9.6582000000000008","0","2.1252","0","2","97.956626892089844"
"analyzer_without_updateScreen_scatter_off","1","11","11.292199999999999","0","2.6912000000000003","0","2","90.207931518554688"
"analyzer_without_updateScreen_scatter_off","1","12","9.6784999999999997","0","2.2358000000000002","0","2","104.23724365234375"
"analyzer_without_updateScreen_scatter_off","1","13","9.4238999999999997","0","2.1911","0","2","97.002616882324219"
"analyzer_without_updateScreen_scatter_off","1","14","10.5502","0","2.8986999999999998","0","2","114.83429718017578"
"analyzer_without_updateScreen_scatter_off","1","15","9.5961999999999996","0","2.2052","0","2","91.906700134277344"
"analyzer_without_updateScreen_scatter_off","1","16","12.4628","0","2.4592999999999998","0","2","80.827674865722656"
"analyzer_without_updateScreen_scatter_off","1","17","11.152200000000001","0","2.3680000000000003","0","2","98.03729248046875"
"analyzer_without_updateScreen_scatter_off","1","18","10.936400000000001","0","2.3612000000000002","0","2","93.167991638183594"
"analyzer_without_updateScreen_scatter_off","1","19","9.7901000000000007","0","2.2071000000000001","0","2","87.697761535644531"
"analyzer_without_updateScreen_scatter_off","1","20","10.122400000000001","0","2.5476000000000001","0","2","102.80767822265625"
"analyzer_without_updateScreen_scatter_off","1","21","9.8080999999999996","0","2.3056000000000001","0","2","100.83999633789062"
"analyzer_without_updateScreen_scatter_off","1","22","9.4992999999999999","0","2.1136999999999997","0","2","98.255958557128906"
"analyzer_without_updateScreen_scatter_off","1","23","8.7045999999999992","0","2.1151","0","2","115.0218505859375"
"analyzer_without_updateScreen_scatter_off","1","24","9.3239999999999998","0","2.1360999999999999","0","2","108.52460479736328"
"analyzer_without_updateScreen_scatter_off","1","25","12.744999999999999","0","2.7248000000000001","0","2","105.89630889892578"
"analyzer_without_updateScreen_scatter_off","1","26","14.5283","0","2.5701000000000001","0","2","73.385879516601562"
"analyzer_without_updateScreen_scatter_off","1","27","11.1424","0","2.3727","0","2","69.496566772460938"
"analyzer_without_updateScreen_scatter_off","1","28","10.614100000000001","0","2.5537999999999998","0","2","92.777290344238281"
"analyzer_without_updateScreen_scatter_off","1","29","10.047000000000001","0","2.3237000000000001","0","2","95.956398010253906"
"analyzer_without_updateScreen_scatter_off","1","30","9.1031999999999993","0","2.25","0","2","101.87345123291016"
"analyzer_without_updateScreen_scatter_off","1","31","8.9245999999999999","0","2.1320999999999999","0","2","112.79552459716797"
"analyzer_without_updateScreen_scatter_off","1","32","10.4765","0","2.1403999999999996","0","2","105.49636077880859"
"analyzer_without_updateScreen_scatter_off","1","33","8.7377000000000002","0","2.1932999999999998","0","2","100.56011962890625"
"analyzer_without_updateScreen_scatter_off","1","34","10.4841","0","2.2815000000000003","0","2","99.444107055664062"
"analyzer_without_updateScreen_scatter_off","1","35","22.638000000000002","0","2.3744000000000001","0","2","96.234352111816406"
"analyzer_without_updateScreen_scatter_off","1","36","14.476900000000001","0","2.3425000000000002","0","2","40.581943511962891"
"analyzer_without_updateScreen_scatter_off","1","37","13.4588","0","2.4579","0","2","72.627967834472656"
"analyzer_without_updateScreen_scatter_off","1","38","14.396699999999999","0","2.7176999999999998","0","2","77.306632995605469"
"analyzer_without_updateScreen_scatter_off","1","39","17.566299999999998","0","2.4672000000000001","0","2","53.713771820068359"
"analyzer_without_updateScreen_scatter_off","1","40","10.968","0","2.3956999999999997","0","2","76.476570129394531"
"original_callbacks","2","1","118.4217","74.938500000000005","2.6784999999999997","2","2","9.3174419403076172"
"original_callbacks","2","2","92.432500000000005","74.740700000000004","2.3502999999999998","2","2","8.7155618667602539"
"original_callbacks","2","3","88.666200000000003","70.979900000000001","2.3912","2","2","10.798518180847168"
"original_callbacks","2","4","101.6103","76.38669999999999","2.4857","2","2","10.334528923034668"
"original_callbacks","2","5","99.118300000000005","77.770800000000008","2.6272000000000002","2","2","10.365917205810547"
"original_callbacks","2","6","146.8244","118.04730000000001","4.6589","3","3","18.002092361450195"
"original_callbacks","2","7","87.892799999999994","73.224699999999999","2.4664000000000001","2","2","10.96873664855957"
"original_callbacks","2","8","86.593900000000005","69.700800000000001","2.3742000000000001","2","2","11.509254455566406"
"original_callbacks","2","9","87.312799999999996","72.163299999999992","2.351","2","2","11.215263366699219"
"original_callbacks","2","10","84.959299999999999","71.203599999999994","2.3438999999999997","2","2","11.733894348144531"
"original_callbacks","2","11","91.352000000000004","73.276399999999995","2.2980999999999998","2","2","11.891143798828125"
"original_callbacks","2","12","87.367999999999995","73.121600000000001","2.4022000000000001","2","2","10.740077018737793"
"original_callbacks","2","13","88.818200000000004","74.748500000000007","2.3376999999999999","2","2","11.024884223937988"
"original_callbacks","2","14","153.59639999999999","111.5223","3.5583999999999998","3","3","15.521081924438477"
"original_callbacks","2","15","88.263300000000001","73.585000000000008","2.3665000000000003","2","2","11.476536750793457"
"original_callbacks","2","16","84.9619","71.017899999999997","2.3454999999999999","2","2","11.588277816772461"
"original_callbacks","2","17","88.600300000000004","72.187600000000003","2.8714","2","2","11.616304397583008"
"original_callbacks","2","18","85.557900000000004","71.741099999999989","2.3332999999999999","2","2","11.323745727539062"
"original_callbacks","2","19","85.793800000000005","72.149900000000002","2.3357000000000001","2","2","11.688742637634277"
"original_callbacks","2","20","90.319400000000002","73.054900000000004","3.3879000000000001","2","2","11.189099311828613"
"original_callbacks","2","21","86.115899999999996","70.821599999999989","2.3219000000000003","2","2","11.569066047668457"
"original_callbacks","2","22","135.7698","106.6036","3.5452999999999997","3","3","19.880281448364258"
"original_callbacks","2","23","351.79649999999998","78.955299999999994","246.96380000000002","2","2","2.9475231170654297"
"original_callbacks","2","24","85.049800000000005","70.712899999999991","2.3792999999999997","2","2","10.270820617675781"
"original_callbacks","2","25","84.456000000000003","68.828599999999994","2.6658999999999997","2","2","11.525796890258789"
"original_callbacks","2","26","90.701599999999999","75.177500000000009","2.3327","2","2","11.400662422180176"
"original_callbacks","2","27","129.64490000000001","105.0378","3.7566000000000002","3","3","20.90318489074707"
"original_callbacks","2","28","83.069400000000002","70.330700000000007","2.6395","2","2","11.962409019470215"
"original_callbacks","2","29","91.006100000000004","72.973899999999986","2.6263000000000001","2","2","12.255878448486328"
"original_callbacks","2","30","85.498800000000003","71.081999999999994","2.379","2","2","10.690476417541504"
"original_callbacks","2","31","87.873099999999994","73.152000000000001","2.4542000000000002","2","2","11.481293678283691"
"original_callbacks","2","32","111.3412","77.556700000000006","2.3495999999999997","2","2","10.903092384338379"
"original_callbacks","2","33","90.158199999999994","69.668399999999991","2.3487999999999998","2","2","9.2204475402832031"
"original_callbacks","2","34","94.467699999999994","72.356999999999999","2.4287999999999998","2","2","11.042524337768555"
"original_callbacks","2","35","145.52359999999999","105.7783","3.7036000000000002","3","3","18.506763458251953"
"original_callbacks","2","36","94.739199999999997","79.320300000000003","2.3407999999999998","2","2","11.191879272460938"
"original_callbacks","2","37","95.382400000000004","81.183700000000002","2.3924000000000003","2","2","10.465330123901367"
"original_callbacks","2","38","89.893199999999993","72.697200000000009","2.6109","2","2","10.512107849121094"
"original_callbacks","2","39","83.819999999999993","70.950299999999999","2.7081","2","2","11.72624397277832"
"original_callbacks","2","40","92.523300000000006","76.555000000000007","2.8471000000000002","2","2","11.008681297302246"
"analyzer_without_updateScreen","2","1","90.663200000000003","72.771000000000001","2.6057999999999999","2","2","11.68990421295166"
"analyzer_without_updateScreen","2","2","83.460899999999995","70.184599999999989","2.2953999999999999","2","2","11.039830207824707"
"analyzer_without_updateScreen","2","3","84.010099999999994","69.8476","2.3882000000000003","2","2","12.060834884643555"
"analyzer_without_updateScreen","2","4","90.881399999999999","72.954700000000003","2.3295000000000003","2","2","11.505520820617676"
"analyzer_without_updateScreen","2","5","83.934100000000001","71.106099999999998","2.4260000000000002","2","2","11.55189323425293"
"analyzer_without_updateScreen","2","6","138.88409999999999","110.10159999999999","3.5526","3","3","21.558460235595703"
"analyzer_without_updateScreen","2","7","92.868899999999996","71.9876","2.3662999999999998","2","2","10.450358390808105"
"analyzer_without_updateScreen","2","8","92.306899999999999","71.647099999999995","2.3265000000000002","2","2","10.685941696166992"
"analyzer_without_updateScreen","2","9","84.156700000000001","71.009099999999989","2.3632","2","2","11.595788955688477"
"analyzer_without_updateScreen","2","10","87.9101","71.358999999999995","2.3459000000000003","2","2","11.708902359008789"
"analyzer_without_updateScreen","2","11","84.360699999999994","69.557600000000008","2.3290999999999999","2","2","11.590104103088379"
"analyzer_without_updateScreen","2","12","87.039000000000001","71.981300000000005","2.6255999999999999","2","2","11.661236763000488"
"analyzer_without_updateScreen","2","13","89.777799999999999","72.818899999999999","2.2823000000000002","2","2","11.343952178955078"
"analyzer_without_updateScreen","2","14","142.16589999999999","105.9605","4.0769000000000002","3","3","20.9329833984375"
"analyzer_without_updateScreen","2","15","86.256900000000002","72.1755","2.3716999999999997","2","2","10.345391273498535"
"analyzer_without_updateScreen","2","16","91.430099999999996","71.438500000000005","3.2123999999999997","2","2","11.485381126403809"
"analyzer_without_updateScreen","2","17","97.147800000000004","79.964699999999993","2.3730000000000002","2","2","10.455504417419434"
"analyzer_without_updateScreen","2","18","91.474100000000007","72.451899999999995","2.3123","2","2","10.381078720092773"
"analyzer_without_updateScreen","2","19","88.028599999999997","71.25","2.3052000000000001","2","2","11.760831832885742"
"analyzer_without_updateScreen","2","20","84.676299999999998","70.944199999999995","2.3651999999999997","2","2","11.464892387390137"
"analyzer_without_updateScreen","2","21","85.810699999999997","70.906099999999995","2.3475000000000001","2","2","11.408531188964844"
"analyzer_without_updateScreen","2","22","137.92529999999999","111.40220000000001","3.4881000000000002","3","3","21.08765983581543"
"analyzer_without_updateScreen","2","23","90.428899999999999","75.113499999999988","2.4287999999999998","2","2","10.634654998779297"
"analyzer_without_updateScreen","2","24","98.951999999999998","82.716700000000003","2.4841000000000002","2","2","10.392838478088379"
"analyzer_without_updateScreen","2","25","117.9571","96.2149","2.8662000000000001","2","2","9.8168859481811523"
"analyzer_without_updateScreen","2","26","95.346800000000002","79.7607","2.4554999999999998","2","2","9.253108024597168"
"analyzer_without_updateScreen","2","27","92.740799999999993","75.735800000000012","2.4348000000000001","2","2","10.471796035766602"
"analyzer_without_updateScreen","2","28","102.5466","82.876999999999995","2.7118000000000002","2","2","9.7462940216064453"
"analyzer_without_updateScreen","2","29","84.410899999999998","69.986099999999993","2.319","2","2","11.16846752166748"
"analyzer_without_updateScreen","2","30","135.03659999999999","109.7346","3.8773","3","3","19.87818717956543"
"analyzer_without_updateScreen","2","31","90.007099999999994","73.619200000000006","2.6947000000000001","2","2","11.222601890563965"
"analyzer_without_updateScreen","2","32","87.205299999999994","73.9602","2.4858000000000002","2","2","11.585538864135742"
"analyzer_without_updateScreen","2","33","88.804100000000005","75.283299999999997","2.415","2","2","11.032863616943359"
"analyzer_without_updateScreen","2","34","87.287700000000001","70.378600000000006","2.4264000000000001","2","2","11.718851089477539"
"analyzer_without_updateScreen","2","35","85.638900000000007","70.325700000000012","2.3551000000000002","2","2","11.241639137268066"
"analyzer_without_updateScreen","2","36","85.283600000000007","71.142899999999997","2.7568000000000001","2","2","11.667277336120605"
"analyzer_without_updateScreen","2","37","95.271600000000007","77.154200000000003","2.5754999999999999","2","2","10.955326080322266"
"analyzer_without_updateScreen","2","38","147.2193","111.0641","4.2566999999999995","3","3","18.188333511352539"
"analyzer_without_updateScreen","2","39","91.206999999999994","76.289400000000001","2.6588000000000003","2","2","11.073032379150391"
"analyzer_without_updateScreen","2","40","90.433499999999995","72.681899999999999","2.4127999999999998","2","2","11.023292541503906"
"analyzer_without_updateScreen_scatter_off","2","1","10.7331","0","2.4710000000000001","0","2","75.730033874511719"
"analyzer_without_updateScreen_scatter_off","2","2","11.6126","0","2.6418999999999997","0","2","108.78670501708984"
"analyzer_without_updateScreen_scatter_off","2","3","9.3924000000000003","0","2.2331000000000003","0","2","82.478309631347656"
"analyzer_without_updateScreen_scatter_off","2","4","11.1487","0","2.3403999999999998","0","2","97.725921630859375"
"analyzer_without_updateScreen_scatter_off","2","5","10.394","0","2.3532000000000002","0","2","100.23052978515625"
"analyzer_without_updateScreen_scatter_off","2","6","8.9588999999999999","0","2.1753","0","2","94.0079345703125"
"analyzer_without_updateScreen_scatter_off","2","7","10.2395","0","2.4863999999999997","0","2","113.87965393066406"
"analyzer_without_updateScreen_scatter_off","2","8","9.4710999999999999","0","2.3339999999999996","0","2","95.123039245605469"
"analyzer_without_updateScreen_scatter_off","2","9","10.607699999999999","0","2.2378999999999998","0","2","102.87960052490234"
"analyzer_without_updateScreen_scatter_off","2","10","10.843299999999999","0","2.7145999999999999","0","2","90.835594177246094"
"analyzer_without_updateScreen_scatter_off","2","11","9.5297999999999998","0","2.4726999999999997","0","2","99.108024597167969"
"analyzer_without_updateScreen_scatter_off","2","12","9.7521000000000004","0","2.3024","0","2","103.27057647705078"
"analyzer_without_updateScreen_scatter_off","2","13","11.778499999999999","0","2.1516000000000002","0","2","101.35203552246094"
"analyzer_without_updateScreen_scatter_off","2","14","9.3797999999999995","0","2.3954","0","2","82.679473876953125"
"analyzer_without_updateScreen_scatter_off","2","15","9.9700000000000006","0","2.3262","0","2","111.13086700439453"
"analyzer_without_updateScreen_scatter_off","2","16","11.527799999999999","0","2.1751","0","2","97.426002502441406"
"analyzer_without_updateScreen_scatter_off","2","17","17.723600000000001","0","2.4855999999999998","0","2","67.624679565429688"
"analyzer_without_updateScreen_scatter_off","2","18","21.911300000000001","0","3.6337999999999999","0","2","43.576591491699219"
"analyzer_without_updateScreen_scatter_off","2","19","15.8644","0","2.4897","0","2","59.850494384765625"
"analyzer_without_updateScreen_scatter_off","2","20","16.691199999999998","0","2.5845000000000002","0","2","58.146633148193359"
"analyzer_without_updateScreen_scatter_off","2","21","16.037500000000001","0","2.9643000000000002","0","2","59.175098419189453"
"analyzer_without_updateScreen_scatter_off","2","22","10.3218","0","2.3438999999999997","0","2","82.364860534667969"
"analyzer_without_updateScreen_scatter_off","2","23","10.604100000000001","0","2.2911000000000001","0","2","100.75262451171875"
"analyzer_without_updateScreen_scatter_off","2","24","8.6433999999999997","0","2.2084000000000001","0","2","101.10610198974609"
"analyzer_without_updateScreen_scatter_off","2","25","10.374700000000001","0","2.4873000000000003","0","2","99.741668701171875"
"analyzer_without_updateScreen_scatter_off","2","26","10.516","0","2.3357999999999999","0","2","106.86614990234375"
"analyzer_without_updateScreen_scatter_off","2","27","9.8559000000000001","0","2.2557","0","2","91.040687561035156"
"analyzer_without_updateScreen_scatter_off","2","28","10.3474","0","2.5972999999999997","0","2","98.462020874023438"
"analyzer_without_updateScreen_scatter_off","2","29","10.053100000000001","0","2.2479","0","2","102.12522888183594"
"analyzer_without_updateScreen_scatter_off","2","30","9.3055000000000003","0","2.2254","0","2","99.60357666015625"
"analyzer_without_updateScreen_scatter_off","2","31","9.7637","0","2.5756999999999999","0","2","107.20182037353516"
"analyzer_without_updateScreen_scatter_off","2","32","9.8351000000000006","0","2.3514999999999997","0","2","100.43185424804688"
"analyzer_without_updateScreen_scatter_off","2","33","9.8585999999999991","0","2.1543000000000001","0","2","109.13932800292969"
"analyzer_without_updateScreen_scatter_off","2","34","12.873799999999999","0","2.2565","0","2","95.763427734375"
"analyzer_without_updateScreen_scatter_off","2","35","20.445599999999999","0","3.6556999999999999","0","3","125.84473419189453"
"analyzer_without_updateScreen_scatter_off","2","36","10.7318","0","2.4131","0","2","77.479736328125"
"analyzer_without_updateScreen_scatter_off","2","37","13.0099","0","2.5651000000000002","0","2","88.8975830078125"
"analyzer_without_updateScreen_scatter_off","2","38","10.376899999999999","0","2.3764000000000003","0","2","81.617332458496094"
"analyzer_without_updateScreen_scatter_off","2","39","9.3924000000000003","0","2.2670000000000003","0","2","100.47222137451172"
"analyzer_without_updateScreen_scatter_off","2","40","10.189","0","2.2491000000000003","0","2","104.17642974853516"
"original_callbacks","3","1","86.1203","71.645200000000003","2.5648","2","2","11.369799613952637"
"original_callbacks","3","2","139.48060000000001","107.85289999999999","3.6571000000000002","3","3","20.256158828735352"
"original_callbacks","3","3","108.7038","69.821100000000001","2.2887","2","2","11.32342529296875"
"original_callbacks","3","4","126.8754","84.099000000000004","2.7705000000000002","2","2","8.3039999008178711"
"original_callbacks","3","5","105.01090000000001","84.205299999999994","2.3506","2","2","7.7191705703735352"
"original_callbacks","3","6","117.5292","76.180499999999995","2.4432","2","2","10.15056324005127"
"original_callbacks","3","7","84.615899999999996","69.546199999999999","2.3573","2","2","9.0480461120605469"
"original_callbacks","3","8","102.2394","75.393100000000004","2.3597000000000001","2","2","11.516305923461914"
"original_callbacks","3","9","138.38040000000001","113.0226","4.0221","3","3","21.572040557861328"
"original_callbacks","3","10","86.739500000000007","71.802099999999996","2.3308","2","2","11.189587593078613"
"original_callbacks","3","11","93.681700000000006","76.421700000000001","2.3780000000000001","2","2","10.799509048461914"
"original_callbacks","3","12","84.7303","70.083500000000001","2.4886999999999997","2","2","11.362680435180664"
"original_callbacks","3","13","91.055099999999996","75.834599999999995","2.3323","2","2","11.524840354919434"
"original_callbacks","3","14","88.248500000000007","73.022400000000005","2.4496000000000002","2","2","11.039196968078613"
"original_callbacks","3","15","90.458799999999997","75.602599999999995","3.1166999999999998","2","2","10.913575172424316"
"original_callbacks","3","16","94.128500000000003","73.243300000000005","2.6482999999999999","2","2","11.183743476867676"
"original_callbacks","3","17","134.22980000000001","106.70050000000001","3.5194999999999999","3","3","20.177114486694336"
"original_callbacks","3","18","84.829099999999997","70.027999999999992","2.4094000000000002","2","2","11.978774070739746"
"original_callbacks","3","19","87.051599999999993","73.131599999999992","2.3894000000000002","2","2","11.420048713684082"
"original_callbacks","3","20","89.325100000000006","71.758299999999991","2.548","2","2","11.858597755432129"
"original_callbacks","3","21","84.102999999999994","70.372600000000006","2.3327999999999998","2","2","11.113679885864258"
"original_callbacks","3","22","84.155299999999997","70.698700000000002","2.3986000000000001","2","2","11.797780990600586"
"original_callbacks","3","23","90.933999999999997","71.661900000000003","2.5819000000000001","2","2","11.544064521789551"
"original_callbacks","3","24","85.226600000000005","71.693700000000007","2.4266999999999999","2","2","11.480660438537598"
"original_callbacks","3","25","86.935500000000005","71.612500000000011","2.3483999999999998","2","2","11.360383033752441"
"original_callbacks","3","26","137.76230000000001","110.2116","3.5482999999999998","3","3","22.206184387207031"
"original_callbacks","3","27","90.073300000000003","74.110900000000001","2.4505999999999997","2","2","10.569215774536133"
"original_callbacks","3","28","84.668800000000005","70.47399999999999","2.3755999999999999","2","2","11.84089183807373"
"original_callbacks","3","29","86.281499999999994","70.772899999999993","2.3195999999999999","2","2","11.703079223632812"
"original_callbacks","3","30","85.953900000000004","71.948899999999995","2.3840000000000003","2","2","11.532920837402344"
"original_callbacks","3","31","88.768799999999999","73.314699999999988","2.4739","2","2","11.447148323059082"
"original_callbacks","3","32","88.383700000000005","71.040999999999997","2.8849","2","2","11.402729988098145"
"original_callbacks","3","33","99.846400000000003","82.534999999999997","2.5015999999999998","2","2","10.791118621826172"
"original_callbacks","3","34","140.76439999999999","114.54309999999998","3.5183999999999997","3","3","21.453289031982422"
"original_callbacks","3","35","92.109099999999998","74.617199999999997","3.1303000000000001","2","2","11.244129180908203"
"original_callbacks","3","36","88.273799999999994","74.189700000000002","2.6146000000000003","2","2","10.716057777404785"
"original_callbacks","3","37","112.47620000000001","90.455100000000002","2.8359999999999999","2","2","10.994471549987793"
"original_callbacks","3","38","94.914699999999996","76.959500000000006","2.5673000000000004","2","2","9.3323974609375"
"original_callbacks","3","39","84.4589","69.963999999999999","2.5093999999999999","2","2","10.577869415283203"
"original_callbacks","3","40","90.617500000000007","75.874499999999998","2.3265000000000002","2","2","11.673392295837402"
"analyzer_without_updateScreen","3","1","105.1361","74.433800000000005","2.3921000000000001","2","2","10.324179649353027"
"analyzer_without_updateScreen","3","2","94.230199999999996","73.828699999999998","2.2861000000000002","2","2","9.39373779296875"
"analyzer_without_updateScreen","3","3","84.631799999999998","71.083400000000012","2.3177000000000003","2","2","11.306512832641602"
"analyzer_without_updateScreen","3","4","135.08009999999999","108.4325","3.5352999999999999","3","3","21.526485443115234"
"analyzer_without_updateScreen","3","5","85.021000000000001","71.899799999999999","2.5589","2","2","11.20440673828125"
"analyzer_without_updateScreen","3","6","84.533100000000005","70.359399999999994","2.391","2","2","11.72865104675293"
"analyzer_without_updateScreen","3","7","91.422300000000007","76.5518","2.3563000000000001","2","2","11.42359733581543"
"analyzer_without_updateScreen","3","8","83.549599999999998","69.951099999999997","2.3134000000000001","2","2","11.506394386291504"
"analyzer_without_updateScreen","3","9","88.6126","75.434300000000007","2.3742999999999999","2","2","11.873283386230469"
"analyzer_without_updateScreen","3","10","99.984499999999997","84.801699999999997","2.3746999999999998","2","2","10.144086837768555"
"analyzer_without_updateScreen","3","11","84.575699999999998","70.974600000000009","2.6324000000000001","2","2","10.94105052947998"
"analyzer_without_updateScreen","3","12","143.54910000000001","111.3511","3.7497999999999996","3","3","18.88752555847168"
"analyzer_without_updateScreen","3","13","89.850200000000001","73.193899999999999","2.4518","2","2","11.639181137084961"
"analyzer_without_updateScreen","3","14","84.276700000000005","71.272099999999995","2.4816000000000003","2","2","11.277198791503906"
"analyzer_without_updateScreen","3","15","85.127799999999993","70.834100000000007","2.6006999999999998","2","2","11.69025993347168"
"analyzer_without_updateScreen","3","16","97.702500000000001","80.9589","2.3986000000000001","2","2","11.55828857421875"
"analyzer_without_updateScreen","3","17","99.708299999999994","82.5852","2.4449999999999998","2","2","10.386416435241699"
"analyzer_without_updateScreen","3","18","90.992699999999999","72.055900000000008","2.4623999999999997","2","2","9.8874025344848633"
"analyzer_without_updateScreen","3","19","94.692300000000003","73.608000000000004","2.4850000000000003","2","2","10.540228843688965"
"analyzer_without_updateScreen","3","20","155.27459999999999","128.99540000000002","3.8571999999999997","3","3","19.332973480224609"
"analyzer_without_updateScreen","3","21","96.742500000000007","75.171499999999995","2.6234999999999999","2","2","9.9845638275146484"
"analyzer_without_updateScreen","3","22","95.537999999999997","78.46350000000001","2.4335","2","2","9.5228757858276367"
"analyzer_without_updateScreen","3","23","88.782499999999999","74.090100000000007","2.5225999999999997","2","2","11.73222827911377"
"analyzer_without_updateScreen","3","24","106.67449999999999","88.536900000000003","2.6161000000000003","2","2","10.314169883728027"
"analyzer_without_updateScreen","3","25","98.053399999999996","73.64439999999999","2.4317000000000002","2","2","9.9789543151855469"
"analyzer_without_updateScreen","3","26","87.319699999999997","72.921300000000002","2.3635000000000002","2","2","10.179121971130371"
"analyzer_without_updateScreen","3","27","89.104600000000005","72.691300000000012","2.3327","2","2","11.677604675292969"
"analyzer_without_updateScreen","3","28","130.70269999999999","107.833","4.2366999999999999","3","3","21.957319259643555"
"analyzer_without_updateScreen","3","29","88.634","74.210999999999999","2.4081000000000001","2","2","11.87232494354248"
"analyzer_without_updateScreen","3","30","95.566900000000004","77.601699999999994","2.4255","2","2","11.015981674194336"
"analyzer_without_updateScreen","3","31","87.212500000000006","72.81880000000001","2.5372000000000003","2","2","10.463512420654297"
"analyzer_without_updateScreen","3","32","99.389099999999999","76.314099999999996","2.5701999999999998","2","2","10.44822883605957"
"analyzer_without_updateScreen","3","33","92.234099999999998","72.919600000000003","2.3847","2","2","10.839579582214355"
"analyzer_without_updateScreen","3","34","84.892399999999995","70.900999999999996","3.0310000000000001","2","2","11.17634391784668"
"analyzer_without_updateScreen","3","35","96.052899999999994","80.523899999999998","2.5152999999999999","2","2","11.518813133239746"
"analyzer_without_updateScreen","3","36","148.91560000000001","120.27809999999999","3.4952999999999999","3","3","19.722387313842773"
"analyzer_without_updateScreen","3","37","112.3861","94.230900000000005","4.1171000000000006","2","2","9.9232730865478516"
"analyzer_without_updateScreen","3","38","108.3125","92.536500000000004","2.7008000000000001","2","2","8.5128412246704102"
"analyzer_without_updateScreen","3","39","109.21040000000001","88.825900000000004","2.5005000000000002","2","2","9.3602809906005859"
"analyzer_without_updateScreen","3","40","107.60469999999999","87.194400000000002","4.1531000000000002","2","2","9.1372098922729492"
"analyzer_without_updateScreen_scatter_off","3","1","18.678100000000001","0","3.0899999999999999","0","2","48.120880126953125"
"analyzer_without_updateScreen_scatter_off","3","2","10.6313","0","2.3902999999999999","0","2","72.054931640625"
"analyzer_without_updateScreen_scatter_off","3","3","14.1904","0","2.4485000000000001","0","2","85.727264404296875"
"analyzer_without_updateScreen_scatter_off","3","4","15.2128","0","2.734","0","2","66.129692077636719"
"analyzer_without_updateScreen_scatter_off","3","5","14.212","0","2.488","0","2","77.581321716308594"
"analyzer_without_updateScreen_scatter_off","3","6","12.8704","0","3.2122000000000002","0","2","64.626617431640625"
"analyzer_without_updateScreen_scatter_off","3","7","12.8017","0","2.9803000000000002","0","2","78.1109619140625"
"analyzer_without_updateScreen_scatter_off","3","8","23.894600000000001","0","3.9280999999999997","0","3","104.3819580078125"
"analyzer_without_updateScreen_scatter_off","3","9","15.768700000000001","0","3.2530000000000001","0","2","68.372329711914062"
"analyzer_without_updateScreen_scatter_off","3","10","14.1335","0","3.1013000000000002","0","2","65.07958984375"
"analyzer_without_updateScreen_scatter_off","3","11","14.090199999999999","0","3.0426000000000002","0","2","69.113754272460938"
"analyzer_without_updateScreen_scatter_off","3","12","11.8652","0","2.5051000000000001","0","2","75.63323974609375"
"analyzer_without_updateScreen_scatter_off","3","13","11.182600000000001","0","2.9687999999999999","0","2","87.092079162597656"
"analyzer_without_updateScreen_scatter_off","3","14","10.3354","0","2.3313999999999999","0","2","100.02300262451172"
"analyzer_without_updateScreen_scatter_off","3","15","10.7637","0","2.5625","0","2","88.411857604980469"
"analyzer_without_updateScreen_scatter_off","3","16","10.551299999999999","0","2.5436000000000001","0","2","97.028976440429688"
"analyzer_without_updateScreen_scatter_off","3","17","10.186299999999999","0","2.1432000000000002","0","2","97.08831787109375"
"analyzer_without_updateScreen_scatter_off","3","18","14.3207","0","2.2681","0","2","82.964141845703125"
"analyzer_without_updateScreen_scatter_off","3","19","14.3804","0","2.6699000000000002","0","2","70.312118530273438"
"analyzer_without_updateScreen_scatter_off","3","20","12.397600000000001","0","2.8961000000000001","0","2","66.971611022949219"
"analyzer_without_updateScreen_scatter_off","3","21","9.5670999999999999","0","2.3584000000000001","0","2","94.419792175292969"
"analyzer_without_updateScreen_scatter_off","3","22","12.489800000000001","0","2.3527","0","2","92.523200988769531"
"analyzer_without_updateScreen_scatter_off","3","23","10.095800000000001","0","2.5724","0","2","89.017868041992188"
"analyzer_without_updateScreen_scatter_off","3","24","8.9436","0","2.1381999999999999","0","2","107.93657684326172"
"analyzer_without_updateScreen_scatter_off","3","25","10.9489","0","2.2915999999999999","0","2","101.92017364501953"
"analyzer_without_updateScreen_scatter_off","3","26","10.8065","0","2.7176999999999998","0","2","95.433509826660156"
"analyzer_without_updateScreen_scatter_off","3","27","9.7542000000000009","0","2.1734","0","2","91.299186706542969"
"analyzer_without_updateScreen_scatter_off","3","28","10.648099999999999","0","2.2654000000000001","0","2","95.978500366210938"
"analyzer_without_updateScreen_scatter_off","3","29","11.2323","0","2.4178999999999999","0","2","91.788589477539062"
"analyzer_without_updateScreen_scatter_off","3","30","12.9474","0","2.4763999999999999","0","2","86.642349243164062"
"analyzer_without_updateScreen_scatter_off","3","31","16.568000000000001","0","2.3955000000000002","0","2","62.967929840087891"
"analyzer_without_updateScreen_scatter_off","3","32","15.913","0","2.3241000000000001","0","2","61.405448913574219"
"analyzer_without_updateScreen_scatter_off","3","33","17.647099999999998","0","2.4309000000000003","0","2","60.885765075683594"
"analyzer_without_updateScreen_scatter_off","3","34","16.574300000000001","0","2.5253999999999999","0","2","57.424732208251953"
"analyzer_without_updateScreen_scatter_off","3","35","13.0541","0","2.6211000000000002","0","2","62.145767211914062"
"analyzer_without_updateScreen_scatter_off","3","36","11.568899999999999","0","2.9876999999999998","0","2","105.32635498046875"
"analyzer_without_updateScreen_scatter_off","3","37","10.0037","0","2.2484000000000002","0","2","81.336524963378906"
"analyzer_without_updateScreen_scatter_off","3","38","11.9625","0","2.2865000000000002","0","2","100.74246978759766"
"analyzer_without_updateScreen_scatter_off","3","39","11.8271","0","2.4782999999999999","0","2","87.900497436523438"
"analyzer_without_updateScreen_scatter_off","3","40","10.4535","0","2.4390999999999998","0","2","79.758171081542969"
