x,y
-1050.0,-1055.0
-1049.41,-1046.72
-1049.39,-1036.7
-1049.8,-1025.12
-1050.47,-1012.19
-1051.23,-998.079
-1051.93,-982.988
-1052.41,-967.107
-1052.5,-950.625
-1052.04,-933.733
-1050.88,-916.621
-1048.85,-899.48
-1045.78,-882.5
-1041.53,-865.872
-1035.92,-849.785
-1028.8,-834.431
-1020.0,-820.0
-1008.67,-806.252
-994.365,-792.793
-977.545,-779.578
-958.672,-766.562
-938.207,-753.704
-916.611,-740.957
-894.347,-728.279
-871.875,-715.625
-849.657,-702.952
-828.154,-690.215
-807.828,-677.371
-789.141,-664.375
-772.552,-651.184
-758.525,-637.754
-747.521,-624.041
-740.0,-610.0
-736.454,-595.64
-736.709,-581.016
-740.231,-566.157
-746.484,-551.094
-754.935,-535.854
-765.049,-520.469
-776.29,-504.966
-788.125,-489.375
-800.018,-473.726
-811.436,-458.047
-821.842,-442.368
-830.703,-426.719
-837.484,-411.128
-841.65,-395.625
-842.667,-380.239
-840.0,-365.0
-833.585,-349.844
-823.994,-334.692
-811.644,-319.548
-796.953,-304.414
-780.338,-289.295
-762.217,-274.194
-743.007,-259.116
-723.125,-244.062
-702.99,-229.039
-683.018,-214.048
-663.627,-199.094
-645.234,-184.18
-628.258,-169.31
-613.115,-154.487
-600.223,-139.716
-590.0,-125.0
-582.028,-109.929
-575.518,-94.1992
-570.331,-77.9712
-566.328,-61.4062
-563.37,-44.6655
-561.318,-27.9102
-560.033,-11.3013
-559.375,5.0
-559.205,20.8325
-559.385,36.0352
-559.774,50.4468
-560.234,63.9062
-560.626,76.2524
-560.811,87.3242
-560.648,96.9604
-560.0,105.0
