method,scenario,gestures,edit_ms,query_100k_ms,state_bytes,history_logical_bytes,items,accepted,repeat
1,overlap,1,0.0451,2.2641,208,208,12,134,0
1,overlap,10,0.0582,2.1971,208,2080,12,134,0
1,overlap,100,0.5092,2.2244,208,20800,12,134,0
1,overlap,1000,5.5065,2.4189,208,208000,12,134,0
1,growing,1,0.0133,1.8646,208,208,12,145,0
1,growing,10,0.1394,3.7882,1504,8336,75,1114,0
1,growing,100,3.7852,8.5508,5056,419872,247,9111,0
1,growing,1000,53.9811,19.3547,7584,6446624,443,79595,0
2,overlap,1,0.0143,2.5542,4172,4172,1,140,0
2,overlap,10,0.0604,2.6372,4172,41720,1,140,0
2,overlap,100,0.6782,2.557,4172,417200,1,140,0
2,overlap,1000,9.0012,2.6428,4172,4172000,1,140,0
2,growing,1,0.0071,1.7361,4172,4172,1,152,0
2,growing,10,0.0702,2.5132,12516,79268,3,1146,0
2,growing,100,1.0869,4.1018,50064,2774380,12,9240,0
2,growing,1000,12.474,4.8996,150192,88225284,36,79810,0
3,overlap,1,0.0113,1.3876,260,260,1,130,0
3,overlap,10,0.0163,1.722,2568,13132,10,130,0
3,overlap,100,1.314,1.9012,28928,1462872,100,130,0
3,overlap,1000,158.319,5.5471,288048,147429632,1000,130,0
3,growing,1,0.0028,1.0566,260,260,1,148,0
3,growing,10,0.0228,1.8083,2568,13132,10,1118,0
3,growing,100,1.1468,5.7014,28928,1462872,100,9126,0
3,growing,1000,233.727,57.96,288048,147429632,1000,79641,0
4,overlap,1,0.0145,2.8953,8584,8824,2,135,0
4,overlap,10,0.1026,3.2358,8584,86080,2,135,0
4,overlap,100,1.1998,2.8937,8584,858640,2,135,0
4,overlap,1000,17.899,3.4185,8584,8584240,2,135,0
4,growing,1,0.0207,2.8174,8584,8824,2,149,0
4,growing,10,0.1016,2.5548,16928,123628,4,1143,0
4,growing,100,1.0189,3.4492,58648,3491172,14,9230,0
4,growing,1000,15.0038,4.9491,192152,112095732,46,79768,0
1,overlap,1,0.0335,2.2731,208,208,12,134,1
1,overlap,10,0.1801,2.2524,208,2080,12,134,1
1,overlap,100,0.4307,2.4645,208,20800,12,134,1
1,overlap,1000,5.6119,2.2515,208,208000,12,134,1
1,growing,1,0.0134,2.0071,208,208,12,145,1
1,growing,10,0.1903,4.0317,1504,8336,75,1114,1
1,growing,100,4.3261,9.7524,5056,419872,247,9111,1
1,growing,1000,55.881,20.2193,7584,6446624,443,79595,1
2,overlap,1,0.0126,2.5839,4172,4172,1,140,1
2,overlap,10,0.0863,2.5689,4172,41720,1,140,1
2,overlap,100,0.6999,2.8494,4172,417200,1,140,1
2,overlap,1000,8.2797,2.5608,4172,4172000,1,140,1
2,growing,1,0.0091,1.6882,4172,4172,1,152,1
2,growing,10,0.0692,2.5612,12516,79268,3,1146,1
2,growing,100,1.0311,4.0034,50064,2774380,12,9240,1
2,growing,1000,13.5151,4.9422,150192,88225284,36,79810,1
3,overlap,1,0.0097,1.3701,260,260,1,130,1
3,overlap,10,0.0217,1.4996,2568,13132,10,130,1
3,overlap,100,1.1831,2.0913,28928,1462872,100,130,1
3,overlap,1000,167.808,5.9072,288048,147429632,1000,130,1
3,growing,1,0.0044,0.954,260,260,1,148,1
3,growing,10,0.1437,1.5899,2568,13132,10,1118,1
3,growing,100,1.1092,5.7125,28928,1462872,100,9126,1
3,growing,1000,230.122,57.8223,288048,147429632,1000,79641,1
4,overlap,1,0.0149,2.8933,8584,8824,2,135,1
4,overlap,10,0.1231,2.8629,8584,86080,2,135,1
4,overlap,100,1.1769,3.289,8584,858640,2,135,1
4,overlap,1000,20.8186,3.5373,8584,8584240,2,135,1
4,growing,1,0.0125,2.2399,8584,8824,2,149,1
4,growing,10,0.1087,2.4895,16928,123628,4,1143,1
4,growing,100,1.0073,3.4524,58648,3491172,14,9230,1
4,growing,1000,14.5076,5.06,192152,112095732,46,79768,1
1,overlap,1,0.0326,2.501,208,208,12,134,2
1,overlap,10,0.0733,2.2115,208,2080,12,134,2
1,overlap,100,0.4112,2.2185,208,20800,12,134,2
1,overlap,1000,5.4369,2.219,208,208000,12,134,2
1,growing,1,0.0061,1.7948,208,208,12,145,2
1,growing,10,0.1867,4.0831,1504,8336,75,1114,2
1,growing,100,4.1886,9.0481,5056,419872,247,9111,2
1,growing,1000,56.3148,18.8425,7584,6446624,443,79595,2
2,overlap,1,0.025,2.549,4172,4172,1,140,2
2,overlap,10,0.0603,2.9042,4172,41720,1,140,2
2,overlap,100,0.7035,2.5439,4172,417200,1,140,2
2,overlap,1000,8.5354,2.7695,4172,4172000,1,140,2
2,growing,1,0.0096,1.7761,4172,4172,1,152,2
2,growing,10,0.0811,2.6948,12516,79268,3,1146,2
2,growing,100,0.9927,4.0526,50064,2774380,12,9240,2
2,growing,1000,12.1742,5.0636,150192,88225284,36,79810,2
3,overlap,1,0.0082,1.4566,260,260,1,130,2
3,overlap,10,0.0199,1.4516,2568,13132,10,130,2
3,overlap,100,1.069,1.9059,28928,1462872,100,130,2
3,overlap,1000,156.246,5.4761,288048,147429632,1000,130,2
3,growing,1,0.0029,0.9905,260,260,1,148,2
3,growing,10,0.0247,1.6021,2568,13132,10,1118,2
3,growing,100,0.9874,5.6258,28928,1462872,100,9126,2
3,growing,1000,233.671,57.7122,288048,147429632,1000,79641,2
4,overlap,1,0.0155,2.927,8584,8824,2,135,2
4,overlap,10,0.1014,3.2909,8584,86080,2,135,2
4,overlap,100,1.2848,3.657,8584,858640,2,135,2
4,overlap,1000,21.056,3.0729,8584,8584240,2,135,2
4,growing,1,0.0161,2.3355,8584,8824,2,149,2
4,growing,10,0.0838,2.4961,16928,123628,4,1143,2
4,growing,100,1.0014,3.9244,58648,3491172,14,9230,2
4,growing,1000,14.5679,4.9613,192152,112095732,46,79768,2
1,overlap,1,0.0323,2.2115,208,208,12,134,3
1,overlap,10,0.0659,2.2136,208,2080,12,134,3
1,overlap,100,0.4191,2.2354,208,20800,12,134,3
1,overlap,1000,5.1887,2.2293,208,208000,12,134,3
1,growing,1,0.0064,1.8509,208,208,12,145,3
1,growing,10,0.1337,3.791,1504,8336,75,1114,3
1,growing,100,4.1036,8.3108,5056,419872,247,9111,3
1,growing,1000,53.2254,18.7719,7584,6446624,443,79595,3
2,overlap,1,0.0122,2.6486,4172,4172,1,140,3
2,overlap,10,0.0758,2.5634,4172,41720,1,140,3
2,overlap,100,0.7771,2.5577,4172,417200,1,140,3
2,overlap,1000,8.0152,2.5579,4172,4172000,1,140,3
2,growing,1,0.0131,1.6872,4172,4172,1,152,3
2,growing,10,0.0676,2.5221,12516,79268,3,1146,3
2,growing,100,0.8537,4.1368,50064,2774380,12,9240,3
2,growing,1000,12.4506,4.9398,150192,88225284,36,79810,3
3,overlap,1,0.007,1.4798,260,260,1,130,3
3,overlap,10,0.0215,1.4506,2568,13132,10,130,3
3,overlap,100,1.1193,1.8938,28928,1462872,100,130,3
3,overlap,1000,160.001,5.951,288048,147429632,1000,130,3
3,growing,1,0.003,0.9738,260,260,1,148,3
3,growing,10,0.0172,1.5808,2568,13132,10,1118,3
3,growing,100,1.0668,5.7462,28928,1462872,100,9126,3
3,growing,1000,238.618,56.8701,288048,147429632,1000,79641,3
4,overlap,1,0.0144,2.8878,8584,8824,2,135,3
4,overlap,10,0.1028,3.0791,8584,86080,2,135,3
4,overlap,100,1.59,3.4814,8584,858640,2,135,3
4,overlap,1000,19.507,3.2227,8584,8584240,2,135,3
4,growing,1,0.0125,2.4094,8584,8824,2,149,3
4,growing,10,0.0833,3.3906,16928,123628,4,1143,3
4,growing,100,0.9901,3.4389,58648,3491172,14,9230,3
4,growing,1000,14.3878,4.914,192152,112095732,46,79768,3
1,overlap,1,0.0359,2.3448,208,208,12,134,4
1,overlap,10,0.0626,2.2109,208,2080,12,134,4
1,overlap,100,0.4198,2.2206,208,20800,12,134,4
1,overlap,1000,5.5566,2.1967,208,208000,12,134,4
1,growing,1,0.0077,1.7855,208,208,12,145,4
1,growing,10,0.2363,3.7943,1504,8336,75,1114,4
1,growing,100,3.9484,8.2829,5056,419872,247,9111,4
1,growing,1000,53.4011,18.7341,7584,6446624,443,79595,4
2,overlap,1,0.0164,2.5544,4172,4172,1,140,4
2,overlap,10,0.0858,2.5758,4172,41720,1,140,4
2,overlap,100,0.6887,2.5631,4172,417200,1,140,4
2,overlap,1000,8.2716,3.1586,4172,4172000,1,140,4
2,growing,1,0.009,1.7147,4172,4172,1,152,4
2,growing,10,0.0679,2.5268,12516,79268,3,1146,4
2,growing,100,0.8541,4.3082,50064,2774380,12,9240,4
2,growing,1000,11.9529,4.9024,150192,88225284,36,79810,4
3,overlap,1,0.0071,1.3694,260,260,1,130,4
3,overlap,10,0.0137,1.4602,2568,13132,10,130,4
3,overlap,100,0.8599,1.958,28928,1462872,100,130,4
3,overlap,1000,167.766,5.8388,288048,147429632,1000,130,4
3,growing,1,0.0035,0.961,260,260,1,148,4
3,growing,10,0.1476,2.0507,2568,13132,10,1118,4
3,growing,100,1.2604,5.5841,28928,1462872,100,9126,4
3,growing,1000,229.879,57.8755,288048,147429632,1000,79641,4
4,overlap,1,0.0143,3.2394,8584,8824,2,135,4
4,overlap,10,0.1017,3.1629,8584,86080,2,135,4
4,overlap,100,1.6273,3.4232,8584,858640,2,135,4
4,overlap,1000,21.0475,2.9372,8584,8584240,2,135,4
4,growing,1,0.0127,2.5768,8584,8824,2,149,4
4,growing,10,0.0812,2.4762,16928,123628,4,1143,4
4,growing,100,1.053,3.405,58648,3491172,14,9230,4
4,growing,1000,14.7097,5.0517,192152,112095732,46,79768,4
1,overlap,1,0.0323,2.2349,208,208,12,134,5
1,overlap,10,0.0661,2.2179,208,2080,12,134,5
1,overlap,100,0.5897,2.3282,208,20800,12,134,5
1,overlap,1000,5.3878,2.2448,208,208000,12,134,5
1,growing,1,0.0124,1.9773,208,208,12,145,5
1,growing,10,0.1356,3.7796,1504,8336,75,1114,5
1,growing,100,3.785,8.2191,5056,419872,247,9111,5
1,growing,1000,53.3053,18.703,7584,6446624,443,79595,5
2,overlap,1,0.0137,2.5324,4172,4172,1,140,5
2,overlap,10,0.071,2.5967,4172,41720,1,140,5
2,overlap,100,0.7492,2.5376,4172,417200,1,140,5
2,overlap,1000,8.1408,2.5313,4172,4172000,1,140,5
2,growing,1,0.0091,1.6651,4172,4172,1,152,5
2,growing,10,0.0697,2.561,12516,79268,3,1146,5
2,growing,100,1.3953,4.1616,50064,2774380,12,9240,5
2,growing,1000,13.6703,4.8707,150192,88225284,36,79810,5
3,overlap,1,0.0063,1.3979,260,260,1,130,5
3,overlap,10,0.015,1.4375,2568,13132,10,130,5
3,overlap,100,1.2564,1.8592,28928,1462872,100,130,5
3,overlap,1000,153.486,5.6674,288048,147429632,1000,130,5
3,growing,1,0.003,0.9652,260,260,1,148,5
3,growing,10,0.0153,1.6194,2568,13132,10,1118,5
3,growing,100,1.0429,5.8968,28928,1462872,100,9126,5
3,growing,1000,233.84,58.8144,288048,147429632,1000,79641,5
4,overlap,1,0.0157,2.9509,8584,8824,2,135,5
4,overlap,10,0.103,2.8752,8584,86080,2,135,5
4,overlap,100,1.1786,3.1569,8584,858640,2,135,5
4,overlap,1000,18.929,3.3244,8584,8584240,2,135,5
4,growing,1,0.0175,2.3013,8584,8824,2,149,5
4,growing,10,0.0845,2.4616,16928,123628,4,1143,5
4,growing,100,1.0649,3.4157,58648,3491172,14,9230,5
4,growing,1000,15.437,4.9702,192152,112095732,46,79768,5
1,overlap,1,0.0364,2.2332,208,208,12,134,6
1,overlap,10,0.1862,2.2076,208,2080,12,134,6
1,overlap,100,0.4172,2.559,208,20800,12,134,6
1,overlap,1000,5.7836,2.5095,208,208000,12,134,6
1,growing,1,0.0076,1.8109,208,208,12,145,6
1,growing,10,0.1377,3.854,1504,8336,75,1114,6
1,growing,100,3.7904,8.4095,5056,419872,247,9111,6
1,growing,1000,54.0079,18.811,7584,6446624,443,79595,6
2,overlap,1,0.015,2.5472,4172,4172,1,140,6
2,overlap,10,0.0763,2.6191,4172,41720,1,140,6
2,overlap,100,0.699,2.5833,4172,417200,1,140,6
2,overlap,1000,8.1158,2.5483,4172,4172000,1,140,6
2,growing,1,0.0086,1.6789,4172,4172,1,152,6
2,growing,10,0.0698,2.5597,12516,79268,3,1146,6
2,growing,100,0.9394,4.2692,50064,2774380,12,9240,6
2,growing,1000,12.7259,4.8198,150192,88225284,36,79810,6
3,overlap,1,0.006,1.3736,260,260,1,130,6
3,overlap,10,0.0196,1.4659,2568,13132,10,130,6
3,overlap,100,1.2672,1.8514,28928,1462872,100,130,6
3,overlap,1000,167.017,5.4483,288048,147429632,1000,130,6
3,growing,1,0.0037,1.1425,260,260,1,148,6
3,growing,10,0.0196,1.6029,2568,13132,10,1118,6
3,growing,100,1.1657,5.6873,28928,1462872,100,9126,6
3,growing,1000,241.796,57.2447,288048,147429632,1000,79641,6
4,overlap,1,0.0153,3.0172,8584,8824,2,135,6
4,overlap,10,0.1319,3.4556,8584,86080,2,135,6
4,overlap,100,1.8199,4.147,8584,858640,2,135,6
4,overlap,1000,19.2374,2.8703,8584,8584240,2,135,6
4,growing,1,0.0128,2.3634,8584,8824,2,149,6
4,growing,10,0.0819,2.5017,16928,123628,4,1143,6
4,growing,100,1.0179,3.4543,58648,3491172,14,9230,6
4,growing,1000,14.5283,5.3382,192152,112095732,46,79768,6
1,overlap,1,0.035,2.218,208,208,12,134,7
1,overlap,10,0.0638,2.2531,208,2080,12,134,7
1,overlap,100,0.5244,2.2631,208,20800,12,134,7
1,overlap,1000,5.4733,2.2183,208,208000,12,134,7
1,growing,1,0.0074,1.8627,208,208,12,145,7
1,growing,10,0.2465,3.9733,1504,8336,75,1114,7
1,growing,100,3.9319,9.0233,5056,419872,247,9111,7
1,growing,1000,53.4689,19.2585,7584,6446624,443,79595,7
2,overlap,1,0.0157,2.5472,4172,4172,1,140,7
2,overlap,10,0.0829,2.6438,4172,41720,1,140,7
2,overlap,100,0.7324,2.5479,4172,417200,1,140,7
2,overlap,1000,8.8694,2.5476,4172,4172000,1,140,7
2,growing,1,0.0084,1.6673,4172,4172,1,152,7
2,growing,10,0.069,2.8791,12516,79268,3,1146,7
2,growing,100,0.8927,4.0158,50064,2774380,12,9240,7
2,growing,1000,12.2501,4.9104,150192,88225284,36,79810,7
3,overlap,1,0.0063,1.4213,260,260,1,130,7
3,overlap,10,0.0187,1.4171,2568,13132,10,130,7
3,overlap,100,1.3749,1.8565,28928,1462872,100,130,7
3,overlap,1000,155.968,5.5329,288048,147429632,1000,130,7
3,growing,1,0.0032,0.9824,260,260,1,148,7
3,growing,10,0.0715,1.5855,2568,13132,10,1118,7
3,growing,100,1.1492,5.7113,28928,1462872,100,9126,7
3,growing,1000,228.421,57.928,288048,147429632,1000,79641,7
4,overlap,1,0.0152,2.8914,8584,8824,2,135,7
4,overlap,10,0.1006,3.0944,8584,86080,2,135,7
4,overlap,100,1.1722,4.5099,8584,858640,2,135,7
4,overlap,1000,21.7016,3.3836,8584,8584240,2,135,7
4,growing,1,0.0207,2.2982,8584,8824,2,149,7
4,growing,10,0.0827,2.6069,16928,123628,4,1143,7
4,growing,100,1.0006,3.4004,58648,3491172,14,9230,7
4,growing,1000,14.786,5.2119,192152,112095732,46,79768,7
1,overlap,1,0.0333,2.2247,208,208,12,134,8
1,overlap,10,0.0632,2.2111,208,2080,12,134,8
1,overlap,100,0.428,2.3607,208,20800,12,134,8
1,overlap,1000,5.5236,2.2145,208,208000,12,134,8
1,growing,1,0.0066,1.793,208,208,12,145,8
1,growing,10,0.2247,4.092,1504,8336,75,1114,8
1,growing,100,4.1561,8.7086,5056,419872,247,9111,8
1,growing,1000,53.7005,18.9507,7584,6446624,443,79595,8
2,overlap,1,0.0404,2.7736,4172,4172,1,140,8
2,overlap,10,0.0732,2.5535,4172,41720,1,140,8
2,overlap,100,0.6549,2.5615,4172,417200,1,140,8
2,overlap,1000,8.2605,2.5892,4172,4172000,1,140,8
2,growing,1,0.0083,1.7164,4172,4172,1,152,8
2,growing,10,0.0922,2.5412,12516,79268,3,1146,8
2,growing,100,0.7968,3.9594,50064,2774380,12,9240,8
2,growing,1000,12.5099,4.8103,150192,88225284,36,79810,8
3,overlap,1,0.0061,1.3653,260,260,1,130,8
3,overlap,10,0.0221,1.4621,2568,13132,10,130,8
3,overlap,100,0.763,1.8763,28928,1462872,100,130,8
3,overlap,1000,165.947,5.7214,288048,147429632,1000,130,8
3,growing,1,0.0043,0.964,260,260,1,148,8
3,growing,10,0.0162,1.6715,2568,13132,10,1118,8
3,growing,100,1.0041,5.7584,28928,1462872,100,9126,8
3,growing,1000,236.282,57.5462,288048,147429632,1000,79641,8
4,overlap,1,0.0151,2.8894,8584,8824,2,135,8
4,overlap,10,0.1197,2.9096,8584,86080,2,135,8
4,overlap,100,1.194,3.3496,8584,858640,2,135,8
4,overlap,1000,20.5321,3.2676,8584,8584240,2,135,8
4,growing,1,0.0178,2.2406,8584,8824,2,149,8
4,growing,10,0.0843,2.6063,16928,123628,4,1143,8
4,growing,100,0.9668,3.4895,58648,3491172,14,9230,8
4,growing,1000,15.5403,5.3381,192152,112095732,46,79768,8
1,overlap,1,0.0346,2.2138,208,208,12,134,9
1,overlap,10,0.0642,2.2461,208,2080,12,134,9
1,overlap,100,0.4349,2.2509,208,20800,12,134,9
1,overlap,1000,5.6157,2.2403,208,208000,12,134,9
1,growing,1,0.007,1.8312,208,208,12,145,9
1,growing,10,0.1329,3.8804,1504,8336,75,1114,9
1,growing,100,4.6395,8.7581,5056,419872,247,9111,9
1,growing,1000,52.801,19.2818,7584,6446624,443,79595,9
2,overlap,1,0.0119,2.589,4172,4172,1,140,9
2,overlap,10,0.0757,2.5699,4172,41720,1,140,9
2,overlap,100,0.6835,2.554,4172,417200,1,140,9
2,overlap,1000,8.0872,2.5616,4172,4172000,1,140,9
2,growing,1,0.0083,1.6852,4172,4172,1,152,9
2,growing,10,0.0706,2.5243,12516,79268,3,1146,9
2,growing,100,1.0037,4.0102,50064,2774380,12,9240,9
2,growing,1000,12.9118,4.848,150192,88225284,36,79810,9
3,overlap,1,0.0112,1.3657,260,260,1,130,9
3,overlap,10,0.0193,1.4767,2568,13132,10,130,9
3,overlap,100,1.0448,1.8437,28928,1462872,100,130,9
3,overlap,1000,162.792,5.7925,288048,147429632,1000,130,9
3,growing,1,0.0042,1.0186,260,260,1,148,9
3,growing,10,0.0163,1.6118,2568,13132,10,1118,9
3,growing,100,1.0923,5.7406,28928,1462872,100,9126,9
3,growing,1000,232.424,59.678,288048,147429632,1000,79641,9
4,overlap,1,0.0148,2.9222,8584,8824,2,135,9
4,overlap,10,0.1023,3.0499,8584,86080,2,135,9
4,overlap,100,1.1909,3.5581,8584,858640,2,135,9
4,overlap,1000,19.658,3.3353,8584,8584240,2,135,9
4,growing,1,0.0184,2.2367,8584,8824,2,149,9
4,growing,10,0.0812,3.4393,16928,123628,4,1143,9
4,growing,100,1.0446,3.4323,58648,3491172,14,9230,9
4,growing,1000,14.7972,4.8909,192152,112095732,46,79768,9
