method,phase,elapsed_ms,items,state_bytes,history_logical_bytes,lines,fill_faces,samples
1,growing_24,5.3037d0,394.0,8000.0,114832.0,50.0,0.0,186.0
1,preview,6.8772d0,394.0,8000.0,114832.0,394.0,382.0,382.0
2,growing_24,4.8947d0,77.0,321244.0,4.92713e+06,108.0,0.0,186.0
2,preview,1.458d0,77.0,321244.0,4.92713e+06,448.0,370.0,370.0
3,growing_24,3.2608d0,26.0,7176.0,94932.0,104.0,0.0,186.0
3,preview,4.9369d0,26.0,7176.0,94932.0,450.0,375.0,375.0
4,growing_24,5.5496d0,67.0,279764.0,4.37504e+06,108.0,0.0,186.0
4,preview,1.5213d0,67.0,279764.0,4.37504e+06,448.0,370.0,370.0
1,large_coverage,66.7395d0,63.0,1008.0,1008.0,63.0,125839.0,0.0
2,large_coverage,56.9073d0,150.0,625800.0,625800.0,1954.0,125964.0,0.0
3,large_coverage,74.9106d0,1.0,260.0,260.0,1934.0,125976.0,0.0
4,large_coverage,61.7708d0,170.0,709480.0,709720.0,1954.0,125964.0,0.0
