id,title,url,published_or_version,accessed,reading_scope,supported_claim,limitation_for_Cyrus
S01,LoRA Low-Rank Adaptation of Large Language Models,https://arxiv.org/abs/2106.09685,2021,2026-10-04,Author abstract and metadata,Low-rank updates adapt a frozen pretrained model,Does not define a planting output task or establish Cyrus data requirements
S02,PEFT checkpoint format,https://huggingface.co/docs/peft/en/developer_guides/checkpoint,Live documentation,2026-10-04,Official format and configuration documentation,Adapter checkpoints depend on base model and configuration,No universal adapter compatibility or chosen Cyrus model
S03,Diffusers LoRA training,https://huggingface.co/docs/diffusers/training/lora,Live documentation,2026-10-04,Official training and inference documentation,Image-generator adaptation produces images,Images are not editable scatter transforms or labelled spatial recipes
S04,TRL SFTTrainer,https://huggingface.co/docs/trl/sft_trainer,Live documentation,2026-10-04,Official supervised dataset and PEFT guidance,Supervised prompt-completion training can adapt a chosen output task,No base model or Cyrus training experiment selected
S05,MCP architecture,https://modelcontextprotocol.io/docs/2026-07-28/learn/architecture,2026-07-28 documentation,2026-10-04,Official architecture overview,Host-client-server structure exposes resources and tools,MCP is not itself an ML model loader and current package is not being upgraded
S06,Procedural Urban Forestry,https://graphics.uni-konstanz.de/publikationen/Niese2022ProceduralUrbanForestry/index.html,TOG 2022,2026-10-04,Author abstract and publication metadata; full PDF exceeded reader size limit,Environment-sensitive placement models can be authored or learned from satellite and land-register data,Not an arbitrary-photo-to-Max solution; numerical performance not assessed
S07,LandCraft Designing the Structured 3D Landscapes via Text Guidance,https://ojs.aaai.org/index.php/AAAI/article/view/37686,AAAI 2026 published 2026-03-14,2026-10-04,Publisher abstract and retrieved PDF introduction; later PDF reads timed out,Language planning and map generation feed procedural construction,No transferred performance claims or complete reproduction review
S08,Scatter and Align SOP,https://www.sidefx.com/docs/houdini/nodes/sop/scatteralign.html,Live Houdini documentation,2026-10-04,Official node behavior and controls,Density and explicit point attributes/constraints support procedural placement,Not a claim that Cyrus supports all of these controls through MCP
S09,Procedural Content Generation Overview,https://dev.epicgames.com/documentation/en-us/unreal-engine/procedural-content-generation-overview,Live Unreal documentation,2026-10-04,Official overview and point data description,PCG points carry transforms bounds density seeds and metadata,No claim about Cyrus GPU implementation
S10,SigLIP 2 Multilingual Vision-Language Encoders,https://arxiv.org/abs/2502.14786,2025-02-20,2026-10-04,Author abstract and metadata,Image-text features support tasks including retrieval,Candidate feature model only; not tested on Cyrus artist styles
S11,Google SigLIP 2 base model card,https://huggingface.co/google/siglip2-base-patch16-224,Live model card,2026-10-04,Official model card and usage,Concrete available image-text encoder family and preprocessing reference,No runtime installation or final model selection
S12,DINOv3 model card,https://raw.githubusercontent.com/facebookresearch/dinov3/main/MODEL_CARD.md,Live author model card,2026-10-04,Uses limitations and model descriptions,Frozen visual features are recommended before fine-tuning,Candidate only; model-specific terms and preprocessing must be pinned
S13,SAM 3 official repository,https://github.com/facebookresearch/sam3,Live repository including 2026 updates,2026-10-04,README capabilities dependencies and output description,Promptable image/video segmentation returns masks and related outputs,Does not recover calibrated world positions or solve planting composition
S14,XGBoost learning to rank,https://xgboost.readthedocs.io/en/stable/tutorials/learning_to_rank.html,Live documentation,2026-10-04,Official ranking and query-group guidance,Grouped relevance labels can train a ranking model,No evidence a boosted ranker beats a linear personal preference baseline for Cyrus
S15,PEFT hotswap,https://huggingface.co/docs/peft/en/package_reference/hotswap,Live documentation,2026-10-04,Official adapter swapping and compatibility guidance,Runtime adapter replacement has compatibility conditions,Application still needs per-request profile isolation and tests
S16,ONNX Runtime execution providers,https://onnxruntime.ai/docs/execution-providers/,Live documentation,2026-10-04,Official provider overview,Inference backends are selected through execution providers,Actual model conversion operator support and performance require qualification
S17,ONNX Runtime for Windows,https://onnxruntime.ai/docs/get-started/with-windows.html,Live documentation,2026-10-04,Official Windows guidance and DirectML status,Windows ML is recommended and DirectML is in sustained engineering,No Cyrus deployment target selected or provider benchmark run
S18,Infinigen official repository,https://github.com/princeton-vl/infinigen,Live repository,2026-10-04,Project overview,Procedural scene generation is a data-production precedent,No proposal to adopt the whole stack or claim synthetic data teaches artist preference
S19,Infinigen ground-truth annotations,https://github.com/princeton-vl/infinigen/blob/main/docs/source/GroundTruthAnnotations.md,Live documentation,2026-10-04,Official ground-truth output documentation,Generated scenes can have paired image and geometric observations,Cyrus does not yet expose equivalent dataset/render endpoints
S20,Rules of Machine Learning,https://developers.google.com/machine-learning/guides/rules-of-ml,Live engineering guide,2026-10-04,Metrics baseline and complexity guidance,Measure a useful objective and establish simpler working baselines,Engineering guidance is not proof that a small model is always sufficient
S21,GroupKFold,https://scikit-learn.org/stable/modules/generated/sklearn.model_selection.GroupKFold.html,Live stable documentation,2026-10-04,Official group split semantics,Groups do not overlap across train and test folds,Correct grouping of scenes projects revisions and near-duplicates remains our responsibility
S22,Sample-Based Vegetation Distribution Information Synthesis,https://journals.plos.org/plosone/article?id=10.1371/journal.pone.0134009,2015-08-07,2026-10-04,Publisher abstract introduction and method excerpts,Vegetation patterns can be synthesized from vector examples using neighborhood matching,Local pattern transfer is not complete site-aware architectural composition
S23,GardenDesigner Encoding Aesthetic Principles into Jiangnan Garden Construction,https://arxiv.org/abs/2604.01777,2026-04-02 author preprint,2026-10-04,Author abstract and metadata,Specialized aesthetic knowledge can guide procedural garden selection and layout,Specialized research setting; no universal style or Max production qualification
S24,Coherent multi-layer landscape synthesis,https://upcommons.upc.edu/entities/publication/3c942a60-c704-4848-a327-51f0b975bfd9,2017-05-08,2026-10-04,University abstract via search index; direct page retrieval failed,Example-based landscape synthesis can account for related terrain and vegetation layers,Abstract-level evidence only; no reproduced algorithm or Cyrus integration
