control_key,planned_disposition,actual_controls,status,evidence,limitation
general/host/enabledCheck,retain,general/host/enabledCheck,present,README.md; IMPLEMENTATION.md; RESULTS.md; current generated inventory,"Control mapping is source evidence; runtime acceptance is by feature/scenario, not every combination."
general/editor/updateNow,retain,general/editor/updateNow,present,README.md; IMPLEMENTATION.md; RESULTS.md; current generated inventory,"Control mapping is source evidence; runtime acceptance is by feature/scenario, not every combination."
general/editor/layerList,retain,general/editor/layerList,present,README.md; IMPLEMENTATION.md; RESULTS.md; current generated inventory,"Control mapping is source evidence; runtime acceptance is by feature/scenario, not every combination."
general/editor/setList,retain,general/editor/setList,present,README.md; IMPLEMENTATION.md; RESULTS.md; current generated inventory,"Control mapping is source evidence; runtime acceptance is by feature/scenario, not every combination."
general/editor/assetsTab,retain,general/editor/assetsTab,present,README.md; IMPLEMENTATION.md; RESULTS.md; current generated inventory,"Control mapping is source evidence; runtime acceptance is by feature/scenario, not every combination."
general/editor/populationTab,retain,general/editor/populationTab,present,README.md; IMPLEMENTATION.md; RESULTS.md; current generated inventory,"Control mapping is source evidence; runtime acceptance is by feature/scenario, not every combination."
general/editor/paintTab,retain,general/editor/paintTab,present,README.md; IMPLEMENTATION.md; RESULTS.md; current generated inventory,"Control mapping is source evidence; runtime acceptance is by feature/scenario, not every combination."
general/editor/transformTab,retain,general/editor/transformTab,present,README.md; IMPLEMENTATION.md; RESULTS.md; current generated inventory,"Control mapping is source evidence; runtime acceptance is by feature/scenario, not every combination."
general/editor/spacingTab,retain,general/editor/spacingTab,present,README.md; IMPLEMENTATION.md; RESULTS.md; current generated inventory,"Control mapping is source evidence; runtime acceptance is by feature/scenario, not every combination."
general/editor/statisticsTab,retain,general/editor/statisticsTab,present,README.md; IMPLEMENTATION.md; RESULTS.md; current generated inventory,"Control mapping is source evidence; runtime acceptance is by feature/scenario, not every combination."
general/editor/refreshButton,retain,general/editor/refreshButton,present,README.md; IMPLEMENTATION.md; RESULTS.md; current generated inventory,"Control mapping is source evidence; runtime acceptance is by feature/scenario, not every combination."
general/updateUI/updateRadio,retain,general/updateUI/updateRadio,present,README.md; IMPLEMENTATION.md; RESULTS.md; current generated inventory,"Control mapping is source evidence; runtime acceptance is by feature/scenario, not every combination."
general/updateUI/updateNow,retain,general/updateUI/updateNow,present,README.md; IMPLEMENTATION.md; RESULTS.md; current generated inventory,"Control mapping is source evidence; runtime acceptance is by feature/scenario, not every combination."
general/previewUI/previewCheck,retain,general/previewUI/previewCheck,present,README.md; IMPLEMENTATION.md; RESULTS.md; current generated inventory,"Control mapping is source evidence; runtime acceptance is by feature/scenario, not every combination."
general/previewUI/displayModeDrop,retain,general/previewUI/displayModeDrop,present,README.md; IMPLEMENTATION.md; RESULTS.md; current generated inventory,"Control mapping is source evidence; runtime acceptance is by feature/scenario, not every combination."
general/previewUI/proxyShapeDrop,retain,general/previewUI/proxyShapeDrop,present,README.md; IMPLEMENTATION.md; RESULTS.md; current generated inventory,"Control mapping is source evidence; runtime acceptance is by feature/scenario, not every combination."
general/previewUI/instancesLimitSpin,retain,general/previewUI/instancesLimitSpin,present,README.md; IMPLEMENTATION.md; RESULTS.md; current generated inventory,"Control mapping is source evidence; runtime acceptance is by feature/scenario, not every combination."
general/previewUI/faceLimitSpin,retain,general/previewUI/faceLimitSpin,present,README.md; IMPLEMENTATION.md; RESULTS.md; current generated inventory,"Control mapping is source evidence; runtime acceptance is by feature/scenario, not every combination."
general/previewUI/pointColorRadio,retain,general/previewUI/pointColorRadio,present,README.md; IMPLEMENTATION.md; RESULTS.md; current generated inventory,"Control mapping is source evidence; runtime acceptance is by feature/scenario, not every combination."
general/previewUI/solidColorPicker,retain,general/previewUI/solidColorPicker,present,README.md; IMPLEMENTATION.md; RESULTS.md; current generated inventory,"Control mapping is source evidence; runtime acceptance is by feature/scenario, not every combination."
general/previewUI/budgetSpin,retain,general/previewUI/budgetSpin,present,README.md; IMPLEMENTATION.md; RESULTS.md; current generated inventory,"Control mapping is source evidence; runtime acceptance is by feature/scenario, not every combination."
general/previewUI/pointsSpin,retain,general/previewUI/pointsSpin,present,README.md; IMPLEMENTATION.md; RESULTS.md; current generated inventory,"Control mapping is source evidence; runtime acceptance is by feature/scenario, not every combination."
general/previewUI/radiusLimitSpin,retain,general/previewUI/radiusLimitSpin,present,README.md; IMPLEMENTATION.md; RESULTS.md; current generated inventory,"Control mapping is source evidence; runtime acceptance is by feature/scenario, not every combination."
general/previewUI/radiusAllCheck,retain,general/previewUI/radiusAllCheck,present,README.md; IMPLEMENTATION.md; RESULTS.md; current generated inventory,"Control mapping is source evidence; runtime acceptance is by feature/scenario, not every combination."
general/previewUI/iconSpin,retain,general/previewUI/iconSpin,present,README.md; IMPLEMENTATION.md; RESULTS.md; current generated inventory,"Control mapping is source evidence; runtime acceptance is by feature/scenario, not every combination."
general/previewUI/refreshButton,retain,general/previewUI/refreshButton,present,README.md; IMPLEMENTATION.md; RESULTS.md; current generated inventory,"Control mapping is source evidence; runtime acceptance is by feature/scenario, not every combination."
general/previewUI/autoRenderCheck,retain,general/previewUI/autoRenderCheck,present,README.md; IMPLEMENTATION.md; RESULTS.md; current generated inventory,"Control mapping is source evidence; runtime acceptance is by feature/scenario, not every combination."
general/previewUI/clearBakedButton,retain,general/previewUI/clearBakedButton,present,README.md; IMPLEMENTATION.md; RESULTS.md; current generated inventory,"Control mapping is source evidence; runtime acceptance is by feature/scenario, not every combination."
general/surface/sharedPick,retain,general/surface/sharedPick,present,README.md; IMPLEMENTATION.md; RESULTS.md; current generated inventory,"Control mapping is source evidence; runtime acceptance is by feature/scenario, not every combination."
general/surface/surfacesButton,retain,general/surface/surfacesButton,present,README.md; IMPLEMENTATION.md; RESULTS.md; current generated inventory,"Control mapping is source evidence; runtime acceptance is by feature/scenario, not every combination."
general/surface/policyButton,retire,,retired_conversion,README.md; IMPLEMENTATION.md; RESULTS.md; current generated inventory,"Control mapping is source evidence; runtime acceptance is by feature/scenario, not every combination."
general/surface/containersToggle,retain,general/surface/containersToggle,present,README.md; IMPLEMENTATION.md; RESULTS.md; current generated inventory,"Control mapping is source evidence; runtime acceptance is by feature/scenario, not every combination."
general/surface/globalContainers,retain,general/surface/globalContainers,present,README.md; IMPLEMENTATION.md; RESULTS.md; current generated inventory,"Control mapping is source evidence; runtime acceptance is by feature/scenario, not every combination."
general/surface/createContainer,port,general/surface/createContainer,merged_or_ported,README.md; IMPLEMENTATION.md; RESULTS.md; current generated inventory,"Control mapping is source evidence; runtime acceptance is by feature/scenario, not every combination."
general/surface/pickContainer,port,general/surface/pickContainer,merged_or_ported,README.md; IMPLEMENTATION.md; RESULTS.md; current generated inventory,"Control mapping is source evidence; runtime acceptance is by feature/scenario, not every combination."
general/surface/removeContainer,port,general/surface/removeContainer,merged_or_ported,README.md; IMPLEMENTATION.md; RESULTS.md; current generated inventory,"Control mapping is source evidence; runtime acceptance is by feature/scenario, not every combination."
general/manager/layerList,retain,general/manager/layerList,present,README.md; IMPLEMENTATION.md; RESULTS.md; current generated inventory,"Control mapping is source evidence; runtime acceptance is by feature/scenario, not every combination."
general/manager/editButton,retain,general/manager/editButton,present,README.md; IMPLEMENTATION.md; RESULTS.md; current generated inventory,"Control mapping is source evidence; runtime acceptance is by feature/scenario, not every combination."
general/manager/addButton,retain,general/manager/addButton,present,README.md; IMPLEMENTATION.md; RESULTS.md; current generated inventory,"Control mapping is source evidence; runtime acceptance is by feature/scenario, not every combination."
general/manager/copyButton,retain,general/manager/copyButton,present,README.md; IMPLEMENTATION.md; RESULTS.md; current generated inventory,"Control mapping is source evidence; runtime acceptance is by feature/scenario, not every combination."
general/manager/removeButton,retain,general/manager/removeButton,present,README.md; IMPLEMENTATION.md; RESULTS.md; current generated inventory,"Control mapping is source evidence; runtime acceptance is by feature/scenario, not every combination."
general/manager/nameEdit,retain,general/manager/nameEdit,present,README.md; IMPLEMENTATION.md; RESULTS.md; current generated inventory,"Control mapping is source evidence; runtime acceptance is by feature/scenario, not every combination."
general/manager/visibleCheck,retain,general/manager/visibleCheck,present,README.md; IMPLEMENTATION.md; RESULTS.md; current generated inventory,"Control mapping is source evidence; runtime acceptance is by feature/scenario, not every combination."
general/manager/enabledCheck,retain,general/manager/enabledCheck,present,README.md; IMPLEMENTATION.md; RESULTS.md; current generated inventory,"Control mapping is source evidence; runtime acceptance is by feature/scenario, not every combination."
general/manager/upButton,retain,general/manager/upButton,present,README.md; IMPLEMENTATION.md; RESULTS.md; current generated inventory,"Control mapping is source evidence; runtime acceptance is by feature/scenario, not every combination."
general/manager/downButton,retain,general/manager/downButton,present,README.md; IMPLEMENTATION.md; RESULTS.md; current generated inventory,"Control mapping is source evidence; runtime acceptance is by feature/scenario, not every combination."
general/diagnostics/startButton,retain,general/diagnostics/startButton,present,README.md; IMPLEMENTATION.md; RESULTS.md; current generated inventory,"Control mapping is source evidence; runtime acceptance is by feature/scenario, not every combination."
general/diagnostics/stopButton,retain,general/diagnostics/stopButton,present,README.md; IMPLEMENTATION.md; RESULTS.md; current generated inventory,"Control mapping is source evidence; runtime acceptance is by feature/scenario, not every combination."
general/diagnostics/saveButton,retain,general/diagnostics/saveButton,present,README.md; IMPLEMENTATION.md; RESULTS.md; current generated inventory,"Control mapping is source evidence; runtime acceptance is by feature/scenario, not every combination."
general/diagnostics/refreshButton,retain,general/diagnostics/refreshButton,present,README.md; IMPLEMENTATION.md; RESULTS.md; current generated inventory,"Control mapping is source evidence; runtime acceptance is by feature/scenario, not every combination."
layer/sourceUI/plantList,retain,layer/sourceUI/plantList,present,README.md; IMPLEMENTATION.md; RESULTS.md; current generated inventory,"Control mapping is source evidence; runtime acceptance is by feature/scenario, not every combination."
layer/sourceUI/selectFromScene,retain,layer/sourceUI/selectFromScene,present,README.md; IMPLEMENTATION.md; RESULTS.md; current generated inventory,"Control mapping is source evidence; runtime acceptance is by feature/scenario, not every combination."
layer/sourceUI/addPlant,retain,layer/sourceUI/addPlant,present,README.md; IMPLEMENTATION.md; RESULTS.md; current generated inventory,"Control mapping is source evidence; runtime acceptance is by feature/scenario, not every combination."
layer/sourceUI/addSelected,retain,layer/sourceUI/addSelected,present,README.md; IMPLEMENTATION.md; RESULTS.md; current generated inventory,"Control mapping is source evidence; runtime acceptance is by feature/scenario, not every combination."
layer/sourceUI/removePlant,retain,layer/sourceUI/removePlant,present,README.md; IMPLEMENTATION.md; RESULTS.md; current generated inventory,"Control mapping is source evidence; runtime acceptance is by feature/scenario, not every combination."
layer/sourceUI/selectPlant,retain,layer/sourceUI/selectPlant,present,README.md; IMPLEMENTATION.md; RESULTS.md; current generated inventory,"Control mapping is source evidence; runtime acceptance is by feature/scenario, not every combination."
layer/sourceUI/addPoint,retain,layer/sourceUI/addPoint,present,README.md; IMPLEMENTATION.md; RESULTS.md; current generated inventory,"Control mapping is source evidence; runtime acceptance is by feature/scenario, not every combination."
layer/sourceUI/addEmpty,retain,layer/sourceUI/addEmpty,present,README.md; IMPLEMENTATION.md; RESULTS.md; current generated inventory,"Control mapping is source evidence; runtime acceptance is by feature/scenario, not every combination."
layer/sourceUI/replacePoint,retain,layer/sourceUI/replacePoint,present,README.md; IMPLEMENTATION.md; RESULTS.md; current generated inventory,"Control mapping is source evidence; runtime acceptance is by feature/scenario, not every combination."
layer/sourceUI/existingGroups,retain,layer/sourceUI/existingGroups,present,README.md; IMPLEMENTATION.md; RESULTS.md; current generated inventory,"Control mapping is source evidence; runtime acceptance is by feature/scenario, not every combination."
layer/sourceUI/groupColor,retain,layer/sourceUI/groupColor,present,README.md; IMPLEMENTATION.md; RESULTS.md; current generated inventory,"Control mapping is source evidence; runtime acceptance is by feature/scenario, not every combination."
layer/sourceUI/applyColor,retain,layer/sourceUI/applyColor,present,README.md; IMPLEMENTATION.md; RESULTS.md; current generated inventory,"Control mapping is source evidence; runtime acceptance is by feature/scenario, not every combination."
layer/sourceUI/weightSpin,retain,layer/sourceUI/weightSpin,present,README.md; IMPLEMENTATION.md; RESULTS.md; current generated inventory,"Control mapping is source evidence; runtime acceptance is by feature/scenario, not every combination."
layer/sourceUI/sourceZSpin,retain,layer/sourceUI/sourceZSpin,present,README.md; IMPLEMENTATION.md; RESULTS.md; current generated inventory,"Control mapping is source evidence; runtime acceptance is by feature/scenario, not every combination."
layer/sourceUI/sourceScaleSpin,retain,layer/sourceUI/sourceScaleSpin,present,README.md; IMPLEMENTATION.md; RESULTS.md; current generated inventory,"Control mapping is source evidence; runtime acceptance is by feature/scenario, not every combination."
layer/sourceUI/radiusSourceSpin,retain,layer/sourceUI/radiusSourceSpin,present,README.md; IMPLEMENTATION.md; RESULTS.md; current generated inventory,"Control mapping is source evidence; runtime acceptance is by feature/scenario, not every combination."
layer/sourceUI/followRadiusCheck,retain,layer/sourceUI/followRadiusCheck,present,README.md; IMPLEMENTATION.md; RESULTS.md; current generated inventory,"Control mapping is source evidence; runtime acceptance is by feature/scenario, not every combination."
layer/sourceUI/showRadiusCheck,retain,layer/sourceUI/showRadiusCheck,present,README.md; IMPLEMENTATION.md; RESULTS.md; current generated inventory,"Control mapping is source evidence; runtime acceptance is by feature/scenario, not every combination."
layer/sourceUI/forwardAxis,retain,layer/sourceUI/forwardAxis,present,README.md; IMPLEMENTATION.md; RESULTS.md; current generated inventory,"Control mapping is source evidence; runtime acceptance is by feature/scenario, not every combination."
layer/sourceUI/detailsToggle,retain,layer/sourceUI/detailsToggle,present,README.md; IMPLEMENTATION.md; RESULTS.md; current generated inventory,"Control mapping is source evidence; runtime acceptance is by feature/scenario, not every combination."
layer/distributionUI/modeRadio,retain,layer/distributionUI/modeRadio,present,README.md; IMPLEMENTATION.md; RESULTS.md; current generated inventory,"Control mapping is source evidence; runtime acceptance is by feature/scenario, not every combination."
layer/distributionUI/populationRadio,retain,layer/distributionUI/populationRadio,present,README.md; IMPLEMENTATION.md; RESULTS.md; current generated inventory,"Control mapping is source evidence; runtime acceptance is by feature/scenario, not every combination."
layer/distributionUI/showCenterCheck,merge,general/previewUI/displayModeDrop,merged_or_ported,README.md; IMPLEMENTATION.md; RESULTS.md; current generated inventory,"Control mapping is source evidence; runtime acceptance is by feature/scenario, not every combination."
layer/distributionUI/countSpin,retain,layer/distributionUI/countSpin,present,README.md; IMPLEMENTATION.md; RESULTS.md; current generated inventory,"Control mapping is source evidence; runtime acceptance is by feature/scenario, not every combination."
layer/distributionUI/densitySpin,retain,layer/distributionUI/densitySpin,present,README.md; IMPLEMENTATION.md; RESULTS.md; current generated inventory,"Control mapping is source evidence; runtime acceptance is by feature/scenario, not every combination."
layer/distributionUI/seedSpin,retain,layer/distributionUI/seedSpin,present,README.md; IMPLEMENTATION.md; RESULTS.md; current generated inventory,"Control mapping is source evidence; runtime acceptance is by feature/scenario, not every combination."
layer/distributionUI/densityButton,retain,layer/distributionUI/densityButton,present,README.md; IMPLEMENTATION.md; RESULTS.md; current generated inventory,"Control mapping is source evidence; runtime acceptance is by feature/scenario, not every combination."
layer/distributionUI/invertCheck,retain,layer/distributionUI/invertCheck,present,README.md; IMPLEMENTATION.md; RESULTS.md; current generated inventory,"Control mapping is source evidence; runtime acceptance is by feature/scenario, not every combination."
layer/brushUI/coverageMode,retain,layer/brushUI/coverageMode,present,README.md; IMPLEMENTATION.md; RESULTS.md; current generated inventory,"Control mapping is source evidence; runtime acceptance is by feature/scenario, not every combination."
layer/brushUI/modeRadio,retain,layer/brushUI/modeRadio,present,README.md; IMPLEMENTATION.md; RESULTS.md; current generated inventory,"Control mapping is source evidence; runtime acceptance is by feature/scenario, not every combination."
layer/brushUI/radiusSpin,retain,layer/brushUI/radiusSpin,present,README.md; IMPLEMENTATION.md; RESULTS.md; current generated inventory,"Control mapping is source evidence; runtime acceptance is by feature/scenario, not every combination."
layer/brushUI/strengthSpin,retain,layer/brushUI/strengthSpin,present,README.md; IMPLEMENTATION.md; RESULTS.md; current generated inventory,"Control mapping is source evidence; runtime acceptance is by feature/scenario, not every combination."
layer/brushUI/softSpin,retain,layer/brushUI/softSpin,present,README.md; IMPLEMENTATION.md; RESULTS.md; current generated inventory,"Control mapping is source evidence; runtime acceptance is by feature/scenario, not every combination."
layer/brushUI/densitySpin,retain,layer/brushUI/densitySpin,present,README.md; IMPLEMENTATION.md; RESULTS.md; current generated inventory,"Control mapping is source evidence; runtime acceptance is by feature/scenario, not every combination."
layer/brushUI/beginButton,retain,layer/brushUI/beginButton,present,README.md; IMPLEMENTATION.md; RESULTS.md; current generated inventory,"Control mapping is source evidence; runtime acceptance is by feature/scenario, not every combination."
layer/brushUI/stopButton,retain,layer/brushUI/stopButton,present,README.md; IMPLEMENTATION.md; RESULTS.md; current generated inventory,"Control mapping is source evidence; runtime acceptance is by feature/scenario, not every combination."
layer/brushUI/fillButton,retain,layer/brushUI/fillButton,present,README.md; IMPLEMENTATION.md; RESULTS.md; current generated inventory,"Control mapping is source evidence; runtime acceptance is by feature/scenario, not every combination."
layer/brushUI/emptyButton,retain,layer/brushUI/emptyButton,present,README.md; IMPLEMENTATION.md; RESULTS.md; current generated inventory,"Control mapping is source evidence; runtime acceptance is by feature/scenario, not every combination."
layer/brushUI/overlayMode,retain,layer/brushUI/overlayMode,present,README.md; IMPLEMENTATION.md; RESULTS.md; current generated inventory,"Control mapping is source evidence; runtime acceptance is by feature/scenario, not every combination."
layer/brushUI/overlayColor,retain,layer/brushUI/overlayColor,present,README.md; IMPLEMENTATION.md; RESULTS.md; current generated inventory,"Control mapping is source evidence; runtime acceptance is by feature/scenario, not every combination."
layer/brushUI/strokeList,retain,layer/brushUI/strokeList,present,README.md; IMPLEMENTATION.md; RESULTS.md; current generated inventory,"Control mapping is source evidence; runtime acceptance is by feature/scenario, not every combination."
layer/brushUI/strokeEnabled,retain,layer/brushUI/strokeEnabled,present,README.md; IMPLEMENTATION.md; RESULTS.md; current generated inventory,"Control mapping is source evidence; runtime acceptance is by feature/scenario, not every combination."
layer/brushUI/strokeErase,retain,layer/brushUI/strokeErase,present,README.md; IMPLEMENTATION.md; RESULTS.md; current generated inventory,"Control mapping is source evidence; runtime acceptance is by feature/scenario, not every combination."
layer/brushUI/strokeRadius,retain,layer/brushUI/strokeRadius,present,README.md; IMPLEMENTATION.md; RESULTS.md; current generated inventory,"Control mapping is source evidence; runtime acceptance is by feature/scenario, not every combination."
layer/brushUI/strokeStrength,retain,layer/brushUI/strokeStrength,present,README.md; IMPLEMENTATION.md; RESULTS.md; current generated inventory,"Control mapping is source evidence; runtime acceptance is by feature/scenario, not every combination."
layer/brushUI/strokeSoft,retain,layer/brushUI/strokeSoft,present,README.md; IMPLEMENTATION.md; RESULTS.md; current generated inventory,"Control mapping is source evidence; runtime acceptance is by feature/scenario, not every combination."
layer/brushUI/deleteStroke,retain,layer/brushUI/deleteStroke,present,README.md; IMPLEMENTATION.md; RESULTS.md; current generated inventory,"Control mapping is source evidence; runtime acceptance is by feature/scenario, not every combination."
layer/brushUI/resetTarget,retain,layer/brushUI/resetTarget,present,README.md; IMPLEMENTATION.md; RESULTS.md; current generated inventory,"Control mapping is source evidence; runtime acceptance is by feature/scenario, not every combination."
layer/brushUI/detailsToggle,retain,layer/brushUI/detailsToggle,present,README.md; IMPLEMENTATION.md; RESULTS.md; current generated inventory,"Control mapping is source evidence; runtime acceptance is by feature/scenario, not every combination."
layer/areaUI/areaList,retain,layer/areaUI/areaList,present,README.md; IMPLEMENTATION.md; RESULTS.md; current generated inventory,"Control mapping is source evidence; runtime acceptance is by feature/scenario, not every combination."
layer/areaUI/addAreaScene,retain,layer/areaUI/addAreaScene,present,README.md; IMPLEMENTATION.md; RESULTS.md; current generated inventory,"Control mapping is source evidence; runtime acceptance is by feature/scenario, not every combination."
layer/areaUI/pickArea,retain,layer/areaUI/pickArea,present,README.md; IMPLEMENTATION.md; RESULTS.md; current generated inventory,"Control mapping is source evidence; runtime acceptance is by feature/scenario, not every combination."
layer/areaUI/removeArea,retain,layer/areaUI/removeArea,present,README.md; IMPLEMENTATION.md; RESULTS.md; current generated inventory,"Control mapping is source evidence; runtime acceptance is by feature/scenario, not every combination."
layer/areaUI/areaMode,retain,layer/areaUI/areaMode,present,README.md; IMPLEMENTATION.md; RESULTS.md; current generated inventory,"Control mapping is source evidence; runtime acceptance is by feature/scenario, not every combination."
layer/areaUI/refreshAreas,retain,layer/areaUI/refreshAreas,present,README.md; IMPLEMENTATION.md; RESULTS.md; current generated inventory,"Control mapping is source evidence; runtime acceptance is by feature/scenario, not every combination."
layer/areaUI/aaPick,retain,layer/areaUI/aaPick,present,README.md; IMPLEMENTATION.md; RESULTS.md; current generated inventory,"Control mapping is source evidence; runtime acceptance is by feature/scenario, not every combination."
layer/areaUI/aaRemove,retain,layer/areaUI/aaRemove,present,README.md; IMPLEMENTATION.md; RESULTS.md; current generated inventory,"Control mapping is source evidence; runtime acceptance is by feature/scenario, not every combination."
layer/areaUI/aaLine,retain,layer/areaUI/aaLine,present,README.md; IMPLEMENTATION.md; RESULTS.md; current generated inventory,"Control mapping is source evidence; runtime acceptance is by feature/scenario, not every combination."
layer/areaUI/aaWidth,retain,layer/areaUI/aaWidth,present,README.md; IMPLEMENTATION.md; RESULTS.md; current generated inventory,"Control mapping is source evidence; runtime acceptance is by feature/scenario, not every combination."
layer/areaUI/aaCaps,retain,layer/areaUI/aaCaps,present,README.md; IMPLEMENTATION.md; RESULTS.md; current generated inventory,"Control mapping is source evidence; runtime acceptance is by feature/scenario, not every combination."
layer/areaUI/aaStreetOffset,retain,layer/areaUI/aaStreetOffset,present,README.md; IMPLEMENTATION.md; RESULTS.md; current generated inventory,"Control mapping is source evidence; runtime acceptance is by feature/scenario, not every combination."
layer/areaUI/aaPoints,retain,layer/areaUI/aaPoints,present,README.md; IMPLEMENTATION.md; RESULTS.md; current generated inventory,"Control mapping is source evidence; runtime acceptance is by feature/scenario, not every combination."
layer/areaUI/aaRadius,retain,layer/areaUI/aaRadius,present,README.md; IMPLEMENTATION.md; RESULTS.md; current generated inventory,"Control mapping is source evidence; runtime acceptance is by feature/scenario, not every combination."
layer/areaUI/fallTarget,retain,layer/areaUI/fallTarget,present,README.md; IMPLEMENTATION.md; RESULTS.md; current generated inventory,"Control mapping is source evidence; runtime acceptance is by feature/scenario, not every combination."
layer/areaUI/fallPick,retain,layer/areaUI/fallPick,present,README.md; IMPLEMENTATION.md; RESULTS.md; current generated inventory,"Control mapping is source evidence; runtime acceptance is by feature/scenario, not every combination."
layer/areaUI/fallRemove,retain,layer/areaUI/fallRemove,present,README.md; IMPLEMENTATION.md; RESULTS.md; current generated inventory,"Control mapping is source evidence; runtime acceptance is by feature/scenario, not every combination."
layer/areaUI/fallDeleteCheck,retain,layer/areaUI/fallDeleteCheck,present,README.md; IMPLEMENTATION.md; RESULTS.md; current generated inventory,"Control mapping is source evidence; runtime acceptance is by feature/scenario, not every combination."
layer/areaUI/fallDeleteSpin,retain,layer/areaUI/fallDeleteSpin,present,README.md; IMPLEMENTATION.md; RESULTS.md; current generated inventory,"Control mapping is source evidence; runtime acceptance is by feature/scenario, not every combination."
layer/areaUI/fallScaleCheck,retain,layer/areaUI/fallScaleCheck,present,README.md; IMPLEMENTATION.md; RESULTS.md; current generated inventory,"Control mapping is source evidence; runtime acceptance is by feature/scenario, not every combination."
layer/areaUI/fallScaleSpin,retain,layer/areaUI/fallScaleSpin,present,README.md; IMPLEMENTATION.md; RESULTS.md; current generated inventory,"Control mapping is source evidence; runtime acceptance is by feature/scenario, not every combination."
layer/areaUI/fallScaleEdit,retain,layer/areaUI/fallScaleEdit,present,README.md; IMPLEMENTATION.md; RESULTS.md; current generated inventory,"Control mapping is source evidence; runtime acceptance is by feature/scenario, not every combination."
layer/areaUI/fallDensityCheck,retain,layer/areaUI/fallDensityCheck,present,README.md; IMPLEMENTATION.md; RESULTS.md; current generated inventory,"Control mapping is source evidence; runtime acceptance is by feature/scenario, not every combination."
layer/areaUI/fallDensitySpin,retain,layer/areaUI/fallDensitySpin,present,README.md; IMPLEMENTATION.md; RESULTS.md; current generated inventory,"Control mapping is source evidence; runtime acceptance is by feature/scenario, not every combination."
layer/areaUI/fallDensityEdit,retain,layer/areaUI/fallDensityEdit,present,README.md; IMPLEMENTATION.md; RESULTS.md; current generated inventory,"Control mapping is source evidence; runtime acceptance is by feature/scenario, not every combination."
layer/areaUI/detailsToggle,retain,layer/areaUI/detailsToggle,present,README.md; IMPLEMENTATION.md; RESULTS.md; current generated inventory,"Control mapping is source evidence; runtime acceptance is by feature/scenario, not every combination."
layer/diversityUI/diversityRadio,port,layer/diversityUI/diversityRadio,merged_or_ported,README.md; IMPLEMENTATION.md; RESULTS.md; current generated inventory,"Control mapping is source evidence; runtime acceptance is by feature/scenario, not every combination."
layer/diversityUI/sizeSpin,retain,layer/diversityUI/sizeSpin,present,README.md; IMPLEMENTATION.md; RESULTS.md; current generated inventory,"Control mapping is source evidence; runtime acceptance is by feature/scenario, not every combination."
layer/diversityUI/divSeedSpin,retain,layer/diversityUI/divSeedSpin,present,README.md; IMPLEMENTATION.md; RESULTS.md; current generated inventory,"Control mapping is source evidence; runtime acceptance is by feature/scenario, not every combination."
layer/diversityUI/roughSpin,retain,layer/diversityUI/roughSpin,present,README.md; IMPLEMENTATION.md; RESULTS.md; current generated inventory,"Control mapping is source evidence; runtime acceptance is by feature/scenario, not every combination."
layer/diversityUI/blurSpin,retain,layer/diversityUI/blurSpin,present,README.md; IMPLEMENTATION.md; RESULTS.md; current generated inventory,"Control mapping is source evidence; runtime acceptance is by feature/scenario, not every combination."
layer/diversityUI/noiseSpin,retain,layer/diversityUI/noiseSpin,present,README.md; IMPLEMENTATION.md; RESULTS.md; current generated inventory,"Control mapping is source evidence; runtime acceptance is by feature/scenario, not every combination."
layer/diversityUI/pathsDrop,port,layer/diversityUI/pathsDrop,merged_or_ported,README.md; IMPLEMENTATION.md; RESULTS.md; current generated inventory,"Control mapping is source evidence; runtime acceptance is by feature/scenario, not every combination."
layer/diversityUI/analyzerChannel,port,layer/diversityUI/analyzerChannel,merged_or_ported,README.md; IMPLEMENTATION.md; RESULTS.md; current generated inventory,"Control mapping is source evidence; runtime acceptance is by feature/scenario, not every combination."
layer/diversityUI/pickAnalyzer,port,layer/diversityUI/pickAnalyzer,merged_or_ported,README.md; IMPLEMENTATION.md; RESULTS.md; current generated inventory,"Control mapping is source evidence; runtime acceptance is by feature/scenario, not every combination."
layer/diversityUI/pickPath,port,layer/diversityUI/pickPath,merged_or_ported,README.md; IMPLEMENTATION.md; RESULTS.md; current generated inventory,"Control mapping is source evidence; runtime acceptance is by feature/scenario, not every combination."
layer/diversityUI/removePath,port,layer/diversityUI/removePath,merged_or_ported,README.md; IMPLEMENTATION.md; RESULTS.md; current generated inventory,"Control mapping is source evidence; runtime acceptance is by feature/scenario, not every combination."
layer/diversityUI/strokesList,port,layer/diversityUI/strokesList,merged_or_ported,README.md; IMPLEMENTATION.md; RESULTS.md; current generated inventory,"Control mapping is source evidence; runtime acceptance is by feature/scenario, not every combination."
layer/diversityUI/addOutside,port,layer/diversityUI/addOutside,merged_or_ported,README.md; IMPLEMENTATION.md; RESULTS.md; current generated inventory,"Control mapping is source evidence; runtime acceptance is by feature/scenario, not every combination."
layer/diversityUI/addInside,port,layer/diversityUI/addInside,merged_or_ported,README.md; IMPLEMENTATION.md; RESULTS.md; current generated inventory,"Control mapping is source evidence; runtime acceptance is by feature/scenario, not every combination."
layer/diversityUI/removeStrokeButton,port,layer/diversityUI/removeStrokeButton,merged_or_ported,README.md; IMPLEMENTATION.md; RESULTS.md; current generated inventory,"Control mapping is source evidence; runtime acceptance is by feature/scenario, not every combination."
layer/diversityUI/strokeWidth,port,layer/diversityUI/strokeWidth,merged_or_ported,README.md; IMPLEMENTATION.md; RESULTS.md; current generated inventory,"Control mapping is source evidence; runtime acceptance is by feature/scenario, not every combination."
layer/diversityUI/strokeMode,port,layer/diversityUI/strokeMode,merged_or_ported,README.md; IMPLEMENTATION.md; RESULTS.md; current generated inventory,"Control mapping is source evidence; runtime acceptance is by feature/scenario, not every combination."
layer/diversityUI/strokeChoices,port,layer/diversityUI/strokeChoices,merged_or_ported,README.md; IMPLEMENTATION.md; RESULTS.md; current generated inventory,"Control mapping is source evidence; runtime acceptance is by feature/scenario, not every combination."
layer/diversityUI/strokeScaleMin,port,layer/diversityUI/strokeScaleMin,merged_or_ported,README.md; IMPLEMENTATION.md; RESULTS.md; current generated inventory,"Control mapping is source evidence; runtime acceptance is by feature/scenario, not every combination."
layer/diversityUI/strokeScaleMax,port,layer/diversityUI/strokeScaleMax,merged_or_ported,README.md; IMPLEMENTATION.md; RESULTS.md; current generated inventory,"Control mapping is source evidence; runtime acceptance is by feature/scenario, not every combination."
layer/diversityUI/refreshGroups,port,layer/diversityUI/refreshGroups,merged_or_ported,README.md; IMPLEMENTATION.md; RESULTS.md; current generated inventory,"Control mapping is source evidence; runtime acceptance is by feature/scenario, not every combination."
layer/diversityUI/edgeOffsetSpin,port,layer/diversityUI/edgeOffsetSpin,merged_or_ported,README.md; IMPLEMENTATION.md; RESULTS.md; current generated inventory,"Control mapping is source evidence; runtime acceptance is by feature/scenario, not every combination."
layer/diversityUI/edgeAlongSpin,port,layer/diversityUI/edgeAlongSpin,merged_or_ported,README.md; IMPLEMENTATION.md; RESULTS.md; current generated inventory,"Control mapping is source evidence; runtime acceptance is by feature/scenario, not every combination."
layer/diversityUI/edgeAcrossSpin,port,layer/diversityUI/edgeAcrossSpin,merged_or_ported,README.md; IMPLEMENTATION.md; RESULTS.md; current generated inventory,"Control mapping is source evidence; runtime acceptance is by feature/scenario, not every combination."
layer/diversityUI/keepCornerCheck,port,layer/diversityUI/keepCornerCheck,merged_or_ported,README.md; IMPLEMENTATION.md; RESULTS.md; current generated inventory,"Control mapping is source evidence; runtime acceptance is by feature/scenario, not every combination."
layer/diversityUI/cornerAngleSpin,port,layer/diversityUI/cornerAngleSpin,merged_or_ported,README.md; IMPLEMENTATION.md; RESULTS.md; current generated inventory,"Control mapping is source evidence; runtime acceptance is by feature/scenario, not every combination."
layer/diversityUI/cornerCountSpin,port,layer/diversityUI/cornerCountSpin,merged_or_ported,README.md; IMPLEMENTATION.md; RESULTS.md; current generated inventory,"Control mapping is source evidence; runtime acceptance is by feature/scenario, not every combination."
layer/diversityUI/edgeRotXSpin,port,layer/diversityUI/edgeRotXSpin,merged_or_ported,README.md; IMPLEMENTATION.md; RESULTS.md; current generated inventory,"Control mapping is source evidence; runtime acceptance is by feature/scenario, not every combination."
layer/diversityUI/edgeRotYSpin,port,layer/diversityUI/edgeRotYSpin,merged_or_ported,README.md; IMPLEMENTATION.md; RESULTS.md; current generated inventory,"Control mapping is source evidence; runtime acceptance is by feature/scenario, not every combination."
layer/diversityUI/edgeRotZSpin,port,layer/diversityUI/edgeRotZSpin,merged_or_ported,README.md; IMPLEMENTATION.md; RESULTS.md; current generated inventory,"Control mapping is source evidence; runtime acceptance is by feature/scenario, not every combination."
layer/diversityUI/streetStartSpin,port,layer/diversityUI/streetStartSpin,merged_or_ported,README.md; IMPLEMENTATION.md; RESULTS.md; current generated inventory,"Control mapping is source evidence; runtime acceptance is by feature/scenario, not every combination."
layer/diversityUI/streetEndSpin,port,layer/diversityUI/streetEndSpin,merged_or_ported,README.md; IMPLEMENTATION.md; RESULTS.md; current generated inventory,"Control mapping is source evidence; runtime acceptance is by feature/scenario, not every combination."
layer/diversityUI/centerStreetSpin,port,layer/diversityUI/centerStreetSpin,merged_or_ported,README.md; IMPLEMENTATION.md; RESULTS.md; current generated inventory,"Control mapping is source evidence; runtime acceptance is by feature/scenario, not every combination."
layer/diversityUI/faceOutCheck,port,layer/diversityUI/faceOutCheck,merged_or_ported,README.md; IMPLEMENTATION.md; RESULTS.md; current generated inventory,"Control mapping is source evidence; runtime acceptance is by feature/scenario, not every combination."
layer/diversityUI/cornerRadiusSpin,port,layer/diversityUI/cornerRadiusSpin,merged_or_ported,README.md; IMPLEMENTATION.md; RESULTS.md; current generated inventory,"Control mapping is source evidence; runtime acceptance is by feature/scenario, not every combination."
layer/diversityUI/straightStreet,port,layer/diversityUI/straightStreet,merged_or_ported,README.md; IMPLEMENTATION.md; RESULTS.md; current generated inventory,"Control mapping is source evidence; runtime acceptance is by feature/scenario, not every combination."
layer/randomUI/rotXMinSpin,retain,layer/randomUI/rotXMinSpin,present,README.md; IMPLEMENTATION.md; RESULTS.md; current generated inventory,"Control mapping is source evidence; runtime acceptance is by feature/scenario, not every combination."
layer/randomUI/rotXMaxSpin,retain,layer/randomUI/rotXMaxSpin,present,README.md; IMPLEMENTATION.md; RESULTS.md; current generated inventory,"Control mapping is source evidence; runtime acceptance is by feature/scenario, not every combination."
layer/randomUI/rotYMinSpin,retain,layer/randomUI/rotYMinSpin,present,README.md; IMPLEMENTATION.md; RESULTS.md; current generated inventory,"Control mapping is source evidence; runtime acceptance is by feature/scenario, not every combination."
layer/randomUI/rotYMaxSpin,retain,layer/randomUI/rotYMaxSpin,present,README.md; IMPLEMENTATION.md; RESULTS.md; current generated inventory,"Control mapping is source evidence; runtime acceptance is by feature/scenario, not every combination."
layer/randomUI/rotZMinSpin,retain,layer/randomUI/rotZMinSpin,present,README.md; IMPLEMENTATION.md; RESULTS.md; current generated inventory,"Control mapping is source evidence; runtime acceptance is by feature/scenario, not every combination."
layer/randomUI/rotZMaxSpin,retain,layer/randomUI/rotZMaxSpin,present,README.md; IMPLEMENTATION.md; RESULTS.md; current generated inventory,"Control mapping is source evidence; runtime acceptance is by feature/scenario, not every combination."
layer/randomUI/sclXMinSpin,retain,layer/randomUI/sclXMinSpin,present,README.md; IMPLEMENTATION.md; RESULTS.md; current generated inventory,"Control mapping is source evidence; runtime acceptance is by feature/scenario, not every combination."
layer/randomUI/sclXMaxSpin,retain,layer/randomUI/sclXMaxSpin,present,README.md; IMPLEMENTATION.md; RESULTS.md; current generated inventory,"Control mapping is source evidence; runtime acceptance is by feature/scenario, not every combination."
layer/randomUI/sclYMinSpin,retain,layer/randomUI/sclYMinSpin,present,README.md; IMPLEMENTATION.md; RESULTS.md; current generated inventory,"Control mapping is source evidence; runtime acceptance is by feature/scenario, not every combination."
layer/randomUI/sclYMaxSpin,retain,layer/randomUI/sclYMaxSpin,present,README.md; IMPLEMENTATION.md; RESULTS.md; current generated inventory,"Control mapping is source evidence; runtime acceptance is by feature/scenario, not every combination."
layer/randomUI/sclZMinSpin,retain,layer/randomUI/sclZMinSpin,present,README.md; IMPLEMENTATION.md; RESULTS.md; current generated inventory,"Control mapping is source evidence; runtime acceptance is by feature/scenario, not every combination."
layer/randomUI/sclZMaxSpin,retain,layer/randomUI/sclZMaxSpin,present,README.md; IMPLEMENTATION.md; RESULTS.md; current generated inventory,"Control mapping is source evidence; runtime acceptance is by feature/scenario, not every combination."
layer/randomUI/wholeMinSpin,retain,layer/randomUI/wholeMinSpin,present,README.md; IMPLEMENTATION.md; RESULTS.md; current generated inventory,"Control mapping is source evidence; runtime acceptance is by feature/scenario, not every combination."
layer/randomUI/wholeMaxSpin,retain,layer/randomUI/wholeMaxSpin,present,README.md; IMPLEMENTATION.md; RESULTS.md; current generated inventory,"Control mapping is source evidence; runtime acceptance is by feature/scenario, not every combination."
layer/randomUI/movXMinSpin,retain,layer/randomUI/movXMinSpin,present,README.md; IMPLEMENTATION.md; RESULTS.md; current generated inventory,"Control mapping is source evidence; runtime acceptance is by feature/scenario, not every combination."
layer/randomUI/movXMaxSpin,retain,layer/randomUI/movXMaxSpin,present,README.md; IMPLEMENTATION.md; RESULTS.md; current generated inventory,"Control mapping is source evidence; runtime acceptance is by feature/scenario, not every combination."
layer/randomUI/movYMinSpin,retain,layer/randomUI/movYMinSpin,present,README.md; IMPLEMENTATION.md; RESULTS.md; current generated inventory,"Control mapping is source evidence; runtime acceptance is by feature/scenario, not every combination."
layer/randomUI/movYMaxSpin,retain,layer/randomUI/movYMaxSpin,present,README.md; IMPLEMENTATION.md; RESULTS.md; current generated inventory,"Control mapping is source evidence; runtime acceptance is by feature/scenario, not every combination."
layer/randomUI/movZMinSpin,retain,layer/randomUI/movZMinSpin,present,README.md; IMPLEMENTATION.md; RESULTS.md; current generated inventory,"Control mapping is source evidence; runtime acceptance is by feature/scenario, not every combination."
layer/randomUI/movZMaxSpin,retain,layer/randomUI/movZMaxSpin,present,README.md; IMPLEMENTATION.md; RESULTS.md; current generated inventory,"Control mapping is source evidence; runtime acceptance is by feature/scenario, not every combination."
layer/randomUI/projectCheck,retain,layer/randomUI/projectCheck,present,README.md; IMPLEMENTATION.md; RESULTS.md; current generated inventory,"Control mapping is source evidence; runtime acceptance is by feature/scenario, not every combination."
layer/randomUI/alignCheck,retain,layer/randomUI/alignCheck,present,README.md; IMPLEMENTATION.md; RESULTS.md; current generated inventory,"Control mapping is source evidence; runtime acceptance is by feature/scenario, not every combination."
layer/randomUI/resetRotation,retain,layer/randomUI/resetRotation,present,README.md; IMPLEMENTATION.md; RESULTS.md; current generated inventory,"Control mapping is source evidence; runtime acceptance is by feature/scenario, not every combination."
layer/randomUI/resetScale,retain,layer/randomUI/resetScale,present,README.md; IMPLEMENTATION.md; RESULTS.md; current generated inventory,"Control mapping is source evidence; runtime acceptance is by feature/scenario, not every combination."
layer/randomUI/resetWholeScale,retain,layer/randomUI/resetWholeScale,present,README.md; IMPLEMENTATION.md; RESULTS.md; current generated inventory,"Control mapping is source evidence; runtime acceptance is by feature/scenario, not every combination."
layer/randomUI/resetMovement,retain,layer/randomUI/resetMovement,present,README.md; IMPLEMENTATION.md; RESULTS.md; current generated inventory,"Control mapping is source evidence; runtime acceptance is by feature/scenario, not every combination."
layer/spacingUI/collisionCheck,merge,layer/proceduralUI/scopeList|layer/proceduralUI/enabledCheck,merged_or_ported,README.md; IMPLEMENTATION.md; RESULTS.md; current generated inventory,"Control mapping is source evidence; runtime acceptance is by feature/scenario, not every combination."
layer/spacingUI/radiusSpin,merge,layer/proceduralUI/multiplierSpin|layer/proceduralUI/gapSpin,merged_or_ported,README.md; IMPLEMENTATION.md; RESULTS.md; current generated inventory,"Control mapping is source evidence; runtime acceptance is by feature/scenario, not every combination."
layer/spacingUI/relaxCheck,port,layer/spacingUI/relaxCheck,merged_or_ported,README.md; IMPLEMENTATION.md; RESULTS.md; current generated inventory,"Control mapping is source evidence; runtime acceptance is by feature/scenario, not every combination."
layer/spacingUI/spacingSpin,port,layer/spacingUI/spacingSpin,merged_or_ported,README.md; IMPLEMENTATION.md; RESULTS.md; current generated inventory,"Control mapping is source evidence; runtime acceptance is by feature/scenario, not every combination."
layer/spacingUI/iterationsSpin,port,layer/spacingUI/iterationsSpin,merged_or_ported,README.md; IMPLEMENTATION.md; RESULTS.md; current generated inventory,"Control mapping is source evidence; runtime acceptance is by feature/scenario, not every combination."
layer/spacingUI/strengthSpin,port,layer/spacingUI/strengthSpin,merged_or_ported,README.md; IMPLEMENTATION.md; RESULTS.md; current generated inventory,"Control mapping is source evidence; runtime acceptance is by feature/scenario, not every combination."
layer/separationUI/prioritySpin,merge,general/manager/upButton|general/manager/downButton,merged_or_ported,README.md; IMPLEMENTATION.md; RESULTS.md; current generated inventory,"Control mapping is source evidence; runtime acceptance is by feature/scenario, not every combination."
layer/separationUI/peerList,merge,layer/proceduralUI/peerList,merged_or_ported,README.md; IMPLEMENTATION.md; RESULTS.md; current generated inventory,"Control mapping is source evidence; runtime acceptance is by feature/scenario, not every combination."
layer/separationUI/blockerList,merge,layer/proceduralUI/scopeList|layer/proceduralUI/peerList,merged_or_ported,README.md; IMPLEMENTATION.md; RESULTS.md; current generated inventory,"Control mapping is source evidence; runtime acceptance is by feature/scenario, not every combination."
layer/separationUI/overlapCheck,merge,layer/proceduralUI/enabledCheck,merged_or_ported,README.md; IMPLEMENTATION.md; RESULTS.md; current generated inventory,"Control mapping is source evidence; runtime acceptance is by feature/scenario, not every combination."
layer/separationUI/radiusMode,merge,layer/proceduralUI/multiplierSpin,merged_or_ported,README.md; IMPLEMENTATION.md; RESULTS.md; current generated inventory,"Control mapping is source evidence; runtime acceptance is by feature/scenario, not every combination."
layer/separationUI/gapSpin,merge,layer/proceduralUI/gapSpin,merged_or_ported,README.md; IMPLEMENTATION.md; RESULTS.md; current generated inventory,"Control mapping is source evidence; runtime acceptance is by feature/scenario, not every combination."
layer/separationUI/radiusSpin,merge,layer/proceduralUI/multiplierSpin|layer/proceduralUI/gapSpin,merged_or_ported,README.md; IMPLEMENTATION.md; RESULTS.md; current generated inventory,"Control mapping is source evidence; runtime acceptance is by feature/scenario, not every combination."
layer/separationUI/planarCheck,merge,layer/separationUI/planarCheck,merged_or_ported,README.md; IMPLEMENTATION.md; RESULTS.md; current generated inventory,"Control mapping is source evidence; runtime acceptance is by feature/scenario, not every combination."
layer/separationUI/statsButton,retain,layer/detailsUI/refreshButton,merged_or_ported,README.md; IMPLEMENTATION.md; RESULTS.md; current generated inventory,"Control mapping is source evidence; runtime acceptance is by feature/scenario, not every combination."
layer/separationUI/cleanCheck,retain,layer/separationUI/cleanCheck,present,README.md; IMPLEMENTATION.md; RESULTS.md; current generated inventory,"Control mapping is source evidence; runtime acceptance is by feature/scenario, not every combination."
layer/separationUI/neighborSpin,retain,layer/separationUI/neighborSpin,present,README.md; IMPLEMENTATION.md; RESULTS.md; current generated inventory,"Control mapping is source evidence; runtime acceptance is by feature/scenario, not every combination."
layer/separationUI/minNeighborSpin,retain,layer/separationUI/minNeighborSpin,present,README.md; IMPLEMENTATION.md; RESULTS.md; current generated inventory,"Control mapping is source evidence; runtime acceptance is by feature/scenario, not every combination."
layer/separationUI/minIslandSpin,retain,layer/separationUI/minIslandSpin,present,README.md; IMPLEMENTATION.md; RESULTS.md; current generated inventory,"Control mapping is source evidence; runtime acceptance is by feature/scenario, not every combination."
layer/separationUI/boundaryRelaxCheck,port,layer/spacingUI/boundaryRelaxCheck,merged_or_ported,README.md; IMPLEMENTATION.md; RESULTS.md; current generated inventory,"Control mapping is source evidence; runtime acceptance is by feature/scenario, not every combination."
layer/separationUI/finalStrengthSpin,port,layer/spacingUI/finalStrengthSpin,merged_or_ported,README.md; IMPLEMENTATION.md; RESULTS.md; current generated inventory,"Control mapping is source evidence; runtime acceptance is by feature/scenario, not every combination."
layer/separationUI/finalIterSpin,port,layer/spacingUI/finalIterSpin,merged_or_ported,README.md; IMPLEMENTATION.md; RESULTS.md; current generated inventory,"Control mapping is source evidence; runtime acceptance is by feature/scenario, not every combination."
layer/separationUI/finalMoveSpin,port,layer/spacingUI/finalMoveSpin,merged_or_ported,README.md; IMPLEMENTATION.md; RESULTS.md; current generated inventory,"Control mapping is source evidence; runtime acceptance is by feature/scenario, not every combination."
layer/proceduralUI/scopeList,merge,layer/proceduralUI/scopeList,merged_or_ported,README.md; IMPLEMENTATION.md; RESULTS.md; current generated inventory,"Control mapping is source evidence; runtime acceptance is by feature/scenario, not every combination."
layer/proceduralUI/peerList,merge,layer/proceduralUI/peerList,merged_or_ported,README.md; IMPLEMENTATION.md; RESULTS.md; current generated inventory,"Control mapping is source evidence; runtime acceptance is by feature/scenario, not every combination."
layer/proceduralUI/enabledCheck,merge,layer/proceduralUI/enabledCheck,merged_or_ported,README.md; IMPLEMENTATION.md; RESULTS.md; current generated inventory,"Control mapping is source evidence; runtime acceptance is by feature/scenario, not every combination."
layer/proceduralUI/multiplierSpin,merge,layer/proceduralUI/multiplierSpin,merged_or_ported,README.md; IMPLEMENTATION.md; RESULTS.md; current generated inventory,"Control mapping is source evidence; runtime acceptance is by feature/scenario, not every combination."
layer/proceduralUI/gapSpin,merge,layer/proceduralUI/gapSpin,merged_or_ported,README.md; IMPLEMENTATION.md; RESULTS.md; current generated inventory,"Control mapping is source evidence; runtime acceptance is by feature/scenario, not every combination."
layer/proceduralUI/planarCheck,merge,layer/proceduralUI/planarCheck,merged_or_ported,README.md; IMPLEMENTATION.md; RESULTS.md; current generated inventory,"Control mapping is source evidence; runtime acceptance is by feature/scenario, not every combination."
layer/proceduralUI/resetRule,merge,layer/proceduralUI/resetRule,merged_or_ported,README.md; IMPLEMENTATION.md; RESULTS.md; current generated inventory,"Control mapping is source evidence; runtime acceptance is by feature/scenario, not every combination."
layer/populationPolicyUI/populationList,retain,layer/populationPolicyUI/populationList,present,README.md; IMPLEMENTATION.md; RESULTS.md; current generated inventory,"Control mapping is source evidence; runtime acceptance is by feature/scenario, not every combination."
layer/populationPolicyUI/attemptSpin,retain,layer/populationPolicyUI/attemptSpin,present,README.md; IMPLEMENTATION.md; RESULTS.md; current generated inventory,"Control mapping is source evidence; runtime acceptance is by feature/scenario, not every combination."
layer/populationPolicyUI/roundSpin,retain,layer/populationPolicyUI/roundSpin,present,README.md; IMPLEMENTATION.md; RESULTS.md; current generated inventory,"Control mapping is source evidence; runtime acceptance is by feature/scenario, not every combination."
layer/populationPolicyUI/repairCheck,retain,layer/populationPolicyUI/repairCheck,present,README.md; IMPLEMENTATION.md; RESULTS.md; current generated inventory,"Control mapping is source evidence; runtime acceptance is by feature/scenario, not every combination."
layer/backgroundUI/backgroundList,retain,layer/backgroundUI/backgroundList,present,README.md; IMPLEMENTATION.md; RESULTS.md; current generated inventory,"Control mapping is source evidence; runtime acceptance is by feature/scenario, not every combination."
layer/backgroundUI/referenceList,retain,layer/backgroundUI/referenceList,present,README.md; IMPLEMENTATION.md; RESULTS.md; current generated inventory,"Control mapping is source evidence; runtime acceptance is by feature/scenario, not every combination."
layer/backgroundUI/applyBackground,merge,layer/backgroundUI/applyBackground,merged_or_ported,README.md; IMPLEMENTATION.md; RESULTS.md; current generated inventory,"Control mapping is source evidence; runtime acceptance is by feature/scenario, not every combination."
layer/instanceRadiusUI/radiusMode,retain,layer/instanceRadiusUI/radiusMode,present,README.md; IMPLEMENTATION.md; RESULTS.md; current generated inventory,"Control mapping is source evidence; runtime acceptance is by feature/scenario, not every combination."
layer/instanceRadiusUI/radiusSpin,retain,layer/instanceRadiusUI/radiusSpin,present,README.md; IMPLEMENTATION.md; RESULTS.md; current generated inventory,"Control mapping is source evidence; runtime acceptance is by feature/scenario, not every combination."
layer/instanceRadiusUI/applyRadius,retain,layer/instanceRadiusUI/applyRadius,present,README.md; IMPLEMENTATION.md; RESULTS.md; current generated inventory,"Control mapping is source evidence; runtime acceptance is by feature/scenario, not every combination."
layer/instanceRadiusUI/resetRadius,retain,layer/instanceRadiusUI/resetRadius,present,README.md; IMPLEMENTATION.md; RESULTS.md; current generated inventory,"Control mapping is source evidence; runtime acceptance is by feature/scenario, not every combination."
layer/instanceRadiusUI/clearRadius,retain,layer/instanceRadiusUI/clearRadius,present,README.md; IMPLEMENTATION.md; RESULTS.md; current generated inventory,"Control mapping is source evidence; runtime acceptance is by feature/scenario, not every combination."
layer/sourceContainersUI/modeList,retain,layer/sourceContainersUI/modeList,present,README.md; IMPLEMENTATION.md; RESULTS.md; current generated inventory,"Control mapping is source evidence; runtime acceptance is by feature/scenario, not every combination."
layer/sourceContainersUI/containersList,retain,layer/sourceContainersUI/containersList,present,README.md; IMPLEMENTATION.md; RESULTS.md; current generated inventory,"Control mapping is source evidence; runtime acceptance is by feature/scenario, not every combination."
layer/sourceContainersUI/createContainer,port,layer/sourceContainersUI/createContainer,merged_or_ported,README.md; IMPLEMENTATION.md; RESULTS.md; current generated inventory,"Control mapping is source evidence; runtime acceptance is by feature/scenario, not every combination."
layer/sourceContainersUI/pickContainer,port,layer/sourceContainersUI/pickContainer,merged_or_ported,README.md; IMPLEMENTATION.md; RESULTS.md; current generated inventory,"Control mapping is source evidence; runtime acceptance is by feature/scenario, not every combination."
layer/sourceContainersUI/removeContainer,port,layer/sourceContainersUI/removeContainer,merged_or_ported,README.md; IMPLEMENTATION.md; RESULTS.md; current generated inventory,"Control mapping is source evidence; runtime acceptance is by feature/scenario, not every combination."
layer/setsUI/setList,retain,layer/setsUI/setList,present,README.md; IMPLEMENTATION.md; RESULTS.md; current generated inventory,"Control mapping is source evidence; runtime acceptance is by feature/scenario, not every combination."
layer/setsUI/addButton,retain,layer/setsUI/addButton,present,README.md; IMPLEMENTATION.md; RESULTS.md; current generated inventory,"Control mapping is source evidence; runtime acceptance is by feature/scenario, not every combination."
layer/setsUI/removeButton,retain,layer/setsUI/removeButton,present,README.md; IMPLEMENTATION.md; RESULTS.md; current generated inventory,"Control mapping is source evidence; runtime acceptance is by feature/scenario, not every combination."
layer/setsUI/nameEdit,retain,layer/setsUI/nameEdit,present,README.md; IMPLEMENTATION.md; RESULTS.md; current generated inventory,"Control mapping is source evidence; runtime acceptance is by feature/scenario, not every combination."
layer/setsUI/weightSpin,retain,layer/setsUI/weightSpin,present,README.md; IMPLEMENTATION.md; RESULTS.md; current generated inventory,"Control mapping is source evidence; runtime acceptance is by feature/scenario, not every combination."
layer/setsUI/enabledCheck,retain,layer/setsUI/enabledCheck,present,README.md; IMPLEMENTATION.md; RESULTS.md; current generated inventory,"Control mapping is source evidence; runtime acceptance is by feature/scenario, not every combination."
layer/setsUI/visibleCheck,retain,layer/setsUI/visibleCheck,present,README.md; IMPLEMENTATION.md; RESULTS.md; current generated inventory,"Control mapping is source evidence; runtime acceptance is by feature/scenario, not every combination."
layer/setsUI/upButton,retain,layer/setsUI/upButton,present,README.md; IMPLEMENTATION.md; RESULTS.md; current generated inventory,"Control mapping is source evidence; runtime acceptance is by feature/scenario, not every combination."
layer/setsUI/downButton,retain,layer/setsUI/downButton,present,README.md; IMPLEMENTATION.md; RESULTS.md; current generated inventory,"Control mapping is source evidence; runtime acceptance is by feature/scenario, not every combination."
layer/detailsUI/refreshButton,retain,layer/detailsUI/refreshButton,present,README.md; IMPLEMENTATION.md; RESULTS.md; current generated inventory,"Control mapping is source evidence; runtime acceptance is by feature/scenario, not every combination."
layer/detailsUI/helpButton,retain,layer/detailsUI/helpButton,present,README.md; IMPLEMENTATION.md; RESULTS.md; current generated inventory,"Control mapping is source evidence; runtime acceptance is by feature/scenario, not every combination."
