frame,set_tm_ms,redraw_ms,pump_ms,set_tm_callbacks,redraw_callbacks,pump_callbacks
"1","0.52280000000000004","48.226300000000002","45.470600000000005","0","1","1"
"2","0.30249999999999999","49.503299999999996","67.149100000000004","0","1","1"
"3","1.1575","47.774900000000002","49.390100000000004","0","1","1"
"4","0.318","48.414000000000001","55.496499999999997","0","1","1"
"5","0.40050000000000002","45.552700000000002","91.719999999999999","0","1","2"
"6","0.28470000000000001","44.645899999999997","45.424800000000005","0","1","1"
"7","0.30880000000000002","51.159800000000004","45.922999999999995","0","1","1"
"8","0.27660000000000001","44.205999999999996","48.136100000000006","0","1","1"
"9","0.3019","43.618399999999994","42.960800000000006","0","1","1"
"10","0.29909999999999998","45.3444","45.5852","0","1","1"
"11","0.28899999999999998","46.420200000000001","46.795200000000001","0","1","1"
"12","0.2762","41.934199999999997","45.444700000000005","0","1","1"
"13","0.28070000000000001","45.322499999999998","95.392499999999998","0","1","2"
"14","0.31109999999999999","46.673399999999994","55.635000000000005","0","1","1"
"15","0.49430000000000002","48.783299999999997","44.853000000000002","0","1","1"
"16","0.32500000000000001","46.395299999999999","49.526800000000001","0","1","1"
"17","0.28199999999999997","47.633000000000003","51.149400000000007","0","1","1"
"18","0.28720000000000001","48.814599999999999","41.060500000000005","0","1","1"
"19","0.28689999999999999","41.741999999999997","40.300099999999993","0","1","1"
"20","0.29310000000000003","43.980399999999996","42.399299999999997","0","1","1"
"21","0.31990000000000002","44.811900000000001","89.553699999999992","0","1","2"
"22","0.40560000000000002","44.9709","44.584799999999994","0","1","1"
"23","0.27100000000000002","41.184100000000001","43.971900000000005","0","1","1"
"24","0.77229999999999999","48.181199999999997","43.759599999999999","0","1","1"
"25","0.57289999999999996","46.665200000000006","43.511600000000001","0","1","1"
"26","0.31709999999999999","42.688099999999999","46.307400000000001","0","1","1"
"27","0.28320000000000001","41.360199999999999","41.102999999999994","0","1","1"
"28","0.435","42.763399999999997","44.344000000000001","0","1","1"
"29","0.3014","41.955799999999996","89.988399999999999","0","1","2"
"30","0.2641","42.563299999999998","47.838099999999997","0","1","1"
"31","0.25929999999999997","47.411499999999997","42.1584","0","1","1"
"32","0.29170000000000001","41.598399999999998","43.8538","0","1","1"
"33","0.2797","42.754400000000004","45.690300000000001","0","1","1"
"34","0.27589999999999998","44.103700000000003","46.6629","0","1","1"
"35","0.27700000000000002","43.627499999999998","289.57900000000001","0","1","1"
"36","0.52780000000000005","43.305700000000002","109.07979999999999","0","1","2"
"37","0.27929999999999999","56.697600000000001","46.927999999999997","0","1","1"
"38","0.45269999999999999","52.757899999999999","44.936499999999995","0","1","1"
"39","0.27479999999999999","41.757600000000004","44.974499999999999","0","1","1"
"40","0.27139999999999997","41.418799999999997","46.256000000000007","0","1","1"
"41","0.29880000000000001","51.653599999999997","46.200699999999998","0","1","1"
"42","0.35570000000000002","50.7881","49.007099999999994","0","1","1"
"43","0.51649999999999996","48.3384","56.903700000000001","0","1","1"
"44","0.3039","49.421700000000001","128.17970000000003","0","1","2"
"45","0.36409999999999998","56.140700000000002","46.550899999999999","0","1","1"
"46","0.30199999999999999","46.060900000000004","42.587699999999991","0","1","1"
"47","0.28610000000000002","44.329300000000003","49.378700000000002","0","1","1"
"48","0.35249999999999998","44.498100000000001","44.218000000000004","0","1","1"
"49","0.2828","44.1646","44.335099999999997","0","1","1"
"50","0.35620000000000002","51.438099999999999","67.176700000000011","0","1","1"
"51","0.39829999999999999","44.453800000000001","114.58079999999998","0","1","2"
"52","0.47099999999999997","52.436700000000002","51.754899999999999","0","1","1"
"53","0.30780000000000002","43.3538","43.093899999999998","0","1","1"
"54","0.34660000000000002","43.518599999999999","42.496200000000002","0","1","1"
"55","0.34029999999999999","43.708199999999998","46.768900000000009","0","1","1"
"56","0.28139999999999998","45.555800000000005","41.152200000000001","0","1","1"
"57","0.2757","43.078200000000002","43.241700000000002","0","1","1"
"58","1.3962000000000001","47.772599999999997","50.190300000000001","0","1","1"
"59","0.27100000000000002","41.559899999999999","99.28240000000001","0","1","2"
"60","0.79500000000000004","59.3249","44.487700000000004","0","1","1"
