phase,elapsed_ms,scatter_callback_ms,mouse_held,reported_fps_unverified
"scatter_on","16.568999999999999","38.850700000000003","false","1.3354194164276123"
"scatter_on","108.3361","38.282699999999998","false","4.5138230323791504"
"scatter_on","158.155","35.966000000000001","false","4.5138230323791504"
"scatter_on","447.5025","36.442799999999998","false","4.5138230323791504"
"scatter_on","500.09820000000002","38.457999999999998","false","4.5138230323791504"
"scatter_on","554.36969999999997","34.444200000000002","false","4.5138230323791504"
"scatter_on","596.87249999999995","35.152500000000003","false","4.5138230323791504"
"scatter_on","647.91060000000004","35.279600000000002","false","1.7380030155181885"
"scatter_on","695.16290000000004","35.249899999999997","false","1.7380030155181885"
"scatter_on","872.35950000000003","36.093499999999999","false","1.7380030155181885"
"scatter_on","920.5625","36.402000000000001","false","1.7380030155181885"
"scatter_on","1121.2769000000001","34.8127","false","1.7380030155181885"
"scatter_on","1168.6459","36.605699999999999","false","1.7380030155181885"
"scatter_on","1225.3732","37.015700000000002","false","1.7380030155181885"
"scatter_on","1318.2270000000001","35.545000000000002","false","1.7380030155181885"
"scatter_on","1433.4324999999999","35.4818","false","1.389386773109436"
"scatter_on","1481.5887","36.126800000000003","false","1.389386773109436"
"scatter_on","1543.0274999999999","34.362699999999997","false","1.389386773109436"
"scatter_on","1618.6597999999999","34.0246","false","1.389386773109436"
"scatter_on","1777.2828999999999","34.373199999999997","false","1.389386773109436"
"scatter_on","1826.3108999999999","34.436900000000001","false","1.389386773109436"
"scatter_on","1873.5175999999999","35.516199999999998","false","1.389386773109436"
"scatter_on","1920.5208","38.016100000000002","false","1.389386773109436"
"scatter_on","2064.8672999999999","42.536299999999997","false","1.389386773109436"
"scatter_on","2165.8274999999999","57.6629","false","1.3249987363815308"
"scatter_on","2391.0524","35.209299999999999","false","1.3249987363815308"
"scatter_on","2437.1862000000001","34.310200000000002","false","1.3249987363815308"
"scatter_on","2481.8274000000001","34.464700000000001","false","1.3249987363815308"
"scatter_on","2530.1248999999998","34.997900000000001","false","1.3249987363815308"
"scatter_on","2711.4467","36.432600000000001","false","1.3249987363815308"
"scatter_on","2826.5165000000002","34.415700000000001","false","1.3249987363815308"
"scatter_on","2964.0508","38.811100000000003","false","1.3290485143661499"
"scatter_on","3014.9322999999999","38.933199999999999","false","1.3290485143661499"
"scatter_on","3064.9285","37.552300000000002","false","1.3290485143661499"
"scatter_on","3414.2323000000001","37.0319","false","1.3290485143661499"
"scatter_on","3570.5178999999998","35.933900000000001","false","1.3290485143661499"
"scatter_on","3664.6142","37.470199999999998","false","1.3408913612365723"
"scatter_on","3714.2399999999998","35.1492","false","1.3408913612365723"
"scatter_on","3884.4459999999999","39.472200000000001","false","1.3408913612365723"
"scatter_on","4105.1135000000004","36.2256","false","1.3408913612365723"
"scatter_on","4324.3409000000001","37.988700000000001","false","1.3408913612365723"
"scatter_on","4401.5263000000004","36.000799999999998","false","1.3236188888549805"
"scatter_on","4561.9760999999999","36.885800000000003","false","1.3236188888549805"
"scatter_on","4608.8766999999998","35.208399999999997","false","1.3236188888549805"
"scatter_on","4657.5922","36.163699999999999","false","1.3236188888549805"
"scatter_on","4703.4309000000003","38.130000000000003","false","1.3236188888549805"
"scatter_on","4887.723","35.191699999999997","false","1.3236188888549805"
"scatter_on","4934.4737999999998","35.779000000000003","false","1.3236188888549805"
"scatter_on","4981.5591000000004","38.372799999999998","false","1.3236188888549805"
"scatter_on","5031.0433000000003","37.320799999999998","false","1.3236188888549805"
"scatter_on","5083.5207","38.026600000000002","false","1.3236188888549805"
"scatter_on","5263.0306","36.528700000000001","false","1.3110504150390625"
"scatter_on","5312.9174999999996","37.341099999999997","false","1.3110504150390625"
"scatter_on","5364.4650000000001","49.630200000000002","false","1.3110504150390625"
"scatter_on","5425.9669000000004","38.069499999999998","false","1.3110504150390625"
"scatter_on","5588.4669999999996","36.009099999999997","false","1.3110504150390625"
"scatter_on","5833.2772000000004","34.9099","false","1.3110504150390625"
"scatter_on","6575.7673999999997","35.223199999999999","false","1.3419820070266724"
"scatter_on","7340.04","35.067399999999999","false","1.3482503890991211"
"scatter_on","8103.4219999999996","36.455399999999997","false","1.3054097890853882"
"scatter_on","8850.9673999999995","35.670499999999997","false","1.3110512495040894"
"scatter_on","9599.6083999999992","35.266300000000001","false","1.3389314413070679"
"scatter_on","10351.8521","36.308100000000003","false","1.3378139734268188"
"scatter_on","11105.7649","38.221600000000002","false","1.3275700807571411"
"scatter_on","11850.2461","37.1081","false","1.3193556070327759"
"scatter_on","12596.9375","35.237499999999997","false","1.3474936485290527"
"scatter_on","13347.8801","35.061599999999999","false","1.342526912689209"
"scatter_on","14309.882600000001","40.493600000000001","false","1.3283960819244385"
"scatter_on","15053.5036","55.958300000000001","false","1.0359562635421753"
"scatter_on","15804.126399999999","37.298400000000001","false","1.315970778465271"
"scatter_on","16545.826000000001","36.417299999999997","false","1.3690130710601807"
"scatter_on","17304.0969","38.844900000000003","false","1.3501808643341064"
"scatter_on","18048.510999999999","40.396299999999997","false","1.3110723495483398"
"scatter_on","18800.1139","38.940899999999999","false","1.342876672744751"
"scatter_on","19551.124400000001","35.478499999999997","false","1.3349274396896362"
"scatter_on","20299.064600000002","36.902299999999997","false","1.3321750164031982"
"scatter_on","21050.5749","40.473300000000002","false","1.3368113040924072"
"scatter_on","21797.011600000002","38.145499999999998","false","1.3273729085922241"
"scatter_on","22564.447899999999","35.762599999999999","false","1.3415735960006714"
"scatter_on","23313.2258","36.6783","false","1.3054839372634888"
"scatter_on","24073.961299999999","42.567100000000003","false","1.3366303443908691"
"scatter_on","24839.8459","36.749899999999997","false","1.3056854009628296"
"scatter_on","25603.786700000001","35.056100000000001","false","1.3137003183364868"
"scatter_on","26349.189299999998","37.410200000000003","false","1.3127611875534058"
"scatter_on","27106.2935","36.134599999999999","false","1.3374743461608887"
"scatter_on","27864.947400000001","36.578499999999998","false","1.3237223625183105"
"scatter_on","28616.235199999999","35.750500000000002","false","1.3167399168014526"
"scatter_on","29382.7359","38.421599999999998","false","1.3326771259307861"
"scatter_on","30137.533100000001","51.747199999999999","false","1.2962749004364014"
"scatter_on","30339.6299","63.673200000000001","false","1.3035632371902466"
"scatter_on","30434.844400000002","61.065600000000003","true","1.3035632371902466"
"scatter_on","30527.406800000001","49.493099999999998","false","3.2570977210998535"
"scatter_on","30614.714199999999","56.189799999999998","false","12.143527030944824"
"scatter_on","30743.900900000001","56.8688","false","10.779195785522461"
"scatter_on","30876.056100000002","50.871899999999997","false","10.779195785522461"
"scatter_on","30937.390899999999","45.030000000000001","false","10.779195785522461"
"scatter_on","31081.8406","51.636000000000003","false","3.2214710712432861"
"scatter_on","31166.787199999999","38.205199999999998","false","3.2214710712432861"
"scatter_on","31240.277300000002","39.319600000000001","false","3.2214710712432861"
"scatter_on","31431.826799999999","39.507300000000001","false","3.2214710712432861"
"scatter_on","31483.110100000002","40.420000000000002","false","3.2214710712432861"
"scatter_on","31538.566299999999","60.951599999999999","false","3.2214710712432861"
"scatter_on","31610.714","38.418399999999998","false","3.2214710712432861"
"scatter_on","31698.466400000001","36.335900000000002","false","3.2214710712432861"
"scatter_on","31745.5838","37.044699999999999","false","1.3289752006530762"
"scatter_on","31793.079300000001","42.421100000000003","false","1.3289752006530762"
"scatter_on","31946.065399999999","40.8598","false","1.3289752006530762"
"scatter_on","32245.9123","54.753900000000002","false","1.3289752006530762"
"scatter_on","32316.328000000001","56.9377","false","1.3289752006530762"
"scatter_on","32460.269899999999","36.707799999999999","false","1.3289752006530762"
"scatter_on","32718.8802","38.2014","false","1.3134430646896362"
"scatter_on","32767.381300000001","36.148800000000001","false","1.3134430646896362"
"scatter_on","32946.314400000003","37.4465","false","1.3134430646896362"
"scatter_on","32998.403100000003","35.292299999999997","false","1.3134430646896362"
"scatter_on","33044.346899999997","39.653100000000002","false","1.3134430646896362"
"scatter_on","33102.442600000002","36.930399999999999","false","1.3134430646896362"
"scatter_on","33213.7356","38.694600000000001","false","1.3134430646896362"
"scatter_on","33331.959300000002","34.518799999999999","false","1.323911190032959"
"scatter_on","33377.998","36.104199999999999","false","1.323911190032959"
"scatter_on","33425.318299999999","34.577599999999997","false","1.323911190032959"
"scatter_on","33579.778400000003","34.170499999999997","false","1.323911190032959"
"scatter_on","33646.262000000002","34.715600000000002","false","1.323911190032959"
"scatter_on","33695.500200000002","35.533299999999997","false","1.323911190032959"
"scatter_on","33865.4257","34.990000000000002","false","1.323911190032959"
"scatter_on","33968.609700000001","35.708399999999997","false","1.323911190032959"
"scatter_on","34080.546000000002","48.973999999999997","false","1.329769492149353"
"scatter_on","34336.290200000003","37.304400000000001","false","1.329769492149353"
"scatter_on","34383.767599999999","37.123199999999997","false","1.329769492149353"
"scatter_on","34570.470200000003","36.039999999999999","false","1.329769492149353"
"scatter_on","34616.317600000002","35.636299999999999","false","1.329769492149353"
"scatter_on","34662.458100000003","34.600700000000003","false","1.329769492149353"
"scatter_on","34709.265899999999","34.783999999999999","false","1.329769492149353"
"scatter_on","34754.756999999998","35.226900000000001","false","1.329769492149353"
"scatter_on","34817.228600000002","36.003100000000003","false","1.2734091281890869"
"scatter_on","34863.205000000002","37.357300000000002","false","1.2734091281890869"
"scatter_on","35158.964399999997","40.861499999999999","false","1.2734091281890869"
"scatter_on","35235.1443","34.857100000000003","false","1.2734091281890869"
"scatter_on","35281.475100000003","44.673299999999998","false","1.2734091281890869"
"scatter_on","35454.928899999999","35.521999999999998","false","1.2734091281890869"
"scatter_on","35502.777600000001","35.413400000000003","false","1.2734091281890869"
"scatter_on","35547.163800000002","38.114600000000003","false","1.2734091281890869"
"scatter_on","35718.135499999997","35.746699999999997","false","1.2523691654205322"
"scatter_on","35782.439299999998","36.955800000000004","false","1.2523691654205322"
"scatter_on","35833.646099999998","36.683300000000003","false","1.2523691654205322"
"scatter_on","36001.481800000001","33.948799999999999","false","1.2523691654205322"
"scatter_on","36046.087","46.520499999999998","false","1.2523691654205322"
"scatter_on","36106.6077","37.749200000000002","false","1.2523691654205322"
"scatter_on","36156.635000000002","35.171199999999999","false","1.2523691654205322"
"scatter_on","36252.744599999998","36.264299999999999","false","1.2523691654205322"
"scatter_on","36385.578399999999","34.5807","false","1.425000786781311"
"scatter_on","36436.433400000002","36.059800000000003","false","1.425000786781311"
"scatter_on","36484.141199999998","35.0428","false","1.425000786781311"
"scatter_on","36530.366499999996","34.526000000000003","false","1.425000786781311"
"scatter_on","36575.603600000002","36.081800000000001","false","1.425000786781311"
"scatter_on","36623.468399999998","35.114800000000002","false","1.425000786781311"
"scatter_on","36687.747300000003","36.204999999999998","false","1.425000786781311"
"scatter_on","36736.2048","34.526600000000002","false","1.425000786781311"
"scatter_on","37002.686399999999","36.713799999999999","false","1.425000786781311"
"scatter_on","37078.142599999999","43.284799999999997","false","1.3335487842559814"
"scatter_on","37131.399799999999","37.400700000000001","false","1.3335487842559814"
"scatter_on","37234.971700000002","52.5747","false","1.3335487842559814"
"scatter_on","37391.570099999997","39.756","false","1.3335487842559814"
"scatter_on","37444.438999999998","37.936","false","1.3335487842559814"
"scatter_on","37493.646800000002","36.637599999999999","false","1.3335487842559814"
"scatter_on","37541.349699999999","42.438899999999997","false","1.3335487842559814"
"scatter_on","37715.456400000003","35.244300000000003","false","1.3335487842559814"
"scatter_on","37762.959300000002","37.881700000000002","false","1.3335487842559814"
"scatter_on","37832.1299","35.337400000000002","false","1.3146668672561646"
"scatter_on","37877.946300000003","35.725999999999999","false","1.3146668672561646"
"scatter_on","37925.6132","34.5809","false","1.3146668672561646"
"scatter_on","38079.3871","40.436100000000003","false","1.3146668672561646"
"scatter_on","38130.709300000002","35.666600000000003","false","1.3146668672561646"
"scatter_on","38176.3629","37.200499999999998","false","1.3146668672561646"
"scatter_on","38359.894699999997","35.157299999999999","false","1.3146668672561646"
"scatter_on","38427.158000000003","38.022300000000001","false","1.3146668672561646"
"scatter_on","38476.140399999997","34.775500000000001","false","1.3146668672561646"
"scatter_on","38524.530899999998","36.164000000000001","false","1.3146668672561646"
"scatter_on","38695.117100000003","36.1036","false","1.3086471557617188"
"scatter_on","38741.631099999999","34.5122","false","1.3086471557617188"
"scatter_on","38789.604700000004","38.402299999999997","false","1.3086471557617188"
"scatter_on","38960.021999999997","34.6997","false","1.3086471557617188"
"scatter_on","39005.320500000002","35.266199999999998","false","1.3086471557617188"
"scatter_on","39054.623800000001","38.657600000000002","false","1.3086471557617188"
"scatter_on","39104.186000000002","36.998800000000003","false","1.3086471557617188"
"scatter_on","39153.144699999997","35.395699999999998","false","1.3086471557617188"
"scatter_on","39279.622799999997","39.685200000000002","false","1.3086471557617188"
"scatter_on","39414.458500000001","35.942300000000003","false","1.3243011236190796"
"scatter_on","39617.693299999999","35.114400000000003","false","1.3243011236190796"
"scatter_on","39664.080600000001","37.875799999999998","false","1.3243011236190796"
"scatter_on","39824.817999999999","37.563000000000002","false","1.3243011236190796"
"scatter_on","39878.656499999997","37.207900000000002","false","1.3243011236190796"
"scatter_on","39927.349800000004","35.063899999999997","false","1.3243011236190796"
"scatter_on","40030.546199999997","35.011699999999998","false","1.3243011236190796"
"scatter_on","40136.350899999998","35.670000000000002","false","1.340417742729187"
"scatter_on","40185.209499999997","35.854100000000003","false","1.340417742729187"
"scatter_on","40242.830800000003","35.280900000000003","false","1.340417742729187"
"scatter_on","40289.879200000003","36.568100000000001","false","1.340417742729187"
"scatter_on","40339.913500000002","40.109400000000001","false","1.340417742729187"
"scatter_on","40394.936999999998","36.073500000000003","false","1.340417742729187"
"scatter_on","40562.896800000002","38.534799999999997","false","1.340417742729187"
"scatter_on","40612.041599999997","34.372999999999998","false","1.340417742729187"
"scatter_on","40659.002099999998","36.910800000000002","false","1.340417742729187"
"scatter_on","40706.871299999999","35.214300000000001","false","1.340417742729187"
"scatter_on","40785.3701","37.7361","false","1.340417742729187"
"scatter_on","40919.125699999997","37.542299999999997","false","1.3175419569015503"
"scatter_on","40986.234700000001","35.721400000000003","false","1.3175419569015503"
"scatter_on","41032.800499999998","35.3048","false","1.3175419569015503"
"scatter_on","41082.169999999998","40.870699999999999","false","1.3175419569015503"
"scatter_on","41264.669099999999","34.640500000000003","false","1.3175419569015503"
"scatter_on","41311.4018","36.7607","false","1.3175419569015503"
"scatter_on","41359.609499999999","35.712800000000001","false","1.3175419569015503"
"scatter_on","41413.118900000001","35.9223","false","1.3175419569015503"
"scatter_on","41459.376199999999","36.290900000000001","false","1.3175419569015503"
"scatter_on","41533.369100000004","37.212499999999999","false","1.3175419569015503"
"scatter_on","41582.224699999999","39.095199999999998","false","1.3397859334945679"
"scatter_on","41713.105100000001","35.7532","false","1.3397859334945679"
"scatter_on","41762.649799999999","35.162100000000002","false","1.3397859334945679"
"scatter_on","41810.565300000002","37.308100000000003","false","1.3397859334945679"
"scatter_on","41857.743699999999","34.657800000000002","false","1.3397859334945679"
"scatter_on","41907.657299999999","35.567100000000003","false","1.3397859334945679"
"scatter_on","41953.203399999999","35.986600000000003","false","1.3397859334945679"
"scatter_on","42122.017800000001","34.455599999999997","false","1.3397859334945679"
"scatter_on","42169.460899999998","38.304900000000004","false","1.3397859334945679"
"scatter_on","42278.923300000002","35.610199999999999","false","1.3397859334945679"
"scatter_on","42385.164400000001","36.874400000000001","false","1.3436821699142456"
"scatter_on","42448.876400000001","38.581299999999999","false","1.3436821699142456"
"scatter_on","42498.082300000002","35.7911","false","1.3436821699142456"
"scatter_on","42546.9905","37.326099999999997","false","1.3436821699142456"
"scatter_on","42595.0913","41.225200000000001","false","1.3436821699142456"
"scatter_on","42766.729700000004","36.870199999999997","false","1.3436821699142456"
"scatter_on","42815.445800000001","44.034399999999998","false","1.3436821699142456"
"scatter_on","42870.981500000002","36.398800000000001","false","1.3436821699142456"
"scatter_on","43032.677499999998","35.374499999999998","false","1.3436821699142456"
"scatter_on","43108.201800000003","35.932600000000001","false","1.3254973888397217"
"scatter_on","43154.6109","37.090600000000002","false","1.3254973888397217"
"scatter_on","43248.264600000002","35.459299999999999","false","1.3254973888397217"
"scatter_on","43374.300199999998","34.983899999999998","false","1.3254973888397217"
"scatter_on","43440.5242","36.9803","false","1.3254973888397217"
"scatter_on","43590.012499999997","41.812399999999997","false","1.3254973888397217"
"scatter_on","43667.746500000001","36.878","false","1.3254973888397217"
"scatter_on","43717.876900000003","46.186","false","1.3254973888397217"
"scatter_on","43783.903599999998","35.886499999999998","false","1.3254973888397217"
"scatter_on","43856.878299999997","35.851100000000002","false","1.3332480192184448"
"scatter_on","43983.5887","35.998699999999999","false","1.3332480192184448"
"scatter_on","44032.738400000002","36.725999999999999","false","1.3332480192184448"
"scatter_on","44080.207300000002","40.961500000000001","false","1.3332480192184448"
"scatter_on","44131.7647","34.871600000000001","false","1.3332480192184448"
"scatter_on","44176.737399999998","38.9572","false","1.3332480192184448"
"scatter_on","44338.6702","35.7746","false","1.3332480192184448"
"scatter_on","44386.930200000003","35.458399999999997","false","1.3332480192184448"
"scatter_on","44433.169500000004","34.734299999999998","false","1.3332480192184448"
"scatter_on","44482.9614","37.744599999999998","false","1.3332480192184448"
"scatter_on","44534.263200000001","35.112299999999998","false","1.3332480192184448"
"scatter_on","44745.1037","34.8613","false","1.3299987316131592"
"scatter_on","44792.735699999997","39.290300000000002","false","1.3299987316131592"
"scatter_on","44916.079400000002","38.906100000000002","false","1.3299987316131592"
"scatter_on","44986.480100000001","43.178199999999997","false","1.3299987316131592"
"scatter_on","45044.297100000003","45.872799999999998","false","1.3299987316131592"
"scatter_on","45109.513200000001","36.670099999999998","true","1.3299987316131592"
"scatter_on","45172.180399999997","41.924599999999998","false","1.7348970174789429"
"scatter_on","45236.626100000001","39.873699999999999","false","13.455527305603027"
"scatter_on","45285.138099999996","36.322800000000001","false","18.635368347167969"
"scatter_on","45608.099099999999","40.843400000000003","false","21.996828079223633"
"scatter_on","45670.217100000002","39.184899999999999","false","21.996828079223633"
"scatter_on","45720.231599999999","36.654400000000003","false","21.996828079223633"
"scatter_on","45780.0285","37.876199999999997","false","21.996828079223633"
"scatter_on","46020.915099999998","36.936900000000001","false","21.996828079223633"
"scatter_on","46067.687599999997","49.691899999999997","false","21.996828079223633"
"scatter_on","46133.976300000002","36.837200000000003","false","1.2509505748748779"
"scatter_on","46183.875399999997","37.458100000000002","false","1.2509505748748779"
"scatter_on","46262.823600000003","38.149799999999999","false","1.2509505748748779"
"scatter_on","46399.164199999999","37.167400000000001","false","1.2509505748748779"
"scatter_on","46451.131800000003","36.663499999999999","false","1.2509505748748779"
"scatter_on","46501.903899999998","37.424999999999997","false","1.2509505748748779"
"scatter_on","46554.287600000003","34.975999999999999","false","1.2509505748748779"
"scatter_on","46602.0628","35.426099999999998","false","1.2509505748748779"
"scatter_on","46648.163200000003","34.920499999999997","false","1.2509505748748779"
"scatter_on","46816.554799999998","50.066699999999997","false","1.2509505748748779"
"scatter_on","46886.929900000003","35.177100000000003","false","1.3371045589447021"
"scatter_on","46934.657099999997","37.529899999999998","false","1.3371045589447021"
"scatter_on","47093.177600000003","38.622100000000003","false","1.3371045589447021"
"scatter_on","47167.2284","37.198","false","1.3371045589447021"
"scatter_on","47220.890800000001","37.125","false","1.3371045589447021"
"scatter_on","47529.830800000003","35.805900000000001","false","1.3371045589447021"
"scatter_on","47579.666599999997","40.797499999999999","false","1.3371045589447021"
"scatter_on","47663.739099999999","36.201799999999999","false","1.3256698846817017"
"scatter_on","47710.490899999997","35.295099999999998","false","1.3256698846817017"
"scatter_on","47841.8586","34.4651","false","1.3256698846817017"
"scatter_on","47887.6446","35.095100000000002","false","1.3256698846817017"
"scatter_on","47937.322999999997","43.086100000000002","false","1.3256698846817017"
"scatter_on","47990.844700000001","37.154600000000002","false","1.3256698846817017"
"scatter_on","48227.990100000003","35.756799999999998","false","1.3256698846817017"
"scatter_on","48278.591699999997","35.648400000000002","false","1.3256698846817017"
"scatter_on","48328.952599999997","35.6937","false","1.3256698846817017"
"scatter_on","48483.315300000002","36.296100000000003","false","1.3485186100006104"
"scatter_on","48532.3773","36.5702","false","1.3485186100006104"
"scatter_on","48582.870300000002","35.939799999999998","false","1.3485186100006104"
"scatter_on","48628.586199999998","34.3673","false","1.3485186100006104"
"scatter_on","48775.093500000003","35.972499999999997","false","1.3485186100006104"
"scatter_on","48841.010199999997","36.752800000000001","false","1.3485186100006104"
"scatter_on","48888.456700000002","35.543900000000001","false","1.3485186100006104"
"scatter_on","48934.963499999998","35.836199999999998","false","1.3485186100006104"
"scatter_on","49081.353900000002","42.190600000000003","false","1.3485186100006104"
"scatter_on","49167.790200000003","36.151699999999998","false","1.3173131942749023"
"scatter_on","49352.5147","35.749099999999999","false","1.3173131942749023"
"scatter_on","49557.725700000003","36.806899999999999","false","1.3173131942749023"
"scatter_on","49609.228600000002","34.994599999999998","false","1.3173131942749023"
"scatter_on","49681.660000000003","35.3431","false","1.3173131942749023"
"scatter_on","49805.164100000002","35.049300000000002","false","1.3173131942749023"
"scatter_on","49850.182000000001","36.342599999999997","false","1.3173131942749023"
"scatter_on","50211.496299999999","36.306600000000003","false","1.3102636337280273"
"scatter_on","50275.271399999998","35.746600000000001","false","1.3102636337280273"
"scatter_on","50322.452299999997","39.346600000000002","false","1.3102636337280273"
"scatter_on","50373.213100000001","37.057499999999997","false","1.3102636337280273"
"scatter_on","50595.1368","37.822099999999999","false","1.3102636337280273"
"scatter_on","50758.607499999998","34.409399999999998","false","1.3389054536819458"
"scatter_on","50802.823499999999","37.005099999999999","false","1.3389054536819458"
"scatter_on","50963.103600000002","35.758800000000001","false","1.3389054536819458"
"scatter_on","51010.784899999999","35.401299999999999","false","1.3389054536819458"
"scatter_on","51056.908799999997","39.6008","false","1.3389054536819458"
"scatter_on","51244.260499999997","39.265900000000002","false","1.3389054536819458"
"scatter_on","51358.599600000001","35.701700000000002","false","1.3389054536819458"
"scatter_on","51494.7739","34.788400000000003","false","1.3133847713470459"
"scatter_on","51540.6993","34.485199999999999","false","1.3133847713470459"
"scatter_on","51586.880599999997","36.573700000000002","false","1.3133847713470459"
"scatter_on","51774.160000000003","35.178400000000003","false","1.3133847713470459"
"scatter_on","51950.317300000002","36.9664","false","1.3133847713470459"
"scatter_on","51998.324999999997","34.606299999999997","false","1.3133847713470459"
"scatter_on","52118.497100000001","34.916400000000003","false","1.3133847713470459"
"scatter_on","52239.564100000003","37.288899999999998","false","1.3178244829177856"
"scatter_on","52307.574099999998","35.1492","false","1.3178244829177856"
"scatter_on","52354.538999999997","35.801699999999997","false","1.3178244829177856"
"scatter_on","52402.069100000001","35.038200000000003","false","1.3178244829177856"
"scatter_on","52559.200100000002","36.676600000000001","false","1.3178244829177856"
"scatter_on","52607.611400000002","37.147100000000002","false","1.3178244829177856"
"scatter_on","52655.044099999999","36.371699999999997","false","1.3178244829177856"
"scatter_on","52705.850200000001","34.977800000000002","false","1.3178244829177856"
"scatter_on","52869.453200000004","35.663800000000002","false","1.3178244829177856"
"scatter_on","52931.805099999998","35.947000000000003","false","1.3302602767944336"
"scatter_on","52981.498","37.567599999999999","false","1.3302602767944336"
"scatter_on","53031.914499999999","37.313800000000001","false","1.3302602767944336"
"scatter_on","53201.369500000001","40.2316","false","1.3302602767944336"
"scatter_on","53266.248699999996","37.332999999999998","false","1.3302602767944336"
"scatter_on","53316.509400000003","37.033999999999999","false","1.3302602767944336"
"scatter_on","53362.773699999998","37.304499999999997","false","1.3302602767944336"
"scatter_on","53557.804700000001","35.460000000000001","false","1.3302602767944336"
"scatter_on","53608.565199999997","36.155200000000001","false","1.3302602767944336"
"scatter_on","53657.932399999998","36.022100000000002","false","1.3302602767944336"
"scatter_on","53710.300499999998","34.457900000000002","false","1.263978123664856"
"scatter_on","53856.527999999998","35.457900000000002","false","1.263978123664856"
"scatter_on","53905.4977","36.602899999999998","false","1.263978123664856"
"scatter_on","53953.018499999998","35.456000000000003","false","1.263978123664856"
"scatter_on","53998.7045","36.673299999999998","false","1.263978123664856"
"scatter_on","54045.945500000002","37.752200000000002","false","1.263978123664856"
"scatter_on","54229.558700000001","39.397500000000001","false","1.263978123664856"
"scatter_on","54304.559399999998","34.262999999999998","false","1.263978123664856"
"scatter_on","54349.2791","35.936","false","1.263978123664856"
"scatter_on","54419.438000000002","34.836599999999997","false","1.263978123664856"
"scatter_on","54466.3272","39.907600000000002","false","1.3194949626922607"
"scatter_on","54600.287900000003","36.639899999999997","false","1.3194949626922607"
"scatter_on","54647.703800000003","35.763300000000001","false","1.3194949626922607"
"scatter_on","54830.3986","35.596299999999999","false","1.3194949626922607"
"scatter_on","54900.334300000002","42.204300000000003","false","1.3194949626922607"
"scatter_on","54957.849399999999","34.755699999999997","false","1.3194949626922607"
"scatter_on","55133.823700000001","34.155200000000001","false","1.3194949626922607"
"scatter_on","55180.4683","36.122","false","1.3194949626922607"
"scatter_on","55367.025900000001","35.165999999999997","false","1.2937884330749512"
"scatter_on","55413.599600000001","36.817799999999998","false","1.2937884330749512"
"scatter_on","55462.705199999997","34.362299999999998","false","1.2937884330749512"
"scatter_on","55511.843699999998","35.2697","false","1.2937884330749512"
"scatter_on","55557.998599999999","35.040100000000002","false","1.2937884330749512"
"scatter_on","55880.141799999998","38.132300000000001","false","1.2937884330749512"
"scatter_on","55965.053599999999","38.445","false","1.2937884330749512"
"scatter_on","56161.8001","46.948999999999998","false","1.2878384590148926"
"scatter_on","56234.870699999999","38.249000000000002","false","1.2878384590148926"
"scatter_on","56421.765099999997","39.154699999999998","false","1.2878384590148926"
"scatter_on","56487.563699999999","51.202399999999997","false","1.2878384590148926"
"scatter_on","56556.210200000001","42.9131","false","1.2878384590148926"
"scatter_on","56613.555200000003","44.770099999999999","false","1.2878384590148926"
"scatter_on","56672.760399999999","42.555199999999999","false","1.2878384590148926"
"scatter_on","56726.605600000003","35.987699999999997","false","1.2878384590148926"
"scatter_off","56801.688800000004","0.0071000000000000004","false","1.3181014060974121"
"scatter_off","56923.188099999999","0.0068999999999999999","false","24.721694946289062"
"scatter_off","57111.787199999999","0.0097999999999999997","false","24.721694946289062"
"scatter_off","57126.258900000001","0.0061999999999999998","false","24.721694946289062"
"scatter_off","57281.041799999999","0.0057999999999999996","false","24.721694946289062"
"scatter_off","57298.898300000001","0.0099000000000000008","false","24.721694946289062"
"scatter_off","57417.4139","0.0077000000000000002","false","24.721694946289062"
"scatter_off","57467.436300000001","0.0058999999999999999","false","24.721694946289062"
"scatter_off","57623.5527","0.0071000000000000004","false","1.5075534582138062"
"scatter_off","57745.328500000003","0.0061999999999999998","false","1.5075534582138062"
"scatter_off","57763.825199999999","0.0058999999999999999","false","1.5075534582138062"
"scatter_off","57780.157200000001","0.0067999999999999996","false","1.5075534582138062"
"scatter_off","57904.5982","0.0061000000000000004","false","1.5075534582138062"
"scatter_off","57919.720099999999","0.0066","false","1.5075534582138062"
"scatter_off","57937.8825","0.0079000000000000008","false","1.5075534582138062"
"scatter_off","58056.481800000001","0.0071999999999999998","false","1.5075534582138062"
"scatter_off","58096.692999999999","0.0091000000000000004","false","1.5075534582138062"
"scatter_off","58231.474000000002","0.0071999999999999998","false","1.5075534582138062"
"scatter_off","58264.1414","0.0063","false","1.3090567588806152"
"scatter_off","58280.251600000003","0.0067999999999999996","false","1.3090567588806152"
"scatter_off","58297.381999999998","0.0068999999999999999","false","1.3090567588806152"
"scatter_off","58415.7955","0.0057999999999999996","false","1.3090567588806152"
"scatter_off","58449.967600000004","0.0071000000000000004","false","1.3090567588806152"
"scatter_off","58466.284699999997","0.0061000000000000004","false","1.3090567588806152"
"scatter_off","58494.783600000002","0.0106","false","1.3090567588806152"
"scatter_off","58590.864800000003","0.0058999999999999999","false","1.3090567588806152"
"scatter_off","58762.214899999999","0.0067999999999999996","false","1.3090567588806152"
"scatter_off","58772.8298","0.0061999999999999998","false","1.3090567588806152"
"scatter_off","58900.112699999998","0.0080999999999999996","false","1.3090567588806152"
"scatter_off","58910.350400000003","0.0074000000000000003","false","1.3090567588806152"
"scatter_off","58921.5749","0.0064999999999999997","false","1.3090567588806152"
"scatter_off","58983.542000000001","0.0079000000000000008","false","1.3090567588806152"
"scatter_off","59052.253299999997","0.0071000000000000004","false","1.3286887407302856"
"scatter_off","59094.183100000002","0.0071000000000000004","false","1.3286887407302856"
"scatter_off","59104.790200000003","0.0080999999999999996","false","1.3286887407302856"
"scatter_off","59416.606699999997","0.0071999999999999998","false","1.3286887407302856"
"scatter_off","59426.599999999999","0.0064999999999999997","false","1.3286887407302856"
"scatter_off","59572.885699999999","0.014200000000000001","false","1.3286887407302856"
"scatter_off","59589.352599999998","0.0083999999999999995","false","1.3286887407302856"
"scatter_off","59728.741600000001","0.0057999999999999996","false","1.3286887407302856"
"scatter_off","59739.171799999996","0.0080999999999999996","false","1.3286887407302856"
"scatter_off","59753.122799999997","0.0067999999999999996","false","1.3195829391479492"
"scatter_off","59762.531799999997","0.0071999999999999998","false","1.3195829391479492"
"scatter_off","60039.400099999999","0.0064000000000000003","false","1.3195829391479492"
"scatter_off","60049.091099999998","0.0054999999999999997","false","1.3195829391479492"
"scatter_off","60384.184800000003","0.0080999999999999996","false","1.3195829391479492"
"scatter_off","60411.313099999999","0.0068999999999999999","false","1.3195829391479492"
"scatter_off","60419.660100000001","0.0071999999999999998","false","1.3195829391479492"
"scatter_off","60497.459799999997","0.0067999999999999996","false","1.3195829391479492"
"scatter_off","60571.214999999997","0.0074000000000000003","false","1.3217904567718506"
"scatter_off","60676.814200000001","0.0074000000000000003","false","1.3217904567718506"
"scatter_off","60713.476199999997","0.0057999999999999996","false","1.3217904567718506"
"scatter_off","60724.904999999999","0.0073000000000000001","false","1.3217904567718506"
"scatter_off","60875.031199999998","0.013599999999999999","false","1.3217904567718506"
"scatter_off","61027.479200000002","0.0061999999999999998","false","1.3217904567718506"
"scatter_off","61058.152900000001","0.010800000000000001","false","1.3217904567718506"
"scatter_off","61218.686999999998","0.0071000000000000004","false","1.3217904567718506"
"scatter_off","61242.095600000001","0.0067000000000000002","false","1.3217904567718506"
"scatter_off","61412.817300000002","0.0077000000000000002","false","1.3437628746032715"
"scatter_off","61422.635999999999","0.0111","false","1.3437628746032715"
"scatter_off","61552.271999999997","0.0095999999999999992","false","1.3437628746032715"
"scatter_off","61562.635600000001","0.0080999999999999996","false","1.3437628746032715"
"scatter_off","61690.234100000001","0.0077999999999999996","false","1.3437628746032715"
"scatter_off","61848.397799999999","0.0061000000000000004","false","1.3437628746032715"
"scatter_off","61859.217900000003","0.011900000000000001","false","1.3437628746032715"
"scatter_off","61983.813199999997","0.0074999999999999997","false","1.3437628746032715"
"scatter_off","62037.113700000002","0.0061999999999999998","false","1.3485603332519531"
"scatter_off","62047.388700000003","0.0067000000000000002","false","1.3485603332519531"
"scatter_off","62080.154000000002","0.0051999999999999998","false","1.3485603332519531"
"scatter_off","62191.9686","0.0067999999999999996","false","1.3485603332519531"
"scatter_off","62211.235999999997","0.0067000000000000002","false","1.3485603332519531"
"scatter_off","62234.082000000002","0.0071999999999999998","false","1.3485603332519531"
"scatter_off","62408.607400000001","0.0071000000000000004","false","1.3485603332519531"
"scatter_off","62533.745900000002","0.0083000000000000001","false","1.3485603332519531"
"scatter_off","62543.968999999997","0.0070000000000000001","false","1.3485603332519531"
"scatter_off","62705.017099999997","0.0082000000000000007","false","1.3485603332519531"
"scatter_off","62719.362000000001","0.0101","false","1.3485603332519531"
"scatter_off","62734.915300000001","0.0061999999999999998","false","1.3485603332519531"
"scatter_off","62881.073600000003","0.0086","false","1.3317762613296509"
"scatter_off","63032.502399999998","0.0058999999999999999","false","1.3317762613296509"
"scatter_off","63047.853900000002","0.0068999999999999999","false","1.3317762613296509"
"scatter_off","63172.634100000003","0.0067000000000000002","false","1.3317762613296509"
"scatter_off","63189.370199999998","0.0057000000000000002","false","1.3317762613296509"
"scatter_off","63339.744700000003","0.0079000000000000008","false","1.3317762613296509"
"scatter_off","63362.602400000003","0.0060000000000000001","false","1.3317762613296509"
"scatter_off","63373.943099999997","0.0071000000000000004","false","1.3317762613296509"
"scatter_off","63394.924099999997","0.0106","false","1.3317762613296509"
"scatter_off","63419.479700000004","0.0066","false","1.3317762613296509"
"scatter_off","63484.891000000003","0.0067000000000000002","false","1.3317762613296509"
"scatter_off","63684.166799999999","0.0061000000000000004","false","1.3325777053833008"
"scatter_off","63705.5265","0.0076","false","1.3325777053833008"
"scatter_off","63715.078600000001","0.0054999999999999997","false","1.3325777053833008"
"scatter_off","63846.481299999999","0.0071999999999999998","false","1.3325777053833008"
"scatter_off","63856.306700000001","0.0067000000000000002","false","1.3325777053833008"
"scatter_off","63999.451099999998","0.0071999999999999998","false","1.3325777053833008"
"scatter_off","64018.757799999999","0.0067999999999999996","false","1.3325777053833008"
"scatter_off","64237.421900000001","0.0060000000000000001","false","1.3325777053833008"
"scatter_off","64343.497000000003","0.0077999999999999996","false","1.3286294937133789"
"scatter_off","64502.438800000004","0.0071999999999999998","false","1.3286294937133789"
"scatter_off","64513.185799999999","0.0071999999999999998","false","1.3286294937133789"
"scatter_off","64657.201800000003","0.0064999999999999997","false","1.3286294937133789"
"scatter_off","64677.346700000002","0.0061999999999999998","false","1.3286294937133789"
"scatter_off","64686.864500000003","0.0071000000000000004","false","1.3286294937133789"
"scatter_off","64830.992599999998","0.0064999999999999997","false","1.3286294937133789"
"scatter_off","64840.9666","0.0073000000000000001","false","1.3286294937133789"
"scatter_off","64988.780700000003","0.0071999999999999998","false","1.3286294937133789"
"scatter_off","65032.275900000001","0.0066","false","1.3307350873947144"
"scatter_off","65174.693099999997","0.0067000000000000002","false","1.3307350873947144"
"scatter_off","65184.803","0.0092999999999999992","false","1.3307350873947144"
"scatter_off","65360.652000000002","0.0055999999999999999","false","1.3307350873947144"
"scatter_off","65381.9162","0.0057000000000000002","false","1.3307350873947144"
"scatter_off","65395.0622","0.0057999999999999996","false","1.3307350873947144"
"scatter_off","65704.097999999998","0.0074000000000000003","false","1.3307350873947144"
"scatter_off","65718.721699999995","0.0064000000000000003","false","1.3307350873947144"
"scatter_off","65734.405100000004","0.0061000000000000004","false","1.3307350873947144"
"scatter_off","65862.475399999996","0.0061000000000000004","false","1.3419901132583618"
"scatter_off","65874.462299999999","0.0067000000000000002","false","1.3419901132583618"
"scatter_off","65895.313599999994","0.0064999999999999997","false","1.3419901132583618"
"scatter_off","65935.2255","0.0092999999999999992","false","1.3419901132583618"
"scatter_off","66108.413700000005","0.0092999999999999992","false","1.3419901132583618"
"scatter_off","66129.790699999998","0.0064999999999999997","false","1.3419901132583618"
"scatter_off","66306.823799999998","0.0144","false","1.3419901132583618"
"scatter_off","66318.281000000003","0.0064000000000000003","false","1.3419901132583618"
"scatter_off","66327.638000000006","0.0058999999999999999","false","1.3419901132583618"
"scatter_off","66454.876999999993","0.0074000000000000003","false","1.3419901132583618"
"scatter_off","66473.940499999997","0.0077999999999999996","false","1.3419901132583618"
"scatter_off","66484.695300000007","0.0064000000000000003","false","1.3419901132583618"
"scatter_off","66496.317899999995","0.0068999999999999999","false","1.3299069404602051"
"scatter_off","66633.569600000003","0.0061999999999999998","false","1.3299069404602051"
"scatter_off","66645.349300000002","0.0064000000000000003","false","1.3299069404602051"
"scatter_off","66654.674700000003","0.0057000000000000002","false","1.3299069404602051"
"scatter_off","66779.914000000004","0.0070000000000000001","false","1.3299069404602051"
"scatter_off","66800.344299999997","0.0061000000000000004","false","1.3299069404602051"
"scatter_off","66810.624599999996","0.0058999999999999999","false","1.3299069404602051"
"scatter_off","66830.724100000007","0.0058999999999999999","false","1.3299069404602051"
"scatter_off","66970.301399999997","0.0067999999999999996","false","1.3299069404602051"
"scatter_off","67095.456999999995","0.0124","false","1.3299069404602051"
"scatter_off","67128.034100000004","0.0063","false","1.3299069404602051"
"scatter_off","67140.848299999998","0.0071000000000000004","false","1.3299069404602051"
"scatter_off","67157.895900000003","0.0064999999999999997","false","1.3299069404602051"
"scatter_off","67233.951799999995","0.0064999999999999997","false","1.3299069404602051"
"scatter_off","67317.980599999995","0.0083000000000000001","false","1.3371018171310425"
"scatter_off","67329.224100000007","0.0082000000000000007","false","1.3371018171310425"
"scatter_off","67642.153099999996","0.0080999999999999996","false","1.3371018171310425"
"scatter_off","67796.141300000003","0.0067999999999999996","false","1.3371018171310425"
"scatter_off","67816.281400000007","0.0079000000000000008","false","1.3371018171310425"
"scatter_off","67827.599499999997","0.0067000000000000002","false","1.3371018171310425"
"scatter_off","67847.038","0.0066","false","1.3371018171310425"
"scatter_off","67988.968900000007","0.0068999999999999999","false","1.3371018171310425"
"scatter_off","68007.735400000005","0.0071000000000000004","false","1.3191242218017578"
"scatter_off","68019.418099999995","0.0094000000000000004","false","1.3191242218017578"
"scatter_off","68168.177599999995","0.0068999999999999999","false","1.3191242218017578"
"scatter_off","68208.554900000003","0.0064000000000000003","false","1.3191242218017578"
"scatter_off","68234.685899999997","0.0073000000000000001","false","1.3191242218017578"
"scatter_off","68247.158200000005","0.0063","false","1.3191242218017578"
"scatter_off","68377.849600000001","0.0080999999999999996","false","1.3191242218017578"
"scatter_off","68388.922300000006","0.0074999999999999997","false","1.3191242218017578"
"scatter_off","68512.053400000004","0.0089999999999999993","false","1.3191242218017578"
"scatter_off","68547.505000000005","0.0060000000000000001","false","1.3191242218017578"
"scatter_off","68561.174299999999","0.0063","false","1.3191242218017578"
"scatter_off","68702.393100000001","0.0074999999999999997","false","1.3191242218017578"
"scatter_off","68732.112099999998","0.0077000000000000002","false","1.3191242218017578"
"scatter_off","68838.962400000004","0.0073000000000000001","false","1.3519473075866699"
"scatter_off","68873.392000000007","0.0079000000000000008","false","1.3519473075866699"
"scatter_off","68997.0861","0.0061000000000000004","false","1.3519473075866699"
"scatter_off","69014.658800000005","0.0067999999999999996","false","1.3519473075866699"
"scatter_off","69029.479000000007","0.0063","false","1.3519473075866699"
"scatter_off","69169.282399999996","0.0138","false","1.3519473075866699"
"scatter_off","69201.073399999994","0.010200000000000001","false","1.3519473075866699"
"scatter_off","69225.284899999999","0.0149","false","1.3519473075866699"
"scatter_off","69261.919599999994","0.0088000000000000005","false","1.3519473075866699"
"scatter_off","69385.638300000006","0.0080000000000000002","false","1.3519473075866699"
"scatter_off","69394.481799999994","0.0063","false","1.3519473075866699"
"scatter_off","69499.638000000006","0.0060000000000000001","false","1.3519473075866699"
"scatter_off","69556.952799999999","0.0057999999999999996","false","1.3029597997665405"
"scatter_off","69566.313299999994","0.042900000000000001","false","1.3029597997665405"
"scatter_off","69578.149900000004","0.0063","false","1.3029597997665405"
"scatter_off","69728.221000000005","0.0057000000000000002","false","1.3029597997665405"
"scatter_off","69737.152000000002","0.0063","false","1.3029597997665405"
"scatter_off","69746.300300000003","0.0057000000000000002","false","1.3029597997665405"
"scatter_off","70023.3223","0.0061000000000000004","false","1.3029597997665405"
"scatter_off","70032.412200000006","0.0068999999999999999","false","1.3029597997665405"
"scatter_off","70179.604800000001","0.0064999999999999997","false","1.3029597997665405"
"scatter_off","70194.297699999996","0.0083000000000000001","false","1.3029597997665405"
"scatter_off","70235.553400000004","0.0085000000000000006","false","1.3029597997665405"
"scatter_off","70255.229699999996","0.0061000000000000004","false","1.3029597997665405"
"scatter_off","70537.947","0.0068999999999999999","false","1.3223556280136108"
"scatter_off","70549.230800000005","0.0064999999999999997","false","1.3223556280136108"
"scatter_off","70558.638900000005","0.0057999999999999996","false","1.3223556280136108"
"scatter_off","70679.383300000001","0.0064999999999999997","false","1.3223556280136108"
"scatter_off","70688.720400000006","0.0083999999999999995","false","1.3223556280136108"
"scatter_off","70835.008100000006","0.0064000000000000003","false","1.3223556280136108"
"scatter_off","70992.955600000001","0.0071999999999999998","false","1.3223556280136108"
"scatter_off","71004.344599999997","0.0077000000000000002","false","1.3223556280136108"
"scatter_off","71199.564499999993","0.0063","false","1.3318047523498535"
"scatter_off","71317.827000000005","0.0074999999999999997","false","1.3318047523498535"
"scatter_off","71329.048899999994","0.0060000000000000001","false","1.3318047523498535"
"scatter_off","71475.164099999995","0.0055999999999999999","false","1.3318047523498535"
"scatter_off","71505.532999999996","0.0067000000000000002","false","1.3318047523498535"
"scatter_off","71631.032999999996","0.0063","false","1.3318047523498535"
"scatter_off","71756.997000000003","0.0066","false","1.3318047523498535"
"scatter_off","71764.628700000001","0.0066","false","1.331040620803833"
"scatter_off","71943.542799999996","0.0067000000000000002","false","1.331040620803833"
"scatter_off","71955.695900000006","0.0074999999999999997","false","1.331040620803833"
"scatter_off","72079.094400000002","0.0071999999999999998","false","1.331040620803833"
"scatter_off","72100.223800000007","0.0064999999999999997","false","1.331040620803833"
"scatter_off","72111.942500000005","0.0053","false","1.331040620803833"
"scatter_off","72120.1535","0.0045999999999999999","false","1.331040620803833"
"scatter_off","72435.8079","0.0109","false","1.331040620803833"
"scatter_off","72458.844800000006","0.0077999999999999996","false","1.331040620803833"
"scatter_off","72471.450200000007","0.013899999999999999","false","1.331040620803833"
"scatter_off","72481.998399999997","0.0067999999999999996","false","1.331040620803833"
"scatter_off","72503.399799999999","0.0066","false","1.331040620803833"
"scatter_off","72528.505799999999","0.0061000000000000004","false","1.339333176612854"
"scatter_off","72624.887100000007","0.0070000000000000001","false","1.339333176612854"
"scatter_off","72643.657399999996","0.0053","false","1.339333176612854"
"scatter_off","72652.509399999995","0.0066","false","1.339333176612854"
"scatter_off","72774.971399999995","0.0057000000000000002","false","1.339333176612854"
"scatter_off","72935.309399999998","0.0104","false","1.339333176612854"
"scatter_off","72966.611099999995","0.0057000000000000002","false","1.339333176612854"
"scatter_off","73090.292499999996","0.019099999999999999","false","1.339333176612854"
"scatter_off","73107.695699999997","0.0077000000000000002","false","1.339333176612854"
"scatter_off","73122.388300000006","0.0067000000000000002","false","1.339333176612854"
"scatter_off","73136.746899999998","0.0076","false","1.339333176612854"
"scatter_off","73164.814599999998","0.0070000000000000001","false","1.339333176612854"
"scatter_off","73246.476299999995","0.0080000000000000002","false","1.339333176612854"
"scatter_off","73296.595700000005","0.0074000000000000003","false","1.3478798866271973"
"scatter_off","73310.662400000001","0.0073000000000000001","false","1.3478798866271973"
"scatter_off","73592.464500000002","0.0074999999999999997","false","1.3478798866271973"
"scatter_off","73608.0193","0.0079000000000000008","false","1.3478798866271973"
"scatter_off","73622.215400000001","0.0070000000000000001","false","1.3478798866271973"
"scatter_off","73743.424599999998","0.0074000000000000003","false","1.3478798866271973"
"scatter_off","73762.850399999996","0.0055999999999999999","false","1.3478798866271973"
"scatter_off","73778.321899999995","0.0064999999999999997","false","1.3478798866271973"
"scatter_off","73793.666599999997","0.0057999999999999996","false","1.3478798866271973"
"scatter_off","73921.934800000003","0.0058999999999999999","false","1.3478798866271973"
"scatter_off","74012.369600000005","0.0061999999999999998","false","1.3478798866271973"
"scatter_off","74054.385899999994","0.0118","false","1.3062232732772827"
"scatter_off","74059.1106","0.0057999999999999996","false","1.3062232732772827"
"scatter_off","74096.440499999997","0.0071000000000000004","false","1.3062232732772827"
"scatter_off","74105.490099999995","0.0074999999999999997","false","1.3062232732772827"
"scatter_off","74134.592699999994","0.0064000000000000003","false","1.3062232732772827"
"scatter_off","74263.745899999994","0.0077000000000000002","false","1.3062232732772827"
"scatter_off","74279.540500000003","0.0067000000000000002","false","1.3062232732772827"
"scatter_off","74398.130799999999","0.012200000000000001","false","1.3062232732772827"
"scatter_off","74402.843399999998","0.0047999999999999996","false","1.3062232732772827"
"scatter_off","74438.455300000001","0.0076","false","1.3062232732772827"
"scatter_off","74770.336299999995","0.0071000000000000004","false","1.3062232732772827"
"scatter_off","74886.679699999993","0.0071000000000000004","false","1.3181908130645752"
"scatter_off","74894.807799999995","0.0061999999999999998","false","1.3181908130645752"
"scatter_off","74903.648300000001","0.0094000000000000004","false","1.3181908130645752"
"scatter_off","75045.573699999994","0.0064000000000000003","false","1.3181908130645752"
"scatter_off","75054.562399999995","0.0067000000000000002","false","1.3181908130645752"
"scatter_off","75063.478400000007","0.0058999999999999999","false","1.3181908130645752"
"scatter_off","75103.579500000007","0.0083000000000000001","false","1.3181908130645752"
"scatter_off","75214.828899999993","0.0053","false","1.3181908130645752"
"scatter_off","75227.580000000002","0.0057000000000000002","false","1.3181908130645752"
"scatter_off","75236.529699999999","0.0086999999999999994","false","1.3181908130645752"
"scatter_off","75251.371199999994","0.0085000000000000006","false","1.3181908130645752"
"scatter_off","75367.853499999997","0.0057999999999999996","false","1.3181908130645752"
"scatter_off","75437.002200000003","0.0067000000000000002","false","1.3181908130645752"
"scatter_off","75516.451199999996","0.0074000000000000003","false","1.3181908130645752"
"scatter_off","75576.298899999994","0.0066","false","1.3389990329742432"
"scatter_off","75695.763000000006","0.0086999999999999994","false","1.3389990329742432"
"scatter_off","75731.388800000001","0.0061000000000000004","false","1.3389990329742432"
"scatter_off","75748.912500000006","0.0057999999999999996","false","1.3389990329742432"
"scatter_off","75777.688999999998","0.0070000000000000001","false","1.3389990329742432"
"scatter_off","75873.068899999998","0.0066","false","1.3389990329742432"
"scatter_off","75887.999100000001","0.0064000000000000003","false","1.3389990329742432"
"scatter_off","76025.5147","0.011599999999999999","false","1.3389990329742432"
"scatter_off","76109.765299999999","0.0077000000000000002","false","1.3389990329742432"
"scatter_off","76137.746400000004","0.0074000000000000003","false","1.3389990329742432"
"scatter_off","76264.286699999997","0.0061999999999999998","false","1.3389990329742432"
"scatter_off","76296.229900000006","0.0080999999999999996","false","1.3393595218658447"
"scatter_off","76314.050700000007","0.0068999999999999999","false","1.3393595218658447"
"scatter_off","76470.3514","0.0067000000000000002","false","1.3393595218658447"
"scatter_off","76483.589200000002","0.0071999999999999998","false","1.3393595218658447"
"scatter_off","76612.217300000004","0.0077000000000000002","false","1.3393595218658447"
"scatter_off","76627.581600000005","0.0058999999999999999","false","1.3393595218658447"
"scatter_off","76782.287899999996","0.0071000000000000004","false","1.3393595218658447"
"scatter_off","76937.822700000004","0.0061000000000000004","false","1.3393595218658447"
"scatter_off","76951.525500000003","0.0071000000000000004","false","1.3393595218658447"
"scatter_off","77018.479900000006","0.0057999999999999996","false","1.3393595218658447"
"scatter_off","77046.560100000002","0.0068999999999999999","true","1.3130879402160645"
"scatter_off","77066.201300000001","0.0071000000000000004","false","47.892948150634766"
"scatter_off","77205.072499999995","0.0077000000000000002","false","46.718055725097656"
"scatter_off","77225.526700000002","0.0064000000000000003","false","46.718055725097656"
"scatter_off","77233.934299999994","0.0055999999999999999","false","46.718055725097656"
"scatter_off","77369.240099999995","0.0068999999999999999","false","46.718055725097656"
"scatter_off","77379.731100000005","0.0064000000000000003","false","46.718055725097656"
"scatter_off","77389.616999999998","0.0088999999999999999","false","46.718055725097656"
"scatter_off","77526.897299999997","0.0088000000000000005","false","46.718055725097656"
"scatter_off","77702.624899999995","0.0063","false","46.718055725097656"
"scatter_off","77719.095400000006","0.0082000000000000007","false","46.718055725097656"
"scatter_off","77765.303700000004","0.0057000000000000002","false","46.718055725097656"
"scatter_off","77890.168600000005","0.0064000000000000003","false","1.4346957206726074"
"scatter_off","77906.473400000003","0.0071000000000000004","false","1.4346957206726074"
"scatter_off","78035.119900000005","0.0085000000000000006","false","1.4346957206726074"
"scatter_off","78049.526400000002","0.0071999999999999998","false","1.4346957206726074"
"scatter_off","78187.963900000002","0.0091000000000000004","false","1.4346957206726074"
"scatter_off","78223.312600000005","0.0064000000000000003","false","1.4346957206726074"
"scatter_off","78235.363100000002","0.014500000000000001","false","1.4346957206726074"
"scatter_off","78253.312000000005","0.0080999999999999996","false","1.4346957206726074"
"scatter_off","78394.746299999999","0.0071000000000000004","false","1.4346957206726074"
"scatter_off","78409.146399999998","0.0063","false","1.4346957206726074"
"scatter_off","78422.115300000005","0.0076","false","1.4346957206726074"
"scatter_off","78516.131099999999","0.0054999999999999997","false","1.4346957206726074"
"scatter_off","78574.594400000002","0.0112","false","1.331580638885498"
"scatter_off","78595.367700000003","0.0067999999999999996","false","1.331580638885498"
"scatter_off","78607.298800000004","0.0067999999999999996","false","1.331580638885498"
"scatter_off","78625.653600000005","0.0067999999999999996","false","1.331580638885498"
"scatter_off","78653.168399999995","0.0071999999999999998","false","1.331580638885498"
"scatter_off","78899.754300000001","0.0058999999999999999","false","1.331580638885498"
"scatter_off","78919.810700000002","0.0067999999999999996","false","1.331580638885498"
"scatter_off","78938.190799999997","0.0060000000000000001","false","1.331580638885498"
"scatter_off","78950.532500000001","0.0070000000000000001","false","1.331580638885498"
"scatter_off","78980.061100000006","0.0077999999999999996","false","1.331580638885498"
"scatter_off","79094.7019","0.0077999999999999996","false","1.331580638885498"
"scatter_off","79105.704700000002","0.019800000000000002","false","1.331580638885498"
"scatter_off","79120.410699999993","0.0077999999999999996","false","1.331580638885498"
"scatter_off","79268.268899999995","0.012200000000000001","false","1.331580638885498"
"scatter_off","79288.949299999993","0.0071999999999999998","false","1.3287544250488281"
"scatter_off","79326.361699999994","0.0063","false","1.3287544250488281"
"scatter_off","79448.0141","0.0064000000000000003","false","1.3287544250488281"
"scatter_off","79587.296300000002","0.0080000000000000002","false","1.3287544250488281"
"scatter_off","79611.538100000005","0.0074999999999999997","false","1.3287544250488281"
"scatter_off","79621.756599999993","0.0070000000000000001","false","1.3287544250488281"
"scatter_off","79636.368799999997","0.0070000000000000001","false","1.3287544250488281"
"scatter_off","79666.231599999999","0.0064999999999999997","false","1.3287544250488281"
"scatter_off","79766.7022","0.0058999999999999999","false","1.3287544250488281"
"scatter_off","79779.219899999996","0.0066","false","1.3287544250488281"
"scatter_off","79937.849300000002","0.0074999999999999997","false","1.3287544250488281"
"scatter_off","79951.609800000006","0.0073000000000000001","false","1.3287544250488281"
"scatter_off","80017.044699999999","0.0053","false","1.3287544250488281"
"scatter_off","80280.115000000005","0.0060000000000000001","false","1.3364349603652954"
"scatter_off","80323.053","0.0063","false","1.3364349603652954"
"scatter_off","80419.188299999994","0.0064999999999999997","false","1.3364349603652954"
"scatter_off","80440.020099999994","0.015299999999999999","false","1.3364349603652954"
"scatter_off","80450.978300000002","0.0073000000000000001","false","1.3364349603652954"
"scatter_off","80573.211800000005","0.010699999999999999","false","1.3364349603652954"
"scatter_off","80587.140799999994","0.0071000000000000004","false","1.3364349603652954"
"scatter_off","80607.613800000006","0.011900000000000001","false","1.3364349603652954"
"scatter_off","80622.147899999996","0.0061999999999999998","false","1.3364349603652954"
"scatter_off","80638.507899999997","0.0071000000000000004","false","1.3364349603652954"
"scatter_off","80669.837700000004","0.0086999999999999994","false","1.3364349603652954"
"scatter_off","80765.588399999993","0.0066","false","1.3364349603652954"
"scatter_off","80782.349600000001","0.0067999999999999996","false","1.3325165510177612"
"scatter_off","80914.381099999999","0.0067000000000000002","false","1.3325165510177612"
"scatter_off","80936.456900000005","0.0066","false","1.3325165510177612"
"scatter_off","81075.479300000006","0.0066","false","1.3325165510177612"
"scatter_off","81095.546799999996","0.0071999999999999998","false","1.3325165510177612"
"scatter_off","81107.978600000002","0.0055999999999999999","false","1.3325165510177612"
"scatter_off","81260.145900000003","0.0104","false","1.3325165510177612"
"scatter_off","81281.905599999998","0.0076","false","1.3325165510177612"
"scatter_off","81531.066099999996","0.0063","false","1.3325165510177612"
"scatter_off","81601.105200000005","0.0051000000000000004","false","1.3097268342971802"
"scatter_off","81615.665500000003","0.0070000000000000001","false","1.3097268342971802"
"scatter_off","81631.4427","0.0067999999999999996","false","1.3097268342971802"
"scatter_off","81756.9329","0.0064999999999999997","false","1.3097268342971802"
"scatter_off","81913.486600000004","0.0071000000000000004","false","1.3097268342971802"
"scatter_off","81927.834900000002","0.0061999999999999998","false","1.3097268342971802"
"scatter_off","81945.697700000004","0.0060000000000000001","false","1.3097268342971802"
"scatter_off","82083.923800000004","0.019099999999999999","false","1.3097268342971802"
"scatter_off","82100.297300000006","0.0076","false","1.3097268342971802"
"scatter_off","82273.835200000001","0.0076","false","1.3097268342971802"
"scatter_off","82287.320999999996","0.0064999999999999997","false","1.3421690464019775"
"scatter_off","82304.605599999995","0.0067999999999999996","false","1.3421690464019775"
"scatter_off","82565.552500000005","0.0063","false","1.3421690464019775"
"scatter_off","82600.846999999994","0.0061000000000000004","false","1.3421690464019775"
"scatter_off","82628.627299999993","0.0058999999999999999","false","1.3421690464019775"
"scatter_off","82639.361000000004","0.01","false","1.3421690464019775"
"scatter_off","82741.6296","0.0086999999999999994","false","1.3421690464019775"
"scatter_off","82757.261100000003","0.0064000000000000003","false","1.3421690464019775"
"scatter_off","82878.139599999995","0.0064000000000000003","false","1.3421690464019775"
"scatter_off","82896.388699999996","0.0060000000000000001","false","1.3421690464019775"
"scatter_off","82912.965299999996","0.0074999999999999997","false","1.3421690464019775"
"scatter_off","82927.057199999996","0.0060000000000000001","false","1.3421690464019775"
"scatter_off","82959.065199999997","0.0086","false","1.3421690464019775"
"scatter_off","83020.834700000007","0.0071000000000000004","false","1.3421690464019775"
"scatter_off","83251.017699999997","0.0068999999999999999","false","1.3424848318099976"
"scatter_off","83270.871299999999","0.0074999999999999997","false","1.3424848318099976"
"scatter_off","83286.259999999995","0.0068999999999999999","false","1.3424848318099976"
"scatter_off","83428.962","0.0068999999999999999","false","1.3424848318099976"
"scatter_off","83442.023000000001","0.0073000000000000001","false","1.3424848318099976"
"scatter_off","83582.208700000003","0.0080000000000000002","false","1.3424848318099976"
"scatter_off","83598.061199999996","0.0086","false","1.3424848318099976"
"scatter_off","83738.221099999995","0.0068999999999999999","false","1.3424848318099976"
"scatter_off","83752.334000000003","0.0064000000000000003","false","1.3424848318099976"
"scatter_off","83767.709000000003","0.0064000000000000003","false","1.3424848318099976"
"scatter_off","83889.445500000002","0.0070000000000000001","false","1.3386472463607788"
"scatter_off","83907.773100000006","0.0060000000000000001","false","1.3386472463607788"
"scatter_off","83922.276400000002","0.0067999999999999996","false","1.3386472463607788"
"scatter_off","84050.501900000003","0.0064999999999999997","false","1.3386472463607788"
"scatter_off","84063.591899999999","0.0063","false","1.3386472463607788"
"scatter_off","84078.803599999999","0.0071999999999999998","false","1.3386472463607788"
"scatter_off","84521.577000000005","0.0066","false","1.3386472463607788"
"scatter_off","84551.559299999994","0.0061000000000000004","false","1.3269931077957153"
"scatter_off","84563.245500000005","0.0061999999999999998","false","1.3269931077957153"
"scatter_off","84688.426300000006","0.0086","false","1.3269931077957153"
"scatter_off","84702.977499999994","0.0063","false","1.3269931077957153"
"scatter_off","84824.9761","0.0071000000000000004","false","1.3269931077957153"
"scatter_off","84848.373399999997","0.0068999999999999999","false","1.3269931077957153"
"scatter_off","85000.321500000005","0.0092999999999999992","false","1.3269931077957153"
"scatter_off","85015.336299999995","0.0067000000000000002","false","1.3269931077957153"
"scatter_off","85155.042799999996","0.0076","false","1.3269931077957153"
"scatter_off","85172.737299999993","0.0068999999999999999","false","1.3269931077957153"
"scatter_off","85190.0769","0.0071000000000000004","false","1.3269931077957153"
"scatter_off","85209.146099999998","0.0071000000000000004","false","1.3269931077957153"
"scatter_off","85266.3364","0.0067999999999999996","false","1.3269931077957153"
"scatter_off","85361.103000000003","0.0064999999999999997","false","1.3427566289901733"
"scatter_off","85379.2356","0.0097000000000000003","false","1.3427566289901733"
"scatter_off","85534.727100000004","0.0067999999999999996","false","1.3427566289901733"
"scatter_off","85551.758100000006","0.0068999999999999999","false","1.3427566289901733"
"scatter_off","85689.081300000005","0.0074000000000000003","false","1.3427566289901733"
"scatter_off","85704.017600000006","0.0063","false","1.3427566289901733"
"scatter_off","85825.119200000001","0.0088000000000000005","false","1.3427566289901733"
"scatter_off","85845.784299999999","0.0061000000000000004","false","1.3427566289901733"
"scatter_off","85859.609200000006","0.0071000000000000004","false","1.3427566289901733"
"scatter_off","85876.493100000007","0.0061999999999999998","false","1.3427566289901733"
"scatter_off","86002.512700000007","0.0066","false","1.3427566289901733"
"scatter_off","86017.953299999994","0.0067999999999999996","false","1.3427566289901733"
"scatter_off","86031.888800000001","0.0067000000000000002","false","1.3268117904663086"
"scatter_off","86169.039799999999","0.013599999999999999","false","1.3268117904663086"
"scatter_off","86225.912200000006","0.0094999999999999998","false","1.3268117904663086"
"scatter_off","86362.7264","0.0086","false","1.3268117904663086"
"scatter_off","86376.611699999994","0.0074999999999999997","false","1.3268117904663086"
"scatter_off","86496.746799999994","0.0074000000000000003","false","1.3268117904663086"
"scatter_off","86515.871899999998","0.0074000000000000003","false","1.3268117904663086"
"scatter_off","86532.383700000006","0.0077999999999999996","false","1.3268117904663086"
"scatter_off","86548.357099999994","0.0071999999999999998","false","1.3268117904663086"
"scatter_off","86671.558600000004","0.0064999999999999997","false","1.3268117904663086"
"scatter_off","86691.304300000003","0.0079000000000000008","false","1.3268117904663086"
"scatter_off","86702.045100000003","0.0104","false","1.3268117904663086"
"scatter_off","86767.264500000005","0.0080999999999999996","false","1.3268117904663086"
"scatter_off","86840.963099999994","0.016199999999999999","false","1.3377565145492554"
"scatter_off","86858.550399999993","0.0091999999999999998","false","1.3377565145492554"
"scatter_off","87000.220799999996","0.0067999999999999996","false","1.3377565145492554"
"scatter_off","87017.855100000001","0.0083999999999999995","false","1.3377565145492554"
"scatter_off","87033.432400000005","0.0058999999999999999","false","1.3377565145492554"
"scatter_off","87189.607000000004","0.0082000000000000007","false","1.3377565145492554"
"scatter_off","87207.606700000004","0.0070000000000000001","false","1.3377565145492554"
"scatter_off","87347.313099999999","0.0074000000000000003","false","1.3377565145492554"
"scatter_off","87360.381299999994","0.0073000000000000001","false","1.3377565145492554"
"scatter_off","87522.128500000006","0.0071999999999999998","false","1.3377565145492554"
"scatter_off","87535.475300000006","0.0101","false","1.3200758695602417"
"scatter_off","87658.9424","0.0064999999999999997","false","1.3200758695602417"
"scatter_off","87673.902199999997","0.0058999999999999999","false","1.3200758695602417"
"scatter_off","87797.691699999996","0.0061000000000000004","false","1.3200758695602417"
"scatter_off","87816.072899999999","0.0071000000000000004","false","1.3200758695602417"
"scatter_off","87831.230899999995","0.0064999999999999997","false","1.3200758695602417"
"scatter_off","87847.223100000003","0.0067000000000000002","false","1.3200758695602417"
"scatter_off","87859.441900000005","0.0076","false","1.3200758695602417"
"scatter_off","87985.933399999994","0.0070000000000000001","false","1.3200758695602417"
"scatter_off","88002.4326","0.0082000000000000007","false","1.3200758695602417"
"scatter_off","88160.490300000005","0.0054000000000000003","false","1.3200758695602417"
"scatter_off","88173.162100000001","0.0064000000000000003","false","1.3200758695602417"
"scatter_off","88271.441500000001","0.0060000000000000001","false","1.3200758695602417"
"scatter_off","88362.073900000003","0.0070000000000000001","false","1.3384599685668945"
"scatter_off","88496.215700000001","0.0064999999999999997","false","1.3384599685668945"
"scatter_off","88514.898100000006","0.0063","false","1.3384599685668945"
"scatter_off","88532.205799999996","0.0070000000000000001","false","1.3384599685668945"
"scatter_off","88657.401500000007","0.0064999999999999997","false","1.3384599685668945"
"scatter_off","88669.458799999993","0.0080999999999999996","false","1.3384599685668945"
"scatter_off","88686.531499999997","0.0067999999999999996","false","1.3384599685668945"
"scatter_off","88808.5821","0.0073000000000000001","false","1.3384599685668945"
"scatter_off","88967.077799999999","0.0076","false","1.3384599685668945"
"scatter_off","88983.150500000003","0.0068999999999999999","false","1.3384599685668945"
"scatter_off","89015.938500000004","0.0066","false","1.3384599685668945"
"scatter_off","89120.890899999999","0.0112","false","1.3443025350570679"
"scatter_off","89139.464699999997","0.0092999999999999992","false","1.3443025350570679"
"scatter_off","89153.540099999998","0.0067000000000000002","false","1.3443025350570679"
"scatter_off","89169.918799999999","0.0088000000000000005","false","1.3443025350570679"
"scatter_off","89200.522500000006","0.0064999999999999997","false","1.3443025350570679"
"scatter_off","89220.578200000004","0.0057000000000000002","false","1.3443025350570679"
"scatter_off","89313.021699999998","0.0064000000000000003","false","1.3443025350570679"
"scatter_off","89326.767999999996","0.0060000000000000001","false","1.3443025350570679"
"scatter_off","89343.770900000003","0.0066","false","1.3443025350570679"
"scatter_off","89465.388800000001","0.0083000000000000001","false","1.3443025350570679"
"scatter_off","89513.326700000005","0.0067999999999999996","false","1.3443025350570679"
"scatter_off","89642.859200000006","0.0071000000000000004","false","1.3443025350570679"
"scatter_off","89654.315400000007","0.0057999999999999996","false","1.3443025350570679"
"scatter_off","89765.910900000003","0.0057999999999999996","false","1.3443025350570679"
"scatter_off","89794.462899999999","0.0058999999999999999","false","1.3333606719970703"
"scatter_off","89813.592199999999","0.0068999999999999999","false","1.3333606719970703"
"scatter_off","89825.164000000004","0.0053","false","1.3333606719970703"
"scatter_off","89843.037899999996","0.0076","false","1.3333606719970703"
"scatter_off","89956.168000000005","0.0071000000000000004","false","1.3333606719970703"
"scatter_off","89968.126300000004","0.0060000000000000001","false","1.3333606719970703"
"scatter_off","89982.058499999999","0.0064999999999999997","false","1.3333606719970703"
"scatter_off","90134.420299999998","0.0080000000000000002","false","1.3333606719970703"
"scatter_off","90168.645999999993","0.0088000000000000005","false","1.3333606719970703"
"scatter_off","90326.263800000001","0.0071000000000000004","false","1.3333606719970703"
"scatter_off","90339.925099999993","0.0064999999999999997","false","1.3333606719970703"
"scatter_off","90355.284199999995","0.0077999999999999996","false","1.3333606719970703"
"scatter_off","90479.288799999995","0.0074999999999999997","false","1.3333606719970703"
"scatter_off","90502.645300000004","0.0063","false","1.3333606719970703"
"scatter_off","90515.6446","0.0067999999999999996","false","1.3333606719970703"
"scatter_off","90529.174100000004","0.0067000000000000002","false","1.3306163549423218"
"scatter_off","90545.883499999996","0.0086999999999999994","false","1.3306163549423218"
"scatter_off","90806.832200000004","0.0067999999999999996","false","1.3306163549423218"
"scatter_off","90824.315199999997","0.0070000000000000001","false","1.3306163549423218"
"scatter_off","90841.206600000005","0.0057999999999999996","false","1.3306163549423218"
"scatter_off","90855.307000000001","0.0064999999999999997","false","1.3306163549423218"
"scatter_off","90968.058999999994","0.0073000000000000001","false","1.3306163549423218"
"scatter_off","90981.470100000006","0.0061999999999999998","false","1.3306163549423218"
"scatter_off","90999.303799999994","0.0073000000000000001","false","1.3306163549423218"
"scatter_off","91134.164999999994","0.0097999999999999997","false","1.3306163549423218"
"scatter_off","91153.763099999996","0.0074999999999999997","false","1.3306163549423218"
"scatter_off","91168.922099999996","0.011599999999999999","false","1.3306163549423218"
"scatter_off","91185.173200000005","0.0083999999999999995","false","1.3306163549423218"
"scatter_off","91280.662899999996","0.0076","false","1.3306163549423218"
"scatter_off","91354.914099999995","0.010200000000000001","false","1.3101775646209717"
"scatter_off","91509.795899999997","0.0067000000000000002","false","1.3101775646209717"
"scatter_off","91524.904899999994","0.0071000000000000004","false","1.3101775646209717"
"scatter_off","91545.236799999999","0.0074000000000000003","false","1.3101775646209717"
"scatter_off","91682.724799999996","0.0083999999999999995","false","1.3101775646209717"
"scatter_off","91805.761700000003","0.0064000000000000003","false","1.3101775646209717"
"scatter_off","91843.268400000001","0.0061999999999999998","false","1.3101775646209717"
"scatter_off","91853.665800000002","0.0060000000000000001","false","1.3101775646209717"
"scatter_off","91967.226800000004","0.0061000000000000004","false","1.3101775646209717"
"scatter_off","92031.119600000005","0.0063","false","1.3101775646209717"
"scatter_off","92152.429300000003","0.0058999999999999999","false","1.3271396160125732"
"scatter_off","92166.692599999995","0.0082000000000000007","false","1.3271396160125732"
"scatter_off","92183.479900000006","0.0077999999999999996","false","1.3271396160125732"
"scatter_off","92322.798599999995","0.0058999999999999999","false","1.3271396160125732"
"scatter_off","92336.707599999994","0.0073000000000000001","false","1.3271396160125732"
"scatter_off","92350.434599999993","0.0057999999999999996","false","1.3271396160125732"
"scatter_off","92477.877999999997","0.0061000000000000004","false","1.3271396160125732"
"scatter_off","92511.923200000005","0.0070000000000000001","false","1.3271396160125732"
"scatter_off","92650.9084","0.0086999999999999994","false","1.3271396160125732"
"scatter_off","92779.013500000001","0.0058999999999999999","false","1.3271396160125732"
"scatter_off","92809.834600000002","0.0071999999999999998","false","1.3430579900741577"
"scatter_off","92824.680600000007","0.0074000000000000003","false","1.3430579900741577"
"scatter_off","92950.912599999996","0.0074000000000000003","false","1.3430579900741577"
"scatter_off","92965.311700000006","0.0071999999999999998","false","1.3430579900741577"
"scatter_off","93091.266399999993","0.0083999999999999995","false","1.3430579900741577"
"scatter_off","93110.335099999997","0.0074999999999999997","false","1.3430579900741577"
"scatter_off","93121.670499999993","0.0067000000000000002","false","1.3430579900741577"
"scatter_off","93139.007700000002","0.0076","false","1.3430579900741577"
"scatter_off","93151.612500000003","0.0067000000000000002","false","1.3430579900741577"
"scatter_off","93278.657800000001","0.0060000000000000001","false","1.3430579900741577"
"scatter_off","93294.877200000003","0.0064000000000000003","false","1.3430579900741577"
"scatter_off","93416.976899999994","0.0061000000000000004","false","1.3430579900741577"
"scatter_off","93429.906600000002","0.0121","false","1.3430579900741577"
"scatter_off","93450.858200000002","0.0099000000000000008","false","1.3430579900741577"
"scatter_off","93465.938899999994","0.0057000000000000002","false","1.3430579900741577"
"scatter_off","93531.488800000006","0.0064000000000000003","false","1.3430579900741577"
"scatter_off","93610.860799999995","0.0057999999999999996","false","1.3286912441253662"
"scatter_off","93620.237599999993","0.0055999999999999999","false","1.3286912441253662"
"scatter_off","93744.9476","0.0061999999999999998","false","1.3286912441253662"
"scatter_off","93762.967999999993","0.0061000000000000004","false","1.3286912441253662"
"scatter_off","93777.983399999997","0.0071999999999999998","false","1.3286912441253662"
"scatter_off","93904.112899999993","0.0076","false","1.3286912441253662"
"scatter_off","93918.216400000005","0.0057000000000000002","false","1.3286912441253662"
"scatter_off","94039.690100000007","0.0080999999999999996","false","1.3286912441253662"
"scatter_off","94247.105299999996","0.0064999999999999997","false","1.3286912441253662"
"scatter_off","94281.823499999999","0.0688","false","1.3286912441253662"
"scatter_off","94386.6011","0.0089999999999999993","false","1.3306647539138794"
"scatter_off","94418.825899999996","0.010699999999999999","false","1.3306647539138794"
"scatter_off","94462.931599999996","0.0080999999999999996","false","1.3306647539138794"
"scatter_off","94560.7742","0.0064999999999999997","false","1.3306647539138794"
"scatter_off","94577.697700000004","0.0083000000000000001","false","1.3306647539138794"
"scatter_off","94593.085000000006","0.0103","false","1.3306647539138794"
"scatter_off","94811.275500000003","0.0070000000000000001","false","1.3306647539138794"
"scatter_off","94918.890299999999","0.0073000000000000001","false","1.3306647539138794"
"scatter_off","94934.532500000001","0.0086999999999999994","false","1.3306647539138794"
"scatter_off","95030.599499999997","0.0054000000000000003","false","1.3306647539138794"
"scatter_off","95074.023000000001","0.0054000000000000003","false","1.337549090385437"
"scatter_off","95096.906099999993","0.0066","false","1.337549090385437"
"scatter_off","95107.588600000003","0.0057000000000000002","false","1.337549090385437"
"scatter_off","95125.652700000006","0.0077000000000000002","false","1.337549090385437"
"scatter_off","95282.860000000001","0.0064999999999999997","false","1.337549090385437"
"scatter_off","95436.025500000003","0.0071999999999999998","false","1.337549090385437"
"scatter_off","95448.320999999996","0.0071000000000000004","true","1.337549090385437"
"scatter_off","95483.430099999998","0.0057999999999999996","false","2.3937921524047852"
"scatter_off","95504.0196","0.0074000000000000003","false","26.112524032592773"
"scatter_off","95658.134300000005","0.0064999999999999997","false","26.112524032592773"
"scatter_off","95670.931400000001","0.0071999999999999998","false","26.112524032592773"
"scatter_off","95783.405100000004","0.0066","false","26.112524032592773"
"scatter_off","95813.390199999994","0.015100000000000001","false","3.3585221767425537"
"scatter_off","95853.292100000006","0.0124","false","3.3585221767425537"
"scatter_off","95867.292300000001","0.0167","false","3.3585221767425537"
"scatter_off","95881.7503","0.0099000000000000008","false","3.3585221767425537"
"scatter_off","95899.092900000003","0.0082000000000000007","false","3.3585221767425537"
"scatter_off","96001.909100000004","0.0080000000000000002","false","3.3585221767425537"
"scatter_off","96128.568299999999","0.0076","false","3.3585221767425537"
"scatter_off","96144.319000000003","0.0073000000000000001","false","3.3585221767425537"
"scatter_off","96155.107999999993","0.0077000000000000002","false","3.3585221767425537"
"scatter_off","96342.387900000002","0.0066","false","3.3585221767425537"
"scatter_off","96362.568100000004","0.0071000000000000004","false","3.3585221767425537"
"scatter_off","96373.0524","0.0064000000000000003","false","3.3585221767425537"
"scatter_off","96408.634000000005","0.0135","false","3.3585221767425537"
"scatter_off","96420.246700000003","0.0083999999999999995","false","3.3585221767425537"
